명사|noun|愛好|あいこう|애호, 좋아함|null|null|null|愛好 애호, 좋아함 あいこう|N1
명사|noun|愛想|あいそう|붙임성, 상냥함|null|null|{"note":"あいそ로도 읽음"}|愛想 붙임성, 상냥함(あいそ로도 읽음) あいそう|N1
명사|noun|間柄|あいだがら|관계|null|null|null|間柄 관계 あいだがら|N1
명사|noun|あお向け|あおむけ|위를 향한 상태|null|null|null|あお向け 위를 향한 상태 あおむけ|N1
명사|noun|証|あかし|증거|null|null|null|証 증거 あかし|N1
명사|noun|悪臭|あくしゅう|악취|null|null|null|悪臭 악취 あくしゅう|N1
명사|noun|朝飯前|あさめしまえ|식은 죽 먹기(매우 쉬운 일)|null|null|null|朝飯前 식은 죽 먹기(매우 쉬운 일) あさめしまえ|N1
명사|noun|斡旋|あっせん|알선|null|null|null|斡旋 알선 あっせん|N1
명사|noun|圧倒|あっとう|압도|null|null|null|圧倒 압도 あっとう|N1
명사|noun|圧迫|あっぱく|압박|null|null|null|圧迫 압박 あっぱく|N1
명사|noun|圧力|あつりょく|압력|null|null|null|圧力 압력 あつりょく|N1
명사|noun|後片付け|あとかたづけ|뒷정리|null|null|null|後片付け 뒷정리 あとかたづけ|N1
명사|noun|跡継|あとつぎ|후계자|null|null|null|跡継 후계자 あとつぎ|N1
명사|noun|後回し|あとまわし|뒤로 미룸, 보류|null|null|null|後回し 뒤로 미룸, 보류 あとまわし|N1
명사|noun|油絵|あぶらえ|유화|null|null|null|油絵 유화 あぶらえ|N1
명사|noun|天下り|あまくだ리|낙하산 인사|null|null|null|天下り 낙하산 인사 あまくだり|N1
명사|noun|ありきたり|ありきたり|아주 흔함|null|null|null|ありきたり 아주 흔함 ありきたり|N1
명사|noun|ありのまま|ありのまま|있는 그대로임|null|null|{"year":"2011"}|ありのまま 2011 있는 그대로임|N1
명사|noun|暗算|あんざん|암산|null|null|null|暗算 암산 あんざん|N1
명사|noun|暗示|あんじ|암시|null|null|null|暗示 암시 あんじ|N1
명사|noun|安静|안세이|안정|null|null|{"year":"2015"}|安静 2015 안정 あんせい|N1
명사|noun|安堵|あんど|안도, 안심|null|null|{"year":"2016"}|安堵 2016 안도, 안심 あんど|N1
명사|noun|言い分|いいぶん|할말, 주장하고 싶은 말|null|null|null|言い分 할말, 주장하고 싶은 말 いいぶん|N1
명사|noun|遺憾|いかん|유감|null|null|null|遺憾 유감 いかん|N1
명사|noun|異議|いぎ|이의, 다른 의견|null|null|null|異議 이의, 다른 의견 いぎ|N1
명사|noun|生甲斐|いきがい|살의 보람|null|null|null|生甲斐 살의 보람 いきがい|N1
명사|noun|憤り|いきどおり|분노|null|null|{"year":"2013"}|憤り 2013 분노 いきどおり|N1
명사|noun|偉業|いぎょう|위업|null|null|null|偉業 위업 いぎょう|N1
명사|noun|意기地|いくじ|패기, 의지|null|null|null|意気地 패기, 의지 いくじ|N1
명사|noun|憩い|いこい|휴식|null|null|{"year":"2013"}|憩い 2013 휴식 いこい|N1
명사|noun|意向|いこう|의향|null|null|null|意向 의향 いこう|N1
명사|noun|居心地|いごこち|안락함, 기분|null|null|null|居心地 (어떤 장소나 지위에 있을 때의) 느낌, 기분 いごこち|N1
명사|noun|意地|いじ|고집, 오기|null|null|{"year":"2010"}|意地 2010 고집, 오기 いじ|N1
명사|noun|衣装|いしょう|의상|null|null|null|衣装 의상 いしょう|N1
명사|noun|異色|いしょく|이색, 매우 특이함|null|null|{"year":"2014"}|異色 2014 이색, 매우 특이함 いしょく|N1
명사|noun|遺跡|いせき|유적|null|null|null|遺跡 유적 いせき|N1
명사|noun|依存|いぞん|의존|null|null|{"note":"いそん으로도 읽음"}|依存 의존(いそん으로도 읽음) いぞん|N1
명사|noun|委託|いたく|위탁|null|null|null|委託 위탁 いたく|N1
명사|noun|頂|いただき|꼭대기, 정상|null|null|null|頂 꼭대기, 정상 いただき|N1
명사|noun|一丸|いちがん|한 덩어리, 하나|null|null|null|一丸 한 덩어리, 하나 いちがん|N1
명사|noun|一任|いちにん|일임|null|null|{"year":"2013"}|一任 2013 일임 いちにん|N1
명사|noun|一律|いちりつ|일률|null|null|{"year":"2014"}|一律 2014 일률 いちりつ|N1
명사|noun|一括|いっかつ|일괄|null|null|null|一括 일괄 いっかつ|N1
명사|noun|一刻|いっこく|일각, 짧은 시간|null|null|null|一刻 일각, 짧은 시간 いっこく|N1
명사|noun|逸材|いつざい|일재, 인재|null|null|{"year":"2011"}|逸材 2011 일재, 인재 いつざい|N1
명사|noun|意図|いと|의도|null|null|null|意図 의도 いと|N1
명사|noun|異動|いどう|이동 (인사 이동 등)|null|null|null|異動 이동(人事異動 인사 이동) いどう|N1
명사|noun|糸口|いとぐち|실마리, 단서|null|null|{"year":"2015"}|糸口 2015 실마리, 단서 いとぐち|N1
명사|noun|いやみ|いやみ|불쾌감, 비아냥|null|null|{"year":"2010"}|いやみ 2010 불쾌감, 비아냥|N1
명사|noun|依頼|いらい|의뢰|null|null|null|依頼 의뢰 いらい|N1
명사|noun|威力|いりょく|위력|null|null|null|威力 위력 いりょく|N1
명사|noun|色合い|いろあい|색조, 색상|null|null|null|色合い 색조, 색상 いろあい|N1
명사|noun|違和感|いわかん|위화감|null|null|null|違和感 위화감 いわかん|N1
명사|noun|印鑑|いんかん|인감|null|null|null|印鑑 인감 いんかん|N1
명사|noun|隠居|いんきょ|은거|null|null|null|隠居 은거 いんきょ|N1
명사|noun|引率|いんそつ|인솔|null|null|null|引率 인솔 いんそつ|N1
명사|noun|渦|うず|소용돌이|null|null|null|渦 소용돌이 우즈|N1
명사|noun|内訳|うちわけ|내역, 명세|null|null|{"year":"2016"}|内訳 2016 내역, 명세 うちわけ|N1
명사|noun|器|うつわ|그릇|null|null|null|器 그릇 うつわ|N1
명사|noun|裏づけ|うらづけ|뒷받침, 증거|null|null|{"year":"2013"}|裏づけ 2013 뒷받침, 증거 うらづけ|N1
명사|noun|裏腹|うらはら|정반대|null|null|{"year":"2014"}|裏腹 2014 정반대 うらはら|N1
명사|noun|売れ筋|うれすじ|히트 상품|null|null|null|売れ筋 히트 상품 うれすじ|N1
명사|noun|運搬|うんぱん|운반|null|null|null|運搬 운반 うんぱん|N1
명사|noun|運命|うんめい|운명|null|null|null|運命 운명 うんめい|N1
명사|noun|映像|えいぞう|영상|null|null|null|映像 영상 えいぞ우|N1
명사|noun|英雄|えいゆう|영웅|null|null|null|英雄 영웅 えいゆう|N1
명사|noun|閲覧|えつらん|열람|null|null|{"year":"2011"}|閲覧 2011 열람 えつらん|N1
명사|noun|獲物|えもの|사냥감|null|null|null|獲物 사냥감 えもの|N1
명사|noun|襟|えり|옷깃|null|null|null|襟 옷깃 えり|N1
명사|noun|遠隔|えんかく|원격|null|null|null|遠隔 원격 えんかく|N1
명사|noun|沿岸|えんがん|연안|null|null|null|沿岸 연안 えんがん|N1
명사|noun|演出|えんしゅつ|연출|null|null|null|演出 연출 えんしゅつ|N1
명사|noun|延滞|えんたい|연체|null|null|null|延滞 연체 えんたい|N1
명사|noun|縁談|えんだん|혼담|null|null|null|縁談 혼담 えんだん|N1
명사|noun|生い立ち|おいたち|성장 과정|null|null|null|生い立ち 성장 과정 おいたち|N1
명사|noun|黄金|おうごん|황금|null|null|null|黄金 황금 おうごん|N1
명사|noun|大筋|おおすじ|대략적인 줄거리, 대강|null|null|{"year":"2012"}|大筋 2012 대략적인 줄거리, 대강 おおすじ|N1
명사|noun|公|おおやけ|공공, 사회, 정부|null|null|null|公 공공, 사회, 정부 おおやけ|N1
명사|noun|お世辞|おせじ|아첨|null|null|null|お世辞 아첨 おせじ|N1
명사|noun|お手上げ|おてあげ|포기, 어쩔 도리가 없음|null|null|{"year":"2014"}|お手上げ 2014 포기, 어쩔 도리가 없음 おてあげ|N1
명사|noun|同い年|おないどし|동갑|null|null|null|同い年 동갑 おないどし|N1
명사|noun|思惑|おもわく|생각, 의도|null|null|null|思惑 생각, 의도 おもわく|N1
명사|noun|折り返し|おりかえし|즉시, 바로|null|null|null|折り返し 즉시, 바로 おりかえし|N1
명사|noun|俺|おれ|나|null|null|null|俺 나 おれ|N1
명사|noun|卸売り|おろしうり|도매|null|null|null|卸売り 도매 おろしう리|N1
명사|noun|改革|かいかく|개혁|null|null|{"year":"2012"}|改革 2012 개혁 かいかく|N1
명사|noun|外観|がいかん|외관, 겉보기|null|null|null|外観 외관, 겉보기 がいかん|N1
명사|noun|階級|かいきゅう|계급|null|null|null|階級 계급 かいきゅう|N1
명사|noun|解雇|かいこ|해고|null|null|null|解雇 해고 かいこ|N1
명사|noun|介護|かいご|간호, 간병|null|null|{"year":"2018"}|介護 2018 간호, 간병 かいご|N1
명사|noun|改修|かいしゅう|개수, 수리|null|null|null|改修 개수, 수리 かいしゅう|N1
명사|noun|怪獣|かいじゅう|괴수|null|null|null|怪獣 괴수 かいじゅう|N1
명사|noun|解除|かいじょ|해제|null|null|{"year":"2018"}|解除 2018 해제 かいじょ|N1
명사|noun|会心|かいしん|회심, 만족스러움|null|null|{"year":"2011"}|会心 2011 회심, 만족스러움 かいしん|N1
명사|noun|概説|がいせつ|개설|null|null|null|概説 개설 がいせつ|N1
명사|noun|回想|かいそう|회상|null|null|{"year":"2014"}|回想 2014 회상 かいそう|N1
명사|noun|階層|かいそう|계층|null|null|null|階層 계층 かいそう|N1
명사|noun|開拓|かいたく|개척|null|null|{"year":"2017"}|開拓 2017 개척 かいたく|N1
명사|noun|怪談|かいだん|괴담|null|null|null|怪談 괴담 かいだん|N1
명사|noun|害虫|がいちゅう|해충|null|null|null|害虫 해충 がいちゅう|N1
명사|noun|改定|かいてい|개정(기존의 규칙 등을 다시 정하는 것)|null|null|null|改定 개정(기존의 규칙 등을 다시 정하는 것) かいてい|N1
명사|noun|改訂|かいてい|개정(책이나 문서의 결점 등 내용을 고치는 것)|null|null|{"year":"2012"}|改訂 2012 개정(책이나 문서의 결점 등 내용을 고치는 것) かいてい|N1
명사|noun|街頭|がいとう|가두, 길거리|null|null|null|街頭 가두, 길거리 がいとう|N1
명사|noun|該当|がいとう|해당|null|null|{"year":"2015"}|該当 2015 해당 がいとう|N1
명사|noun|介入|かいにゅう|개입|null|null|null|介入 개입 かいにゅう|N1
명사|noun|海抜|かいばつ|해발|null|null|null|海抜 해발 かいばつ|N1
명사|noun|回避|かいひ|회피|null|null|null|回避 회피 かいひ|N1
명사|noun|介抱|かいほう|간호|null|null|null|介抱 간호 かいほう|N1
명사|noun|解剖|かいぼう|해부|null|null|null|解剖 해부 かいぼう|N1
명사|noun|概要|がいよう|개요|null|null|null|概要 개요 がいよう|N1
명사|noun|回覧|かいらん|회람|null|null|null|回覧 회람 かいらん|N1
명사|noun|概略|がいりゃく|개략, 대략|null|null|{"year":"2014"}|概略 2014 개략, 대략 がいりゃく|N1
명사|noun|改良|かいりょう|개량|null|null|null|改良 개량 かいりょう|N1
명사|noun|かかりつけ|かかりつけ|담당, 특히 항상 같은 의사에게 진료를 받는 것을 말함|null|null|{"year":"2019"}|かかりつけ 2019 담당, 특히 항상 같은 의사에게 진료를 받는 것을 말함|N1
명사|noun|核|かく|핵|null|null|null|核 핵 かく|N1
명사|noun|額|がく|액자|null|null|null|額 액자 がく|N1
명사|noun|格差|かくさ|격차|null|null|null|格差 격차 かくさ|N1
명사|noun|拡散|かくさん|확산|null|null|null|拡散 확산 かくさん|N1
명사|noun|各種|かくしゅ|각종|null|null|null|各種 각종 かくしゅ|N1
명사|noun|隔週|かくしゅう|격주|null|null|null|隔週 격주 かくしゅう|N1
명사|noun|革新|かくしん|혁신|null|null|null|革新 혁신 かくしん|N1
명사|noun|確信|かくしん|확신|null|null|null|確信 확신 かくしん|N1
명사|noun|確定|かくてい|확정|null|null|null|確定 확정 かくてい|N1
명사|noun|獲得|かくとく|획득|null|null|null|獲得 획득 かくとく|N1
명사|noun|楽譜|がくふ|악보|null|null|null|楽譜 악보 がくふ|N1
명사|noun|革命|かくめい|혁명|null|null|null|革命 혁명 かくめい|N1
명사|noun|確立|かくりつ|확립|null|null|null|確立 확립 かくりつ|N1
명사|noun|学歴|がくれき|학력|null|null|null|学歴 학력 がくれき|N1
명사|noun|崖|がけ|절벽, 벼랑|null|null|null|崖 절벽, 벼랑 がけ|N1
명사|noun|家計|かけい|가계, 살림살이|null|null|null|家計 가계, 살림살이 かけい|N1
명사|noun|駆け引き|かけひき|흥정, 술수|null|null|null|駆け引き 흥정, 술수 かけひき|N1
명사|noun|下限|かげん|하한, 최저한도|null|null|null|下限 하한, 최저한도 かげん|N1
명사|noun|加工|かこう|가공|null|null|{"year":"2012"}|加工 2012 가공 かこう|N1
명사|noun|箇条書き|かじょうがき|항목별로 쓰기|null|null|null|箇条書き 항목별로 쓰기 かじょうがき|N1
명사|noun|過疎|かそ|과소, 지나치게 적음|null|null|null|過疎 과소, 지나치게 적음 かそ|N1
명사|noun|片思い|かたおもい|짝사랑|null|null|null|片思い 짝사랑 かたおもい|N1
명사|noun|片言|かたこと|서투른 말씨|null|null|null|片言 서투른 말씨 かたこと|N1
명사|noun|片隅|かたすみ|한쪽 구석|null|null|null|片隅 한쪽 구석 かたすみ|N1
명사|noun|傍ら|かたわら|옆, 곁|null|null|null|傍ら 옆, 곁 かたわら|N1
명사|noun|加担|かたん|가담|null|null|null|加担 가담 かたん|N1
명사|noun|花壇|かだん|화단|null|null|null|花壇 화단 かだん|N1
명사|noun|家畜|かちく|가축|null|null|null|家畜 가축 かちく|N1
명사|noun|合致|がっち|합치, 일치|null|null|{"year":"2013"}|合致 2013 합치, 일치 がっち|N1
명사|noun|合併|がっぺい|합병|null|null|{"year":"2011"}|合併 2011 합병 がっぺい|N1
명사|noun|稼働|かどう|가동|null|null|{"year":"2015"}|稼働 2015 가동 かどう|N1
명사|noun|株式|かぶしき|주식|null|null|null|株式 주식 かぶしき|N1
명사|noun|株主|かぶぬし|주주|null|null|null|株主 주주 かぶぬし|N1
명사|noun|花粉|かふん|꽃가루|null|null|null|花粉 꽃가루 かふん|N1
명사|noun|貨幣|かへい|화폐|null|null|null|貨幣 화폐 かへい|N1
명사|noun|加味|かみ|가미|null|null|{"year":"2013"}|加味 2013 가미 かみ|N1
명사|noun|過密|かみつ|과밀|null|null|{"year":"2016"}|過密 2016 과밀 かみつ|N1
명사|noun|狩り|かり|사냥|null|null|null|狩り 사냥 かり|N1
명사|noun|過労|かろう|과로|null|null|null|過労 과로 かろう|N1
명사|noun|勘|かん|육감, 직감력|null|null|null|勘 육감, 직감력 かん|N1
명사|noun|完結|かんけつ|완결|null|null|{"year":"2010"}|完結 2010 완결 かんけつ|N1
명사|noun|還元|かんげん|환원|null|null|{"year":"2016"}|還元 2016 환원 かんげん|N1
명사|noun|看護|かんご|간호|null|null|null|看護 간호 かんご|N1
명사|noun|刊行|かんこう|간행|null|null|null|刊行 간행 かんこう|N1
명사|noun|慣行|かんこう|관행|null|null|null|慣行 관행 かんこう|N1
명사|noun|勧告|かんこく|권고|null|null|null|勧告 권고 かんこく|N1
명사|noun|換算|かんさん|환산|null|null|null|換算 환산 かんさん|N1
명사|noun|感受性|かんじゅせい|감수성|null|null|null|感受性 감수성 かんじゅせい|N1
명사|noun|願書|がんしょ|원서|null|null|null|願書 원서 がんしょ|N1
명사|noun|干渉|かんしょう|간섭|null|null|null|干渉 간섭 かんしょう|N1
명사|noun|感触|かんしょく|감촉|null|null|null|感触 감촉 かんしょく|N1
명사|noun|関税|かんぜい|관세|null|null|null|関税 관세 かんぜい|N1
명사|noun|感染|かんせん|감염|null|null|null|感染 감염 かんせん|N1
명사|noun|元旦|がんたん|설날 아침|null|null|null|元旦 설날 아침 がんたん|N1
명사|noun|幹부|かんぶ|간부|null|null|null|幹部 간부 かんぶ|N1
명사|noun|勘弁|かんべん|용서|null|null|null|勘弁 용서 かんべん|N1
명사|noun|関与|かんよ|관여|null|null|null|関与 관여 かんよ|N1
명사|noun|観覧|かんらん|관람|null|null|null|観覧 관람 かんらん|N1
명사|noun|官僚|かんりょう|관료|null|null|null|官僚 관료 かんりょう|N1
명사|noun|慣例|かんれい|관례|null|null|null|慣례 관례 かんれい|N1
명사|noun|貫録|かんろく|관록, 오랜 경력으로 생긴 위엄이나 권위|null|null|null|貫録 관록 かんろく|N1
명사|noun|緩和|かんわ|완화|null|null|{"year":"2013"}|緩和 2013 완화 かんわ|N1
명사|noun|器械|きかい|기계(단순하고 소규모인 것)|null|null|null|器械 기계(단순하고 소규모인 것) きかい|N1
명사|noun|危害|きがい|위해, 위협|null|null|null|危害 위해, 위협 きがい|N1
명사|noun|気掛かり|きがかり|걱정, 마음에 걸림|null|null|{"year":"2019"}|気掛かり 2019 걱정, 마음에 걸림 きがかり|N1
명사|noun|規格|きかく|규격|null|null|null|規格 규격 きかく|N1
명사|noun|気兼ね|きがね|어렵게 여김, 스스럼|null|null|null|気兼ね 어렵게 여김, 스스럼 きがね|N1
명사|noun|器官|きかん|기관(인간의 신체기관)|null|null|null|器官 기관(인간의 신체기관) きかん|N1
명사|noun|効き目|ききめ|효력, 효과|null|null|null|効き目 효력, 효과 ききめ|N1
명사|noun|戯曲|ぎきょく|희곡|null|null|null|戯曲 희곡 ぎきょく|N1
명사|noun|基金|ききん|기금|null|null|null|基金 기금 ききん|N1
명사|noun|危惧|きぐ|걱정, 염려|null|null|null|危惧 걱정, 염려 きぐ|N1
명사|noun|喜劇|きげき|희극|null|null|null|喜劇 희극 きげき|N1
명사|noun|議決|ぎけつ|의결|null|null|null|議決 의결 ぎけつ|N1
명사|noun|棄権|きけん|기권|null|null|null|棄権 기권 きけん|N1
명사|noun|起源|きげん|기원, 근원|null|null|null|起源 기원, 근원 きげん|N1
명사|noun|機構|きこう|기구, 구조|null|null|null|機構 기구, 구조 きこう|N1
명사|noun|気心|きごころ|기질, 속마음|null|null|null|気心 기질, 속마음 きごころ|N1
명사|noun|既婚|きこん|기혼|null|null|null|既婚 기혼 きこん|N1
명사|noun|記載|きさい|기재|null|null|null|記載 기재 きさい|N1
명사|noun|兆し|きざし|징조, 조짐|null|null|{"year":"2011"}|兆し 2011 징조, 조짐 きざし|N1
명사|noun|気性|きしょう|천성, 기질|null|null|null|気性 천성, 기질 きしょう|N1
명사|noun|犠牲|ぎせい|희생|null|null|null|犠牲 희생 ぎせい|N1
명사|noun|奇跡|きせき|기적|null|null|null|奇跡 기적 きせき|N1
명사|noun|寄贈|きぞう|기증|null|null|null|寄贈 기증 きぞう|N1
명사|noun|偽造|ぎぞう|위조|null|null|null|偽造 위조 ぎぞう|N1
명사|noun|規定|きてい|규정|null|null|null|規定 규정 きてい|N1
명사|noun|機転|きてん|재치, 임기응변|null|null|null|機転 재치, 임기응변 きてん|N1
명사|noun|軌道|きどう|궤도|null|null|{"year":"2015"}|軌道 2015 궤도 きどう|N1
명사|noun|技能|ぎのう|기능, 기술|null|null|null|技能 기능, 기술 ぎのう|N1
명사|noun|規範|きはん|규범|null|null|null|規範 규범 きはん|N1
명사|noun|気品|きひん|기품|null|null|null|気品 기품 きひん|N1
명사|noun|気風|きふう|기풍|null|null|null|気風 기풍 きふう|N1
명사|noun|起伏|きふく|기복|null|null|{"year":"2015"}|起伏 2015 기복 きふく|N1
명사|noun|決め手|きめて|결정적 수단|null|null|null|決め手 결정적 수단 きめて|N1
명사|noun|規約|きやく|규약|null|null|null|規約 규약 きやく|N1
명사|noun|逆上|ぎゃくじょう|흥분함, 이성을 잃음|null|null|null|逆上 흥분함, 이성을 잃음 ぎゃくじょう|N1
명사|noun|逆転|ぎゃくてん|역전|null|null|null|逆転 역전 ぎゃくてん|N1
명사|noun|脚本|きゃくほん|각본|null|null|null|脚本 각본 きゃくほん|N1
명사|noun|却下|きゃっか|각하, 기각|null|null|null|却下 각하, 기각 きゃっか|N1
명사|noun|救急|きゅうきゅう|구급|null|null|null|救急 구급 きゅうきゅう|N1
명사|noun|究極|きゅうきょく|궁극|null|null|null|究極 궁극 きゅうきょく|N1
명사|noun|救済|きゅうさい|구제|null|null|null|救済 구제 きゅうさい|N1
명사|noun|宮殿|きゅうでん|궁전|null|null|null|宮殿 궁전 きゅうでん|N1
명사|noun|窮乏|きゅうぼう|궁핍|null|null|null|窮乏 궁핍 きゅうぼう|N1
명사|noun|丘陵|きゅうりょう|구릉, 언덕|null|null|{"year":"2018"}|丘陵 2018 구릉, 언덕 きゅうりょう|N1
명사|noun|寄与|きよ|기여|null|null|{"year":"2012"}|寄与 2012 기여 きよ|N1
명사|noun|驚異|きょうい|경이|null|null|null|驚異 경이 きょうい|N1
명사|noun|脅威|きょうい|위협|null|null|null|脅威 위협 きょうい|N1
명사|noun|業界|ぎょうかい|업계|null|null|null|業界 업계 ぎょうかい|N1
명사|noun|恐喝|きょうかつ|공갈, 협박|null|null|null|恐喝 공갈, 협박 きょうかつ|N1
명사|noun|共感|きょうかん|공감|null|null|null|共感 공감 きょうかん|N1
명사|noun|協議|きょうぎ|협의|null|null|null|協議 협의 きょうぎ|N1
명사|noun|境遇|きょうぐう|경우, 처지, 환경|null|null|null|境遇 경우, 처지, 환경 きょうぐう|N1
명사|noun|教訓|きょうくん|교훈|null|null|{"year":"2016"}|教訓 2016 교훈 きょうくん|N1
명사|noun|強行|きょうこう|강행|null|null|null|強行 강행 きょうこう|N1
명사|noun|教材|きょうざい|교재|null|null|null|教材 교재 きょうざい|N1
명사|noun|凶作|きょうさく|흉작|null|null|null|凶作 흉작 きょうさく|N1
명사|noun|享受|きょうじゅ|향유, 음미하고 즐김|null|null|null|享受 향유, 음미하고 즐김 きょうじゅ|N1
명사|noun|教習|きょうしゅう|교습|null|null|null|教習 교습 きょうしゅう|N1
명사|noun|郷愁|きょうしゅう|향수, 고향을 그리워함|null|null|null|郷愁 향수, 고향을 그리워함 きょうしゅう|N1
명사|noun|凝縮|ぎょうしゅく|응축, 응집|null|null|{"year":"2014"}|凝縮 2014 응축, 응집 ぎょうしゅく|N1
명사|noun|強制|きょうせい|강제|null|null|{"year":"2015"}|強制 2015 강제 きょうせい|N1
명사|noun|行政|ぎょうせい|행정|null|null|null|行政 행정 ぎょうせい|N1
명사|noun|業績|ぎょうせき|업적, 실적|null|null|null|業績 업적, 실적 ぎょうせき|N1
명사|noun|共存|きょうぞん|공존|null|null|{"note":"きょうそん으로도 읽음"}|共存 공존(きょうそん으로도 읽음) きょうぞん|N1
명사|noun|協定|きょうてい|협정|null|null|null|協定 협정 きょうてい|N1
명사|noun|仰天|ぎょうてん|기겁함, 몹시 놀람|null|null|{"year":"2013"}|仰天 2013 기겁함, 몹시 놀람 ぎょうてん|N1
명사|noun|郷土|きょうど|향토|null|null|null|郷土 향토 きょうど|N1
명사|noun|脅迫|きょうはく|협박|null|null|null|脅迫 협박 きょうはく|N1
명사|noun|業務|ぎょうむ|업무|null|null|null|業務 업무 ぎょうむ|N1
명사|noun|共鳴|きょうめ이|공명, 공감|null|null|null|共鳴 공명, 공감 きょうめい|N1
명사|noun|業者|ぎょうしゃ|업자|null|null|null|業者 업자 ぎょうしゃ|N1
명사|noun|郷里|きょうり|고향|null|null|null|郷里 고향 きょうり|N1
명사|noun|局面|きょくめん|국면|null|null|null|局面 국면 きょくめん|N1
명사|noun|漁船|ぎょせん|어선|null|null|null|漁船 어선 ぎょせん|N1
명사|noun|許容|きょよう|허용|null|null|null|許容 허용 きょよう|N1
명사|noun|疑惑|ぎわく|의혹|null|null|null|疑惑 의혹 ぎわく|N1
명사|noun|近視|きんし|근시|null|null|null|近視 근시 きんし|N1
명사|noun|均衡|きんこう|균형|null|null|null|均衡 균형 きんこう|N1
명사|noun|緊迫|きんぱく|긴박|null|null|null|緊迫 긴박 きんぱく|N1
명사|noun|吟味|ぎんみ|음미, 엄선|null|null|{"year":"2010"}|吟味 2010 음미, 엄선 ぎんみ|N1
명사|noun|禁物|きんもつ|금물|null|null|{"year":"2019"}|禁物 2019 금물 きんもつ|N1
명사|noun|勤労|きんろう|근로|null|null|null|勤労 근로 きんろう|N1
명사|noun|空腹|くうふく|공복|null|null|null|空腹 공복 くうふく|N1
명사|noun|苦境|くきょう|괴로운 처지, 역경|null|null|null|苦境 괴로운 처지, 역경 くきょう|N1
명사|noun|苦言|くげん|고언, 쓴소리|null|null|null|苦言 고언, 쓴소리 くげん|N1
명사|noun|駆使|くし|구사, 자유자재로 사용함|null|null|{"year":"2014"}|駆使 2014 구사, 자유자재로 사용함 くし|N1
명사|noun|駆逐|くちく|구축, 몰아냄, 축출함|null|null|null|駆逐 구축, 몰아냄, 축출함 くちく|N1
명사|noun|口出し|くちだし|말참견|null|null|{"year":"2013"}|口出し 2013 말참견 くちだし|N1
명사|noun|くちばし|くちばし|부리|null|null|null|くちばし 부리|N1
명사|noun|口元|くちもと|입가|null|null|null|口元 입가 くちもと|N1
명사|noun|口調|くちょう|어조, 말투|null|null|null|口調 어조, 말투 くちょう|N1
명사|noun|工面|くめん|마련, 자금 회전|null|null|{"year":"2014"}|工面 2014 마련, 자금 회전 くめん|N1
명사|noun|愚問|ぐもん|우문, 어리석은 질문|null|null|null|愚問 우문, 어리석은 질문 ぐもん|N1
명사|noun|暗闇|くらやみ|어둠, 암흑|null|null|null|暗闇 어둠, 암흑 くらやみ|N1
명사|noun|玄人|くろうと|전문가|null|null|null|玄人 전문가 くろうと|N1
명사|noun|群衆|ぐんしゅう|군중|null|null|{"year":"2012"}|群衆 2012 군중 ぐんしゅう|N1
명사|noun|経緯|けいい|① 경위, 자초지종 ② 경도와 위도|null|null|{"year":"2016"}|経緯 2016 ① 경위, 자초지종 ② 경도와 위도 けいい|N1
명사|noun|経過|けいか|경과|null|null|null|経過 경과 けいか|N1
명사|noun|警戒|けいかい|경계|null|null|null|警戒 경계 けいかい|N1
명사|noun|軽減|けいげん|경감|null|null|null|軽減 경감 けいげん|N1
명사|noun|掲載|けいさい|게재|null|null|null|掲載 게재 けいさい|N1
명사|noun|軽視|けいし|경시|null|null|null|軽視 경시 けいし|N1
명사|noun|傾斜|けいしゃ|경사|null|null|{"year":"2017"}|傾斜 2017 경사 けいしゃ|N1
명사|noun|形状|けいじょう|형상|null|null|null|形状 형상 けいじょう|N1
명사|noun|形勢|けいせい|형세|null|null|null|形勢 형세 けいせい|N1
명사|noun|形態|けいたい|형태|null|null|null|形態 형태 けいたい|N1
명사|noun|刑罰|けいばつ|형벌|null|null|null|刑罰 형벌 けいばつ|N1
명사|noun|経費|けいひ|경비|null|null|null|経費 경비 けいひ|N1
명사|noun|啓蒙|けいもう|계몽|null|null|null|啓蒙 계몽 けいもう|N1
명사|noun|経歴|けいれき|경력|null|null|null|経歴 경력 けいれき|N1
명사|noun|経路|けいろ|경로|null|null|null|経路 경로 けいろ|N1
명사|noun|激減|げきげん|격감|null|null|null|激減 격감 げきげん|N1
명사|noun|劇団|げきだん|극단, 연극단|null|null|null|劇団 극단, 연극단 げきだん|N1
명사|noun|激励|げきれい|격려|null|null|null|激励 격려 げきれい|N1
명사|noun|決意|けつい|결의, 결심|null|null|{"year":"2017"}|決意 2017 결의, 결심 けつい|N1
명사|noun|決行|けっこう|결행, 단행|null|null|null|決行 결행, 단행 けっこう|N1
명사|noun|血行|けっこう|혈행, 혈액순환|null|null|null|血行 혈행, 혈액순환 けっこう|N1
명사|noun|結合|けつごう|결합|null|null|null|結合 결합 けつごう|N1
명사|noun|決算|けっさん|결산|null|null|null|決算 결산 けっさん|N1
명사|noun|月謝|げっしゃ|월 수업료|null|null|null|月謝 월 수업료 げっしゃ|N1
명사|noun|欠如|けつじょ|결여|null|null|null|欠如 결여 けつじょ|N1
명사|noun|決勝|けっしょう|결승|null|null|null|決勝 결승 けっしょう|N1
명사|noun|結晶|けっしょう|결정|null|null|null|結晶 결정 けっしょう|N1
명사|noun|結成|けっせい|결성|null|null|null|結成 결성 けっせい|N1
명사|noun|結束|けっそく|결속|null|null|{"year":"2010"}|結束 2010 결속 けっそく|N1
명사|noun|決断|けつだん|결단|null|null|null|決断 결단 けつだん|N1
명사|noun|月賦|げっぷ|월부, 달불기|null|null|null|月賦 월부, 달불기 げっぷ|N1
명사|noun|欠乏|けつぼう|결핍|null|null|null|欠乏 결핍 けつぼう|N1
명사|noun|獣|けもの|짐승|null|null|null|獣 짐승 けもの|N1
명사|noun|権威|けんい|권위|null|null|null|権威 권위 けんい|N1
명사|noun|嫌悪|けんお|혐오|null|null|null|嫌悪 혐오 けんお|N1
명사|noun|原形|げんけい|원형(원래의 형태)|null|null|null|原形 원형(원래의 형태) げんけい|N1
명사|noun|懸賞|けんしょう|현상, 상금을 제공함|null|null|null|懸賞 현상, 상금을 제공함 けんしょう|N1
명사|noun|厳選|げんせん|엄선|null|null|null|厳選 엄선 げんせん|N1
명사|noun|幻想|げんそう|환상|null|null|null|幻想 환상 げんそう|N1
명사|noun|原則|げんそく|원칙|null|null|null|原則 원칙 げんそく|N1
명사|noun|減点|げんてん|감점|null|null|null|減点 감점 げんてん|N1
명사|noun|健闘|けんとう|건투|null|null|null|健闘 건투 けんとう|N1
명사|noun|原動力|げんどうりょく|원동력|null|null|null|原動力 원동력 げんどうりょく|N1
명사|noun|圏内|けんない|권내|null|null|null|圏内 권내 けんない|N1
명사|noun|倹약|けんやく|검약|null|null|null|倹約 검약 けんやく|N1
명사|noun|兼用|けんよう|겸용|null|null|null|兼用 겸용 けんよう|N1
명사|noun|原論|げんろん|원론|null|null|null|原論 원론 げんろん|N1
명사|noun|行為|こうい|행위|null|null|null|行為 행위 こうい|N1
명사|noun|合意|ごう이|합의|null|null|{"year":"2015"}|合意 2015 합의 ごうい|N1
명사|noun|公益|こうえき|공익|null|null|null|公益 공익 こうえき|N1
명사|noun|交易|こうえき|교역|null|null|null|交易 교역 こうえき|N1
명사|noun|航海|こうかい|항해|null|null|null|航海 항해 こうかい|N1
명사|noun|後悔|こうかい|후회|null|null|null|後悔 후회 こうかい|N1
명사|noun|抗議|こうぎ|항의|null|null|null|抗議 항의 こうぎ|N1
명사|noun|合議|ごうぎ|합의|null|null|null|合議 합의 ごうぎ|N1
명사|noun|好況|こうきょう|호황|null|null|null|好況 호황 こうきょう|N1
명사|noun|高原|こうげん|고원|null|null|null|高原 고원 こうげん|N1
명사|noun|公言|こうげん|공언, 당당하게 말함|null|null|null|公言 공언, 당당하게 말함 こうげん|N1
명사|noun|考古学|こうこがく|고고학|null|null|null|考古学 고고학 こうこがく|N1
명사|noun|鉱山|こうざん|광산|null|null|null|鉱山 광산 こうざん|N1
명사|noun|口述|こうじゅつ|구술|null|null|null|口述 구술 こうじゅつ|N1
명사|noun|控除|こうじょ|공제|null|null|null|控除 공제 こうじょ|N1
명사|noun|交渉|こうしょう|교섭|null|null|null|交渉 교섭 こうしょう|N1
명사|noun|香辛料|こうしんりょう|향신료|null|null|null|香辛料 향신료 こうしんりょう|N1
명사|noun|降水|こうすい|강수|null|null|null|降水 강수 こうすい|N1
명사|noun|洪水|こうずい|홍수|null|null|null|洪水 홍수 こうずい|N1
명사|noun|公然|こうぜん|공공연함|null|null|null|公然 공공연함 こうぜん|N1
명사|noun|構想|こうそう|구상|null|null|null|構想 구상 こうそう|N1
명사|noun|抗争|공소|항쟁|null|null|null|抗争 항쟁 こうそう|N1
명사|noun|拘束|こうそく|구속|null|null|null|拘束 구속 こうそく|N1
명사|noun|後退|こうたい|후퇴|null|null|null|後退 후퇴 こうたい|N1
명사|noun|光沢|こうたく|광택|null|null|null|光沢 광택 こうたく|N1
명사|noun|構築|こうちく|구축, 쌓아 올려 만듦|null|null|null|構築 구축, 쌓아 올려 만듦 こうちく|N1
명사|noun|高低|こうてい|고저, 높낮이|null|null|null|高低 고저, 높낮이 こうてい|N1
명사|noun|好転|こうてん|호전, 상태가 좋아짐|null|null|null|好転 호전, 상태가 좋아짐 こうてん|N1
명사|noun|口頭|こうとう|구두, 입으로 말함|null|null|null|口頭 구두, 입으로 말함 こうとう|N1
명사|noun|購読|こうどく|구독|null|null|null|購読 구독 こうどく|N1
명사|noun|購入|こうにゅう|구입|null|null|null|購入 구입 こうにゅう|N1
명사|noun|公認|こうにん|공인|null|null|null|公認 공인 こうにん|N1
명사|noun|荒廃|こうはい|황폐|null|null|null|荒廃 황폐 こうはい|N1
명사|noun|購買|こうばい|구매|null|null|null|購買 구매 こうばい|N1
명사|noun|好評|こうひょう|호평|null|null|null|好評 호평 こうひょう|N1
명사|noun|交付|こうふ|교부|null|null|null|交付 교부 こうふ|N1
명사|noun|興奮|こうふん|흥분|null|null|{"year":"2015"}|興奮 2015 흥분 こうふん|N1
명사|noun|公募|こうぼ|공모|null|null|null|公募 공모 こうぼ|N1
명사|noun|合法|ごうほう|합법|null|null|null|合法 합법 ごうほう|N1
명사|noun|効率|こうりつ|효율|null|null|null|効率 효율 こうりつ|N1
명사|noun|口論|こうろん|말다툼|null|null|null|口論 말다툼 こうろん|N1
명사|noun|護衛|ごえい|호위|null|null|null|護衛 호위 ごえい|N1
명사|noun|互角|ごかく|호각, 대등함|null|null|{"year":"2019"}|互角 2019 호각, 대등함 ごかく|N1
명사|noun|小切手|こぎって|수표|null|null|null|小切手 수표 こぎって|N1
명사|noun|顧客|こきゃく|고객, 단골손님|null|null|null|顧客 고객, 단골손님 こきゃく|N1
명사|noun|酷使|こくし|혹사|null|null|null|酷使 혹사 こくし|N1
명사|noun|告白|こくはく|고백|null|null|null|告白 고백 こくはく|N1
명사|noun|極秘|ごくひ|극비|null|null|null|極秘 극비 ごくひ|N1
명사|noun|極楽|ごくらく|극락|null|null|null|極楽 극락 ごくらく|N1
명사|noun|心得|こころえ|① 소양 ② 마음가짐|null|null|null|心得 ① 소양 ② 마음가짐 こころえ|N1
명사|noun|心掛け|こころがけ|① 소양 ② 마음가짐|null|null|null|心掛け ① 소양 ② 마음가짐 こころがけ|N1
명사|noun|心構え|こころがまえ|마음가짐, 각오|null|null|{"year":"2014"}|心構え 2014 마음가짐, 각오 こころ가まえ|N1
명사|noun|志|こころざし|포부, 뜻|null|null|null|志 포부, 뜻 こころざし|N1
명사|noun|誤差|ごさ|오차|null|null|null|誤差 오차 ごさ|N1
명사|noun|孤児|こじ|고아|null|null|null|孤児 고아 こじ|N1
명사|noun|故人|こじん|고인|null|null|null|故人 고인 こじん|N1
명사|noun|個性|こせい|개성|null|null|null|個性 개성 こせい|N1
명사|noun|小銭|こぜに|잔돈|null|null|null|小銭 잔돈 こぜに|N1
명사|noun|古代|こだい|고대|null|null|null|古代 고대 こだい|N1
명사|noun|誇張|こちょう|과장|null|null|null|誇張 과장 こちょう|N1
명사|noun|国交|こっこう|국교|null|null|null|国交 국교 こっこう|N1
명사|noun|骨董品|こっとうひん|골동품|null|null|null|骨董品 골동품 こっとうひん|N1
명사|noun|事柄|ことがら|사항, 내용|null|null|null|事柄 사항, 내용 ことがら|N1
명사|noun|固有|こゆう|고유|null|null|null|固有 고유 こゆう|N1
명사|noun|雇用|こよう|고용|null|null|null|雇用 고용 こよう|N1
명사|noun|暦|こよみ|달력|null|null|null|暦 달력 こよみ|N1
명사|noun|孤立|こりつ|고립|null|null|null|孤立 고립 こりつ|N1
명사|noun|根気|こんき|끈기|null|null|null|根気 끈기 こんき|N1
명사|noun|根拠|こんきょ|근거|null|null|{"year":"2011"}|根拠 2011 근거 こんきょ|N1
명사|noun|根性|こんじょう|근성|null|null|null|根性 근성 こんじょう|N1
명사|noun|昆虫|こんちゅう|곤충|null|null|null|昆虫 곤충 こんちゅう|N1
명사|noun|根底|こんてい|근저, 밑바탕|null|null|null|根底 근저, 밑바탕 こんてい|N1
명사|noun|混同|こんどう|혼동|null|null|null|混同 혼동 こんどう|N1
명사|noun|根本|こんぽん|근본|null|null|null|根本 근본 こんぽん|N1
명사|noun|最悪|さいあく|최악|null|null|null|最悪 최악 さいあく|N1
명사|noun|災害|さいがい|재해|null|null|null|災害 재해 さいがい|N1
명사|noun|才覚|さいかく|재치, 기지|null|null|null|才覚 재치, 기지 さいかく|N1
명사|noun|細工|さいく|세공|null|null|null|細工 세공 さいく|N1
명사|noun|採掘|さいくつ|채굴|null|null|null|採掘 채굴 さいくつ|N1
명사|noun|採決|さいけつ|채결, 표결|null|null|null|採決 채결, 표결 さいけつ|N1
명사|noun|歳月|さいげつ|세월|null|null|null|歳月 세월 さいげつ|N1
명사|noun|再建|さいけん|재건|null|null|null|再建 재건 さいけん|N1
명사|noun|再現|さいげん|재현|null|null|null|再現 재현 さいげん|N1
명사|noun|財源|ざ이げん|재원, 수입원|null|null|null|財源 재원, 수입원 ざいげん|N1
명사|noun|在庫|ざいこ|재고|null|null|{"year":"2018"}|在庫 2018 재고 ざいこ|N1
명사|noun|採算|さいさん|채산|null|null|null|採算 채산 さいさん|N1
명사|noun|採取|さいしゅ|채취|null|null|null|採取 채취 さいしゅ|N1
명사|noun|細心|さいしん|세심함|null|null|null|細心 세심함 さいしん|N1
명사|noun|財政|ざいせい|재정|null|null|null|財政 재정 ざいせい|N1
명사|noun|在籍|ざいせき|재적|null|null|{"year":"2017"}|在籍 2017 재적 ざいせき|N1
명사|noun|最善|さいぜん|최선|null|null|null|最善 최선 さいぜん|N1
명사|noun|採択|さいたく|채택|null|null|null|採択 채택 さいたく|N1
명사|noun|財団|ざいだん|재단(단체)|null|null|null|財団 재단(단체) ざいだん|N1
명사|noun|栽培|さいばい|재배|null|null|{"year":"2019"}|栽培 2019 재배 さいばい|N1
명사|noun|再発|さいはつ|재발|null|null|null|再발 재발 さいはつ|N1
명사|noun|細胞|さいぼう|세포|null|null|null|細胞 세포 さいぼう|N1
명사|noun|採用|さいよう|채용|null|null|null|採用 채용 さいよう|N1
명사|noun|最良|さいりょう|최선|null|null|null|最良 최선 さいりょう|N1
명사|noun|詐欺|さぎ|사기|null|null|null|詐欺 사기 さぎ|N1
명사|noun|削減|さくげん|삭감|null|null|null|削減 삭감 さくげん|N1
명사|noun|錯誤|さくご|착오|null|null|null|錯誤 착오 さくご|N1
명사|noun|搾取|さくしゅ|착취|null|null|null|搾取 착취 さくしゅ|N1
명사|noun|挿絵|さしえ|삽화|null|null|null|挿絵 삽화 さしえ|N1
명사|noun|指図|さしず|지시|null|null|{"year":"2017"}|指図 2017 지시 さしず|N1
명사|noun|差し引き|さしひき|차감|null|null|null|差し引き 차감 さしひき|N1
명사|noun|座談会|ざだんかい|좌담회|null|null|null|座談会 좌담회 ざだんかい|N1
명사|noun|錯覚|さっかく|착각|null|null|{"year":"2015"}|錯覚 2015 착각 さっかく|N1
명사|noun|殺菌|さっきん|살균|null|null|{"year":"2017"}|殺菌 2017 살균 さっきん|N1
명사|noun|察知|さっち|알아차림|null|null|{"year":"2012"}|察知 2012 알아차림 さっち|N1
명사|noun|殺到|さっとう|쇄도, 일시에 밀려듦|null|null|{"year":"2015"}|殺到 2015 쇄도, 일시에 밀려듦 さっとう|N1
명사|noun|雑踏|ざっとう|혼잡, 붐빔|null|null|{"year":"2013"}|雑踏 2013 혼잡, 붐빔 ざっとう|N1
명사|noun|座標|ざひょう|좌표|null|null|null|座標 좌표 ざひょう|N1
명사|noun|作用|さよう|작용|null|null|null|作用 작용 さよう|N1
명사|noun|山岳|さんがく|산악|null|null|null|山岳 산악 さんがく|N1
명사|noun|残金|ざんきん|잔금|null|null|null|残金 잔금 ざんきん|N1
명사|noun|惨事|さんじ|참사|null|null|null|惨事 참사 さんじ|N1
명사|noun|算出|さんしゅつ|산출|null|null|null|算出 산출 さんしゅつ|N1
명사|noun|参照|さんしょう|참조|null|null|{"year":"2016"}|参照 2016 참조 さんしょう|N1
명사|noun|残高|ざんだか|잔고|null|null|null|残高 잔고 ざんだか|N1
명사|noun|産物|さんぶつ|산물|null|null|null|産物 산물 さんぶつ|N1
명사|noun|酸味|さんみ|산미, 산맛|null|null|null|酸味 산미, 산맛 さんみ|N1
명사|noun|山脈|さんみゃく|산맥|null|null|null|山脈 산맥 さんみゃく|N1
명사|noun|仕上げ|しあげ|마무리|null|null|null|仕上げ 마무리 しあげ|N1
명사|noun|支援|しえん|지원|null|null|{"year":"2013"}|支援 2013 지원 しえん|N1
명사|noun|歯科|しか|치과|null|null|null|歯科 치과 しか|N1
명사|noun|視覚|しかく|시각|null|null|null|視覚 시각 しかく|N1
명사|noun|資格|しかく|자격|null|null|null|資格 자격 しかく|N1
명사|noun|仕掛け|しかけ|장치, 구조|null|null|null|仕掛け 장치, 구조 しかけ|N1
명사|noun|指揮|しき|지휘|null|null|null|指揮 지휘 しき|N1
명사|noun|磁気|じき|자기, 자력|null|null|null|磁気 자기, 자력 じき|N1
명사|noun|色彩|しきさい|색채|null|null|null|色彩 색채 しきさい|N1
명사|noun|しきたり|しきたり|관례|null|null|null|しきたり 관례|N1
명사|noun|資金|しきん|자금|null|null|null|資金 자금 しきん|N1
명사|noun|しぐさ|しぐさ|행동|null|null|null|しぐさ 행동|N1
명사|noun|仕組み|しくみ|구조, 장치, 기구|null|null|{"year":"2013"}|仕組み 2013 구조, 장치, 기구 しくみ|N1
명사|noun|施行|しこう|시행, 실시|null|null|null|施行 시행, 실시 しこう|N1
명사|noun|試行|しこう|시행, 시험적으로 행함|null|null|null|試行 시행, 시험적으로 행함 しこう|N1
명사|noun|志向|しこう|지향|null|null|null|志向 지향 しこう|N1
명사|noun|事項|じこう|사항|null|null|null|事項 사항 じこう|N1
명사|noun|自業自得|じごうじとく|자업자득|null|null|null|自業自得 자업자득 じごうじとく|N1
명사|noun|嗜好品|しこうひん|기호품|null|null|null|嗜好品 기호품 しこうひん|N1
명사|noun|示唆|しさ|시사, 암시, 귀띔|null|null|null|示唆 시사, 암시, 귀띔 しさ|N1
명사|noun|自在|じざ이|자재, 자유자재|null|null|null|自在 자재, 자유자재 じざい|N1
명사|noun|思索|しさく|사색|null|null|null|思索 사색 しさく|N1
명사|noun|視察|しさつ|시찰|null|null|null|視察 시찰 しさつ|N1
명사|noun|資産|しさん|자산|null|null|null|資産 자산 しさん|N1
명사|noun|資質|ししつ|자질, 천성|null|null|null|資質 자질, 천성 ししつ|N1
명사|noun|刺繍|ししゅう|자수, 수를 놓은 것|null|null|null|刺繍 자수, 수를 놓은 것 ししゅう|N1
명사|noun|支障|ししょう|지장|null|null|{"year":"2013"}|支障 2013 지장 ししょう|N1
명사|noun|辞職|じしょく|사직|null|null|null|辞職 사직 じしょく|N1
명사|noun|施設|しせつ|시설|null|null|null|施設 시설 しせつ|N1
명사|noun|視線|しせん|시선|null|null|null|視선 시선 しせん|N1
명사|noun|自尊心|じそんしん|자존심|null|null|{"year":"2016"}|自尊心 2016 자존심 じそんしん|N1
명사|noun|自他|じた|자타, 자신과 남|null|null|null|自他 자타, 자신과 남 じた|N1
명사|noun|事態|じたい|사태|null|null|null|事態 사태 じたい|N1
명사|noun|下心|したごころ|속마음, 본심|null|null|null|下心 속마음, 본심 したごころ|N1
명사|noun|下地|したじ|소질, 소양|null|null|null|下地 소질, 소양 したじ|N1
명사|noun|下調べ|したしらべ|예비 조사|null|null|null|下調べ 예비 조사 したしらべ|N1
명사|noun|下取り|したどり|보상 회수, 보상 판매|null|null|null|下取り 보상 회수, 보상 판매 したどり|N1
명사|noun|下火|したび|기세가 약해짐|null|null|null|下火 기세가 약해짐 したび|N1
명사|noun|失格|しっかく|실격|null|null|null|失格 실격 しっかく|N1
명사|noun|質疑|しつぎ|질의|null|null|null|質疑 질의 しつぎ|N1
명사|noun|失脚|しっきゃく|실각|null|null|null|失脚 실각 しっきゃく|N1
명사|noun|しつけ|しつけ|예의범절|null|null|null|しつけ 예의범절|N1
명사|noun|実質|じっしつ|실질|null|null|null|実質 실질 じっしつ|N1
명사|noun|実情|じつじょう|실정|null|null|{"year":"2011"}|実情 2011 실정 じつじょう|N1
명사|noun|実践|じっせん|실천|null|null|null|実践 실천 じっせん|N1
명사|noun|実態|じったい|실태|null|null|null|実態 실태 じったい|N1
명사|noun|嫉妬|しっと|질투|null|null|null|嫉妬 질투 しっと|N1
명사|noun|実費|じっぴ|실비, 실제 비용|null|null|null|実費 실비, 실제 비용 じっぴ|N1
명사|noun|疾病|しっぺい|질병|null|null|null|疾病 질병 しっぺい|N1
명사|noun|視点|してん|시점|null|null|null|視点 시점 してん|N1
명사|noun|品揃え|しなぞろえ|구색 갖추기, 여러 종류의 상품을 준비함|null|null|null|品揃え 구색 갖추기, 여러 종류의 상품을 준비함 しなぞろえ|N1
명사|noun|辞任|じにん|사임|null|null|{"year":"2015"}|辞任 2015 사임 じにん|N1
명사|noun|地主|じぬし|지주, 땅주인|null|null|null|地主 지주, 땅주인 じぬし|N1
명사|noun|司法|しほう|사법|null|null|null|司法 사법 しほう|N1
명사|noun|志望|しぼう|지망|null|null|null|志望 지망 しぼう|N1
명사|noun|脂肪|しぼう|지방|null|null|null|脂肪 지방 しぼ우|N1
명사|noun|始末|しまつ|경위, 자초지종, 전말|null|null|null|始末 경위, 자초지종, 전말 しまつ|N1
명사|noun|始末書|しまつしょ|시말서|null|null|null|始末書 시말서 しまつしょ|N1
명사|noun|使命|しめい|사명|null|null|null|使命 사명 しめい|N1
명사|noun|釈明|しゃくめい|해명|null|null|{"year":"2011"}|釈明 2011 해명 しゃくめい|N1
명사|noun|社交|しゃこう|사교|null|null|null|社交 사교 しゃこう|N1
명사|noun|謝罪|しゃざい|사죄|null|null|null|謝罪 사죄 しゃざい|N1
명사|noun|謝絶|しゃぜつ|사절|null|null|null|謝絶 사절 しゃぜつ|N1
명사|noun|斜面|しゃめん|경사면|null|null|null|斜面 경사면 しゃめん|N1
명사|noun|収益|しゅうえき|수익|null|null|null|収益 수익 しゅうえき|N1
명사|noun|就業|しゅうぎょう|취업|null|null|null|就業 취업 しゅうぎょう|N1
명사|noun|従業員|じゅうぎょういん|종업원|null|null|null|従業員 종업원 じゅうぎょういん|N1
명사|noun|襲撃|しゅうげき|습격|null|null|null|襲撃 습격 しゅうげき|N1
명사|noun|収支|しゅうし|수지, 수입과 지출|null|null|null|収支 수지, 수입과 지출 しゅうし|N1
명사|noun|従事|じゅうじ|종사|null|null|{"year":"2019"}|従事 2019 종사 じゅうじ|N1
명사|noun|充実|じゅうじつ|충실|null|null|null|充実 충실 じゅうじつ|N1
명사|noun|収集|しゅうしゅう|수집|null|null|null|収集 수집 しゅうしゅう|N1
명사|noun|従順|じゅうじゅん|순종|null|null|null|従順 순종 じゅうじゅん|N1
명사|noun|修飾|しゅうしょく|수식|null|null|null|修飾 수식 しゅうしょく|N1
명사|noun|習性|しゅうせい|습성|null|null|null|習性 습성 しゅうせい|N1
명사|noun|執着|しゅうちゃく|집착|null|null|{"note":"しゅうじゃく으로도 읽음"}|執着 집착(しゅうじゃく으로도 읽음) しゅうちゃく|N1
명사|noun|修復|しゅうふく|수복, 복원|null|null|{"year":"2011"}|修復 2011 수복, 복원 しゅうふく|N1
명사|noun|重複|じゅうふく|중복|null|null|{"year":"2017","note":"ちょうふく으로도 읽음"}|重複 2017 중복(ちょうふく으로도 읽음) じゅうふく|N1
명사|noun|充満|じゅうまん|충만, 가득함|null|null|null|充満 충만, 가득함 じゅうまん|N1
명사|noun|収容|しゅうよう|수용|null|null|null|収容 수용 しゅうよう|N1
명사|noun|従来|じゅうらい|종래, 종전|null|null|{"year":"2013"}|従来 2013 종래, 종전 じゅうらい|N1
명사|noun|収録|しゅうろく|수록|null|null|null|収録 수록 しゅうろく|N1
명사|noun|守衛|しゅえい|수위|null|null|null|守衛 수위 しゅえい|N1
명사|noun|修行|しゅぎょう|수행|null|null|null|修行 수행 しゅぎょう|N1
명사|noun|塾|じゅく|학원|null|null|null|塾 학원 じゅく|N1
명사|noun|宿命|しゅくめい|숙명|null|null|null|宿命 숙명 しゅくめい|N1
명사|noun|主催|しゅさい|주최|null|null|null|主催 주최 しゅさい|N1
명사|noun|趣旨|しゅし|취지|null|null|{"year":"2013"}|趣旨 2013 취지 しゅし|N1
명사|noun|種々|しゅじゅ|여러 가지, 각종|null|null|null|種々 여러 가지, 각종 しゅじゅ|N1
명사|noun|受賞|じゅしょう|수상, 상을 받음|null|null|null|受賞 수상, 상을 받음 じゅしょう|N1
명사|noun|主題|しゅだい|주제|null|null|null|主題 주제 しゅだい|N1
명사|noun|出演|しゅつえん|출연|null|null|null|出演 출연 しゅつえん|N1
명사|noun|出資|しゅっし|출자|null|null|null|出資 출자 しゅっし|N1
명사|noun|出費|しゅっぴ|지출, 비용|null|null|null|出費 지출, 비용 しゅっぴ|N1
명사|noun|出没|しゅつぼつ|출몰|null|null|null|出没 출몰 しゅつぼつ|N1
명사|noun|主導権|しゅどうけん|주도권|null|null|null|主導権 주도권 しゅどうけん|N1
명사|noun|首脳|しゅのう|수뇌|null|null|null|首脳 수뇌 しゅのう|N1
명사|noun|樹木|じゅもく|수목|null|null|{"year":"2016"}|樹木 2016 수목 じゅもく|N1
명사|noun|樹立|じゅりつ|수립, 확립|null|null|null|樹立 수립, 확립 じゅりつ|N1
명사|noun|主力|しゅりょく|주력|null|null|null|主力 주력 しゅりょく|N1
명사|noun|手腕|しゅわん|수완|null|null|null|手腕 수완 しゅわん|N1
명사|noun|循環|じゅんかん|순환|null|null|null|循環 순환 じゅんかん|N1
명사|noun|順応|じゅんおう|순응|null|null|null|順応 순응 じゅんおう|N1
명사|noun|瞬発力|しゅんぱつりょく|순발력|null|null|null|瞬発力 순발력 しゅんぱつりょく|N1
명사|noun|仕様|しよう|① 방법 ② 사양(기계 등의 구조)|null|null|null|仕様 ① 방법 ② 사양(기계 등의 구조) しよう|N1
명사|noun|浄化|じょうか|정화|null|null|null|浄化 정화 じょうか|N1
명사|noun|生涯|しょうがい|생애, 평생|null|null|null|生涯 생애, 평생 しょうがい|N1
명사|noun|消去|しょうきょ|소거|null|null|null|消去 소거 しょうきょ|N1
명사|noun|情景|じょうけい|정경, 광경|null|null|null|情景 정경, 광경 じょうけい|N1
명사|noun|衝撃|しょうげき|충격|null|null|null|衝撃 충격 しょうげき|N1
명사|noun|証言|しょうげん|증언|null|null|null|証言 증언 しょうげん|N1
명사|noun|証拠|しょうこ|증거|null|null|{"year":"2013"}|証拠 2013 증거 しょうこ|N1
명사|noun|照合|しょうごう|조회, 어떤 사항이나 내용이 맞는지 알아봄|null|null|null|照合 조회, 어떤 사항이나 내용이 맞는지 알아봄 しょうごう|N1
명사|noun|昇進|しょうしん|승진|null|null|{"year":"2017"}|昇進 2017 승진 しょうしん|N1
명사|noun|情勢|じょうせい|정세|null|null|null|情勢 정세 じょうせい|N1
명사|noun|上層|じょうそう|상층, 상층부|null|null|null|上層 상층, 상층부 じょうそう|N1
명사|noun|消息|しょうそく|소식, 연락, 편지|null|null|null|消息 소식, 연락, 편지 しょうそく|N1
명사|noun|正体|しょうたい|정체|null|null|null|正体 정체 しょうたい|N1
명사|noun|承諾|しょうだく|승낙|null|null|{"year":"2015"}|承諾 2015 승낙 しょうだく|N1
명사|noun|情緒|じょうちょ|정서|null|null|{"note":"じょうしょ로도 읽음"}|情緒 정서(じょうしょ로도 읽음) じょうちょ|N1
명사|noun|情熱|じょうねつ|정열|null|null|null|情熱 정열 じょうねつ|N1
명사|noun|譲歩|じょうほ|양보|null|null|null|譲歩 양보 じょうほ|N1
명사|noun|照明|しょうめい|조명|null|null|null|照明 조명 しょうめい|N1
명사|noun|条約|じょうやく|조약|null|null|null|条約 조약 じょうやく|N1
명사|noun|奨励|しょうれい|장려|null|null|null|奨励 장려 しょうれい|N1
명사|noun|除外|じょがい|제외|null|null|null|除外 제외 じょがい|N1
명사|noun|職員|しょくいん|직원|null|null|null|職員 직원 しょくいん|N1
명사|noun|触発|しょく하つ|촉발, 자극을 줌|null|null|{"year":"2012"}|触発 2012 촉발, 자극을 줌 しょくはつ|N1
명사|noun|職務|しょくむ|직무|null|null|null|職務 직무 しょくむ|N1
명사|noun|諸君|しょくん|제군, 여러분|null|null|null|諸君 제군, 여러분 しょくん|N1
명사|noun|徐行|じょこう|서행|null|null|null|徐行 서행 じょこう|N1
명사|noun|所在|しょざい|소재|null|null|null|所在 소재 しょざい|N1
명사|noun|所持|しょじ|소지|null|null|null|所持 소지 しょじ|N1
명사|noun|所属|しょぞく|소속|null|null|null|所属 소속 しょぞく|N1
명사|noun|処置|しょち|처치, 조치|null|null|{"year":"2013"}|処置 2013 처치, 조치 しょち|N1
명사|noun|処罰|しょばつ|처벌|null|null|null|処罰 처벌 しょばつ|N1
명사|noun|処分|しょぶん|처분|null|null|null|処分 처분 しょぶん|N1
명사|noun|庶民|しょみん|서민|null|null|null|庶民 서민 しょみん|N1
명사|noun|指令|しれい|지령|null|null|null|指令 지령 しれい|N1
명사|noun|仕業|しわざ|소행, 짓|null|null|{"year":"2012"}|仕業 2012 소행, 짓 しわざ|N1
명사|noun|人員|じんいん|인원|null|null|null|人員 인원 じんいん|N1
명사|noun|人格|じんかく|인격|null|null|null|人格 인격 じんかく|N1
명사|noun|新型|しんがた|신형|null|null|null|新型 신형 しん가た|N1
명사|noun|審議|しんぎ|심의|null|null|null|審議 심의 しんぎ|N1
명사|noun|人権|じんけん|인권|null|null|null|人権 인권 じんけん|N1
명사|noun|振興|しんこう|진흥, 번성|null|null|null|振興 진흥, 번성 しんこう|N1
명사|noun|新婚|しんこん|신혼|null|null|null|新婚 신혼 しんこん|N1
명사|noun|審査|신사|심사|null|null|null|審査 심사 しんさ|N1
명사|noun|真珠|しんじゅ|진주|null|null|null|真珠 진주 しんじゅ|N1
명사|noun|伸縮|しんしゅく|신축, 늘리고 줄임|null|null|null|伸縮 신축, 늘리고 줄임 しんしゅく|N1
명사|noun|心情|しんじょう|심정|null|null|null|心情 심정 しんじょう|N1
명사|noun|親善|しんぜん|친선, 사이가 좋게 함|null|null|null|親善 친선, 사이가 좋게 함 しんぜん|N1
명사|noun|深層|しんそう|심층|null|null|null|深層 심층 しんそう|N1
명사|noun|真相|しんそう|진상|null|null|null|真相 진상 しんそう|N1
명사|noun|新築|しんちく|신축, 새로 지음|null|null|null|新築 신축, 새로 지음 しんちく|N1
명사|noun|進呈|しんてい|증정, 드림|null|null|null|進呈 증정, 드림 しんてい|N1
명사|noun|進展|しんてん|진전|null|null|null|進展 진전 しんてん|N1
명사|noun|振動|しんどう|진동|null|null|null|振動 진동 しんどう|N1
명사|noun|信任|しんにん|신임|null|null|null|信任 신임 しんにん|N1
명사|noun|神秘|しんぴ|신비|null|null|null|神秘 신비 しんぴ|N1
명사|noun|辛抱|しんぼう|인내, 참음|null|null|null|辛抱 인내, 참음 しんぼう|N1
명사|noun|侵略|しんりゃく|침략|null|null|null|侵略 침략 しんりゃく|N1
명사|noun|診療|しんりょう|진료|null|null|null|診療 진료 しんりょう|N1
명사|noun|進路|しんろ|진로|null|null|null|進路 진로 しんろ|N1
명사|noun|神話|しんわ|신화|null|null|null|神話 신화 しんわ|N1
명사|noun|親和|しんわ|친화, 사이좋게 잘 어울림|null|null|null|親和 친화, 사이좋게 잘 어울림 しんわ|N1
명사|noun|推移|すいい|추이|null|null|{"year":"2019"}|推移 2019 추이 すいい|N1
명사|noun|水源|すいげん|수원|null|null|null|水源 수원 すいげん|N1
명사|noun|遂行|すいこう|수행, 완수|null|null|{"year":"2014"}|遂行 2014 수행, 완수 すいこう|N1
명사|noun|推進|すいしん|추진|null|null|null|推進 추진 すいしん|N1
명사|noun|吹奏|すいそう|취주, 관악기 연주|null|null|null|吹奏 취주, 관악기 연주 すいそう|N1
명사|noun|推測|すいそく|추측|null|null|null|推測 추측 すいそく|N1
명사|noun|衰退|すいたい|쇠퇴|null|null|null|衰退 쇠퇴 すいたい|N1
명사|noun|水田|すいでん|논|null|null|null|水田 논 すいでん|N1
명사|noun|推理|すいり|추리|null|null|{"year":"2010"}|推理 2010 추리 すいり|N1
명사|noun|数値|すうち|수치|null|null|null|数値 수치 すうち|N1
명사|noun|崇拝|すうはい|숭배|null|null|null|崇拝 숭배 すうはい|N1
명사|noun|ずぶ濡れ|ずぶぬれ|흠뻑 젖음|null|null|null|ずぶ濡れ 흠뻑 젖음 ずぶぬれ|N1
명사|noun|術|すべ|방법, 수단|null|null|{"year":"2013"}|術 2013 방법, 수단 すべ|N1
명사|noun|ずれ|ずれ|어긋남|null|null|null|ずれ 어긋남|N1
명사|noun|擦れ違い|すれちがい|스쳐 지나감, 엇갈림|null|null|null|擦れ違い 스쳐 지나감, 엇갈림 すれちがい|N1
명사|noun|寸前|すんぜん|직전|null|null|null|寸前 직전 すんぜん|N1
명사|noun|誠意|せいい|성의|null|null|null|誠意 성의 せいい|N1
명사|noun|生育|せいいく|생육, 생물이 나서 자람|null|null|null|生育 생육, 생물이 나서 자람 せいいく|N1
명사|noun|精鋭|せいえい|정예, 선택된 소수의 인재|null|null|null|精鋭 정예, 선택된 소수의 인재 せいえい|N1
명사|noun|正規|せいき|정규|null|null|null|正規 정규 せいき|N1
명사|noun|制裁|せいさい|제재|null|null|null|制裁 제재 せいさい|N1
명사|noun|政策|せいさく|정책|null|null|null|政策 정책 せいさく|N1
명사|noun|精算|せいさん|정산|null|null|{"year":"2018"}|精算 2018 정산 せいさん|N1
명사|noun|生死|せいし|생사, 삶과 죽음|null|null|null|生死 생사, 삶과 죽음 せいし|N1
명사|noun|成熟|せいじゅく|성숙|null|null|null|成熟 성숙 せいじゅく|N1
명사|noun|盛装|せいそう|성장, 화려하게 단장함|null|null|null|盛装 성장, 화려하게 단장함 せいそう|N1
명사|noun|生息|せいそく|생식, 서식, 생존|null|null|null|生息 생식, 서식, 생존 せいそく|N1
명사|noun|制定|せいてい|제정|null|null|null|制定 제정 せいてい|N1
명사|noun|征服|せいふく|정복, 무력으로 복종시킴, 어려움을 이겨냄|null|null|null|征服 정복, 무력으로 복종시킴, 어려움을 이겨냄 せいふく|N1
명사|noun|税率|ぜいりつ|세율|null|null|null|税率 세율 ぜいりつ|N1
명사|noun|勢력|せいりょく|세력|null|null|null|勢力 세력 せいりょく|N1
명사|noun|責務|せきむ|책무, 책임과 의무|null|null|null|責務 책무, 책임과 의무 せきむ|N1
명사|noun|世間知らず|せけんしらず|세상 물정에 어두움, 철부지|null|null|null|世間知らず 세상 물정에 어두움, 철부지 せけんしらず|N1
명사|noun|世間体|せけんてい|세상에 대한 체면, 이목, 평판|null|null|null|世間体 세상에 대한 체면, 이목, 평판 せけんてい|N1
명사|noun|世間話|せけんばなし|세상 이야기, 잡담|null|null|null|世間話 세상 이야기, 잡담 せけんばなし|N1
명사|noun|是正|ぜせい|시정, 잘못된 것을 바로 잡음|null|null|null|是正 시정, 잘못된 것을 바로 잡음 ぜせい|N1
명사|noun|世相|せそう|세상, 세태|null|null|null|世相 세상, 세태 せそう|N1
명사|noun|世帯|せたい|세대, 가구(가족의 단위)|null|null|null|世帯 세대, 가구(가족의 단위) せたい|N1
명사|noun|接触|せっしょく|접촉|null|null|null|接触 접촉 せっしょく|N1
명사|noun|折衷|せっちゅう|절충, 여러 의견을 알맞게 조합해 정리함|null|null|null|折衷 절충, 여러 의견을 알맞게 조합해 정리함 せっちゅう|N1
명사|noun|切望|せつぼう|절망, 간절히 바람|null|null|null|切望 절망, 간절히 바람 せつぼう|N1
명사|noun|絶望|ぜつぼう|절망, 좌절감|null|null|null|絶望 절망, 좌절감 ぜつぼう|N1
명사|noun|世論|せろん|여론|null|null|{"note":"ぜろん, よろん으로도 읽음"}|世論 여론(ぜろん, よろん으로도 읽음) せろん|N1
명사|noun|善악|ぜんあく|선악|null|null|null|善悪 선악 ぜんあく|N1
명사|noun|繊維|せんい|섬유|null|null|null|繊維 섬유 せんい|N1
명사|noun|宣言|せんげん|선언|null|null|null|宣言 선언 せんげん|N1
명사|noun|選考|せんこう|전형, 능력이나 자질 등을 고려해 적임자를 뽑는 것|null|null|null|選考 전형, 능력이나 자질 등을 고려해 적임자를 뽑는 것 せんこう|N1
명사|noun|戦災|せんさい|전재, 전쟁으로 인한 재앙|null|null|null|戦災 전재, 전쟁으로 인한 재앙 せんさい|N1
명사|noun|全集|ぜんしゅう|전집|null|null|null|全集 전집 ぜんしゅう|N1
명사|noun|選出|せんしゅつ|선출|null|null|null|選出 선출 せんしゅつ|N1
명사|noun|戦術|せんじゅつ|전술|null|null|null|戦術 전술 せんじゅつ|N1
명사|noun|前提|ぜんてい|전제|null|null|null|前提 전제 ぜんてい|N1
명사|noun|戦闘|せんとう|전투|null|null|null|戦闘 전투 せんとう|N1
명사|noun|潜入|せんにゅう|잠입|null|null|null|潜入 잠입 せんにゅう|N1
명사|noun|船舶|せんぱく|선박|null|null|null|船舶 선박 せんぱく|N1
명사|noun|先方|せんぽう|상대방|null|null|{"year":"2012"}|先方 2012 상대방 せんぽう|N1
명사|noun|全滅|ぜんめつ|전멸|null|null|null|全滅 전멸 ぜんめつ|N1
명사|noun|占領|せんりょう|점령|null|null|null|占領 점령 せんりょう|N1
명사|noun|憎悪|ぞうお|증오|null|null|null|憎悪 증오 ぞうお|N1
명사|noun|相応|そうおう|상응, 알맞음|null|null|null|相応 상응, 알맞음 そうおう|N1
명사|noun|総額|そうがく|총액|null|null|{"year":"2018"}|総額 2018 총액 そうがく|N1
명사|noun|増強|ぞうきょう|증강, 수나 양을 늘려 더 강하게 함|null|null|null|増強 증강 ぞうきょう|N1
명사|noun|走行|そうこう|주행|null|null|null|走行 주행 そうこう|N1
명사|noun|喪失|そうしつ|상실|null|null|null|喪失 상실 そうしつ|N1
명사|noun|操縦|そうじゅう|조종, 생각대로 부려 움직임|null|null|null|操縦 조종, 생각대로 부려 움직임 そうじゅう|N1
명사|noun|装飾|そうしょく|장식|null|null|null|装飾 장식 そうしょく|N1
명사|noun|増進|ぞうしん|증진, 기운이나 세력이 점점 늘어남|null|null|null|増進 증진 ぞうしん|N1
명사|noun|遭難|そうなん|조난, 등산이나 항해 중 재난을 만남|null|null|null|遭難 조난 ぞうなん|N1
명사|noun|相場|そうば|시가, 시장에서 상품이 거래되는 가격|null|null|{"year":"2016"}|相場 2016 시가 そうば|N1
명사|noun|装備|そうび|장비|null|null|null|装備 장비 そうび|N1
명사|noun|双方|そうほう|쌍방|null|null|null|双方 쌍방 そうほう|N1
명사|noun|促進|そくしん|촉진|null|null|null|促進 촉진 そくしん|N1
명사|noun|束縛|そくばく|속박, 한데 묶음, 구속|null|null|null|束縛 속박, 한데 묶음, 구속 そくばく|N1
명사|noun|側面|そくめん|측면|null|null|null|側面 측면 そくめん|N1
명사|noun|素材|そざい|소재|null|null|{"year":"2019"}|素材 2019 소재 そざい|N1
명사|noun|阻止|そし|저지|null|null|null|阻止 저지 そし|N1
명사|noun|訴訟|そしょう|소송|null|null|null|訴訟 소송 そしょう|N1
명사|noun|措置|そち|조치, 대책|null|null|null|措置 조치, 대책 そち|N1
명사|noun|率先|そっせん|솔선|null|null|null|率先 솔선 そっせん|N1
명사|noun|そっぽ|そっぽ|다른 쪽|null|null|null|そっぽ 다른 쪽|N1
명사|noun|素養|そよう|소양|null|null|null|素養 소양 そよう|N1
명사|noun|尊厳|そんげん|존엄|null|null|null|尊厳 존엄 そんげん|N1
명사|noun|損失|そんしつ|손실|null|null|null|損失 손실 そんしつ|N1
명사|noun|存続|そんぞく|존속|null|null|null|存続 존속 そんぞく|N1
명사|noun|隊員|たいいん|대원|null|null|null|隊員 대원 たいいん|N1
명사|noun|対応|たいおう|대응|null|null|null|対応 대응 たいおう|N1
명사|noun|大家|たいか|대가, 권위자|null|null|null|大家 대가, 권위자 たいか|N1
명사|noun|退化|たいか|퇴화|null|null|null|退化 퇴화 たいか|N1
명사|noun|大金|たいきん|거금, 큰 돈|null|null|null|大金 거금, 큰 돈 たいきん|N1
명사|noun|待遇|たいぐう|대우|null|null|null|待遇 대우 たいぐう|N1
명사|noun|体験|たいけん|체험|null|null|null|体験 체험 たいけん|N1
명사|noun|対抗|たいこう|대항|null|null|null|対抗 대항 たいこう|N1
명사|noun|代行|だいこう|대행|null|null|null|代行 대행 だいこう|N1
명사|noun|退治|たいじ|퇴치|null|null|null|退治 퇴치 たいじ|N1
명사|noun|大衆|たいしゅう|대중|null|null|null|大衆 대중 たいしゅう|N1
명사|noun|対処|たいしょ|대처|null|null|null|対処 대처 たいしょ|N1
명사|noun|態勢|たいせい|태세|null|null|null|態勢 태세 たいせい|N1
명사|noun|大地|だいち|대지|null|null|null|大地 대지 だいち|N1
명사|noun|体調|たいちょう|컨디션, 몸 상태|null|null|null|体調 컨디션, 몸 상태 たいちょう|N1
명사|noun|台無し|だいなし|엉망이 됨, 형편없음|null|null|null|台無し 엉망이 됨, 형편없음 だいなし|N1
명사|noun|滞納|たいのう|체납|null|null|null|滞納 체납 たいのう|N1
명사|noun|待望|たいぼう|대망|null|null|null|待望 대망 たいぼう|N1
명사|noun|台本|だいほん|대본|null|null|null|台本 대본 だいほん|N1
명사|noun|怠慢|たいまん|태만|null|null|null|怠慢 태만 たいまん|N1
명사|noun|対面|たいめん|대면|null|null|null|対面 대면 たいめん|N1
명사|noun|大役|たいやく|중임, 큰 역할|null|null|null|大役 중임, 큰 역할 たいやく|N1
명사|noun|太陽光|たいようこう|태양광|null|null|null|太陽光 태양광 たいようこう|N1
명사|noun|打開|だかい|타개|null|null|{"year":"2013"}|打開 2013 타개 だかい|N1
명사|noun|宝くじ|たからくじ|복권|null|null|null|宝くじ 복권 たからくじ|N1
명사|noun|妥協|だきょう|타협|null|null|{"year":"2012"}|妥協 2012 타협 だきょう|N1
명사|noun|類|たぐい|같은 종류의 것, 등류|null|null|null|類 같은 종류의 것, 등류 たぐい|N1
명사|noun|打撃|だげき|타격|null|null|null|打撃 타격 だげき|N1
명사|noun|妥結|だけつ|타결|null|null|null|妥結 타결 だけつ|N1
명사|noun|駄作|ださく|졸작, 시시한 작품|null|null|null|駄作 졸작, 시시한 작품 ださく|N1
명사|noun|多数決|たすうけつ|다수결|null|null|null|多数決 다수결 たすうけつ|N1
명사|noun|脱出|だっしゅつ|탈출|null|null|null|脱出 탈출 だっしゅつ|N1
명사|noun|達成|たっせい|달성|null|null|null|達成 달성 たっせい|N1
명사|noun|脱退|だったい|탈퇴|null|null|null|脱退 탈퇴 だったい|N1
명사|noun|建前|たてまえ|표면상의 방침, 원칙|null|null|null|建前 (표면상의) 방침, 원칙 たてまえ|N1
명사|noun|魂|たましい|영혼|null|null|null|魂 영혼 たましい|N1
명사|noun|堕落|だらく|타락|null|null|null|堕落 타락 だらく|N1
명사|noun|単価|たんか|단가, 개당 가격|null|null|null|単価 단가, 개당 가격 たんか|N1
명사|noun|探検|たんけん|탐험|null|null|null|探検 탐험 たんけん|N1
명사|noun|断言|だんげん|단언|null|null|null|断言 단언 だんげん|N1
명사|noun|短縮|たんしゅく|단축|null|null|null|短縮 단축 たんしゅく|N1
명사|noun|単身|たんしん|단신|null|null|null|単身 단신 たんしん|N1
명사|noun|探知|たんち|탐지, 찾아 알아냄|null|null|null|探知 탐지, 찾아 알아냄 たんち|N1
명사|noun|単독|たん독|단독|null|null|null|単独 단독 たんどく|N1
명사|noun|断念|だんねん|단념|null|null|{"year":"2012"}|断念 2012 단념 だんねん|N1
명사|noun|たんぱく質|たんぱくしつ|단백질|null|null|null|たんぱく質 단백질|N1
명사|noun|弾力|だんりょく|탄력|null|null|null|弾力 탄력 だんりょく|N1
명사|noun|蓄積|ちくせき|축적|null|null|null|蓄積 축적 ちくせき|N1
명사|noun|地中|ちちゅう|지하, 땅속|null|null|null|地中 지하, 땅속 ちちゅう|N1
명사|noun|秩序|ちつじょ|질서|null|null|null|秩序 질서 ちつじょ|N1
명사|noun|窒息|ちっそく|질식|null|null|null|窒息 질식 ちっそく|N1
명사|noun|着手|ちゃくしゅ|착수|null|null|null|着手 착수 ちゃくしゅ|N1
명사|noun|着目|ちゃくもく|착목, 착안, 주목|null|null|null|着目 착목, 착안, 주목 ちゃくもく|N1
명사|noun|宙返り|ちゅうがえり|공중 회전, 공중제비|null|null|null|宙返り 공중 회전, 공중제비 ちゅうがえり|N1
명사|noun|忠告|ちゅうこく|충고|null|null|null|忠告 충고 ちゅうこく|N1
명사|noun|抽出|ちゅうしゅつ|추출, 뽑아냄|null|null|null|抽出 추출, 뽑아냄 ちゅうしゅつ|N1
명사|noun|中傷|ちゅうしょう|중상, 비방, 모략|null|null|null|中傷 중상, 비방, 모략 ちゅうしょう|N1
명사|noun|中核|ちゅうかく|중추, 중심|null|null|{"year":"2014"}|中核 2014 중추, 중심 ちゅうかく|N1
명사|noun|抽選|ちゅうせん|추첨|null|null|{"year":"2016"}|抽選 2016 추첨 ちゅうせん|N1
명사|noun|中毒|ちゅう독|중독|null|null|null|中毒 중독 ちゅうどく|N1
명사|noun|調印|ちょういん|조인, 약정서 등에 도장을 찍음|null|null|null|調印 조인, 약정서 등에 도장을 찍음 ちょういん|N1
명사|noun|聴覚|ちょうかく|청각|null|null|null|聴覚 청각 ちょうかく|N1
명사|noun|長寿|ちょうじゅ|장수|null|null|null|長寿 장수 ちょうじゅ|N1
명사|noun|徴収|ちょうしゅう|징수|null|null|null|徴収 징수 ちょうしゅう|N1
명사|noun|挑戦|ちょうせん|도전|null|null|null|挑戦 도전 ちょうせん|N1
명사|noun|調達|ちょうたつ|조달|null|null|{"year":"2010"}|調達 2010 조달 ちょうたつ|N1
명사|noun|調停|ちょうてい|조정, 중재|null|null|null|調停 조정, 중재 ちょうてい|N1
명사|noun|重宝|ちょうほう|보물, 소중히 여김|null|null|{"year":"2011","note":"じゅうほう로도 읽음"}|重宝 2011 보물, 소중히 여김(じゅうほう로도 읽음) ちょうほう|N1
명사|noun|調和|ちょうわ|조화|null|null|null|調和 조화 ちょうわ|N1
명사|noun|直面|ちょくめん|직면|null|null|{"year":"2015"}|直面 2015 직면 ちょくめん|N1
명사|noun|著作権|ちょさくけん|저작권|null|null|null|著作権 저작권 ちょさくけん|N1
명사|noun|貯蓄|ちょちく|저축|null|null|null|貯蓄 저축 ちょちく|N1
명사|noun|直感|ちょっかん|직감|null|null|null|直感 직감 ちょっかん|N1
명사|noun|珍味|ちんみ|진미, 고귀하고 맛이 좋은 음식|null|null|null|珍味 진미, 고귀하고 맛이 좋은 음식 ちんみ|N1
명사|noun|沈黙|ちんもく|침묵|null|null|null|沈黙 침묵 ちんもく|N1
명사|noun|陳列|ちんれつ|진열|null|null|{"year":"2016"}|陳列 2016 진열 ちんれつ|N1
명사|noun|追及|ついきゅう|추궁|null|null|null|追及 추궁 ついきゅう|N1
명사|noun|追跡|ついせき|추적|null|null|null|追跡 추적 ついせき|N1
명사|noun|墜落|ついらく|추락|null|null|null|墜落 추락 ついらく|N1
명사|noun|痛感|つうかん|통감|null|null|null|痛感 통감 つうかん|N1
명사|noun|束の間|つかのま|잠깐 사이, 짧은 시간|null|null|{"year":"2018"}|束の間 2018 잠깐 사이, 짧은 시간 つかのま|N1
명사|noun|つじつま|つじつま|사리, 이치|null|null|{"note":"つじつまが合う 이치가 맞다"}|つじつま 사리, 이치|N1
명사|noun|都度|つど|매번, 매회|null|null|null|都度 매번, 매회 つど|N1
명사|noun|粒状|りゅうじょう|입자 상태, 알갱이 모양|null|null|{"note":"りゅうじょう로도 읽음"}|粒状 입자 상태, 알갱이 모양(りゅうじょう로도 읽음) つぶじょう|N1
명사|noun|つぼみ|つぼみ|꽃봉오리|null|null|null|つぼみ 꽃봉오리|N1
명사|noun|露|つゆ|이슬|null|null|null|露 이슬 つゆ|N1
명사|noun|強火|つよび|센 불|null|null|{"year":"2017"}|強火 2017 센 불 つよび|N1
명사|noun|手当て|てあて|① 치료, 처치 ② 수당|null|null|null|手当て ① 치료, 처치 ② 수당 てあて|N1
명사|noun|提供|ていきょう|제공|null|null|{"year":"2016"}|提供 2016 제공 ていきょう|N1
명사|noun|提携|ていけい|제휴|null|null|null|提携 제휴 ていけい|N1
명사|noun|体裁|ていさい|체재, 형식|null|null|null|体裁 체재, 형식 ていさい|N1
명사|noun|提示|ていじ|제시|null|null|null|提示 제시 ていじ|N1
명사|noun|停滞|ていたい|정체|null|null|null|停滞 정체 ていたい|N1
명사|noun|邸宅|ていたく|저택|null|null|null|邸宅 저택 ていたく|N1
명사|noun|手遅れ|ておくれ|때늦음, 시기를 놓침|null|null|null|手遅れ 때늦음, 시기를 놓침 ておくれ|N1
명사|noun|手掛かり|てがかり|실마리, 단서|null|null|{"year":"2011"}|手掛かり 2011 실마리, 단서 てがかり|N1
명사|noun|出来|でき|완성, 성과, 결과, 완성도|null|null|null|出来 완성, 성과, 결과, 완성도 でき|N1
명사|noun|適応|てきおう|적응|null|null|null|適応 적응 てきおう|N1
명사|noun|手際|てぎわ|솜씨, 수완|null|null|{"year":"2012"}|手際 2012 솜씨, 수완 てぎわ|N1
명사|noun|手ごたえ|てごたえ|반응, 보람|null|null|null|手ごたえ 반응, 보람|N1
명사|noun|手順|てじゅん|순서, 차례|null|null|null|手順 순서, 차례 てじゅん|N1
명사|noun|手違い|てちがい|착오, 차질, 실책|null|null|null|手違い 착오, 차질, 실책 てちがい|N1
명사|noun|てっぺん|てっぺん|꼭대기|null|null|null|てっぺん 꼭대기|N1
명사|noun|出直し|でなおし|재출발, 다시 시작함|null|null|null|出直し 재출발, 다시 시작함 でなおし|N1
명사|noun|手抜き|てぬき|부실, 날림|null|null|null|手抜き 부실, 날림 てぬき|N1
명사|noun|手配|てはい|① 준비, 채비 ② 수배(체포 활동)|null|null|null|手配 ① 준비, 채비 ② 수배(체포 활동) てはい|N1
명사|noun|手筈|てはず|준비, 계획|null|null|null|手筈 준비, 계획 てはず|N1
명사|noun|手引き|てびき|안내, 안내서|null|null|null|手引き 안내, 안내서 てびき|N1
명사|noun|手本|てほん|표본, 모범|null|null|null|手本 표본, 모범 てほん|N1
명사|noun|手回し|てまわし|① 수동식 ② 준비|null|null|null|手回し ① 수동식 ② 준비 てまわし|N1
명사|noun|手分け|てわけ|분담|null|null|{"year":"2014"}|手分け 2014 분담 てわけ|N1
명사|noun|田園|でんえん|전원(시골)|null|null|null|田園 전원(시골) でんえん|N1
명사|noun|転換|てんかん|전환|null|null|null|転換 전환 てんかん|N1
명사|noun|転居|てんきょ|이사|null|null|null|転居 이사 てんきょ|N1
명사|noun|点検|てんけん|점검|null|null|{"year":"2019"}|点検 2019 점검 てんけん|N1
명사|noun|転校|てんこう|전학|null|null|null|転校 전학 てんこう|N1
명사|noun|天災|てんさい|천재, 자연의 변화로 일어나는 재난|null|null|null|天災 천재, 자연의 변화로 일어나는 재난 てんさい|N1
명사|noun|伝承|でんしょう|전승, 계승|null|null|null|伝承 전승, 계승 でんしょう|N1
명사|noun|転職|てんしょく|전직, 이직|null|null|null|転職 전직, 이직 てんしょく|N1
명사|noun|転覆|てんぷく|(열차·배 등의) 전복, 뒤집힘|null|null|null|転覆 (열차·배 등의) 전복, 뒤집힘 てんぷく|N1
명사|noun|展望|てんぼう|전망|null|null|null|展望 전망 てんぼう|N1
명사|noun|転落|てんらく|전락|null|null|null|転落 전락 てんらく|N1
명사|noun|胴|どう|몸통, 동체|null|null|null|胴 몸통, 동체 どう|N1
명사|noun|陶器|とうき|도기, 도자기|null|null|null|陶器 도기, 도자기 とうき|N1
명사|noun|討議|とうぎ|토의|null|null|null|討議 토의 とうぎ|N1
명사|noun|動機|どうき|동기|null|null|null|動機 동기 どうき|N1
명사|noun|同級生|どうきゅうせい|동급생|null|null|null|同級生 동급생 どうきゅうせい|N1
명사|noun|当局|とうきょく|당국|null|null|null|当局 당국 とうきょく|N1
명사|noun|統合|とうごう|통합|null|null|{"year":"2015"}|統合 2015 통합 とうごう|N1
명사|noun|搭載|とうさい|탑재|null|null|null|搭載 탑재 とうさい|N1
명사|noun|倒産|とうさん|도산|null|null|null|倒産 도산 とうさん|N1
명사|noun|投資|とうし|투자|null|null|null|投資 투자 とうし|N1
명사|noun|同士|どうし|같은 부류, ~끼리|null|null|null|同士 같은 부류, ~끼리 どうし|N1
명사|noun|踏襲|とうしゅう|답습, 그대로 계승함|null|null|{"year":"2012"}|踏襲 2012 답습, 그대로 계승함 とうしゅう|N1
명사|noun|当初|とうしょ|당초|null|null|null|当初 당초 とうしょ|N1
명사|noun|同情|どうじょう|동정|null|null|{"year":"2019"}|同情 2019 동정 どうじょう|N1
명사|noun|統制|とうせい|통제|null|null|null|統制 통제 とうせい|N1
명사|noun|当選|とうせん|당선|null|null|null|当選 당선 とうせん|N1
명사|noun|当然|とうぜん|똑같음, 다름없음|null|null|null|当然 똑같음, 다름없음 とうぜん|N1
명사|noun|闘争|とうそう|투쟁|null|null|null|闘争 투쟁 とうそう|N1
명사|noun|統率|とうそつ|통솔|null|null|null|統率 통솔 とうそつ|N1
명사|noun|到達|とうたつ|도달|null|null|null|到達 도달 とうたつ|N1
명사|noun|統治|とうち|통치|null|null|null|統治 통치 とうち|N1
명사|noun|同調|どうちょう|동조, 동의|null|null|null|同調 동조, 동의 どうちょう|N1
명사|noun|同等|どうとう|동등|null|null|null|同等 동등 どうとう|N1
명사|noun|投入|とうにゅう|투입|null|null|null|投入 투입 とうにゅう|N1
명사|noun|導入|どうにゅう|도입|null|null|null|導入 도입 どうにゅう|N1
명사|noun|党派|とうは|당파|null|null|null|党派 당파 とうは|N1
명사|noun|同封|どうふう|동봉|null|null|null|同封 동봉 どうふう|N1
명사|noun|逃亡|とうぼう|도망|null|null|null|逃亡 도망 とうぼう|N1
명사|noun|同盟|どうめい|동맹|null|null|null|同盟 동맹 どうめい|N1
명사|noun|当面|とうめん|당분간|null|null|{"year":"2012"}|当면 2012 당분간 とうめん|N1
명사|noun|投与|とうよ|투여|null|null|null|投与 투여 とうよ|N1
명사|noun|動揺|どうよう|동요|null|null|{"year":"2019"}|動揺 2019 동요 どうよう|N1
명사|noun|同類|どうるい|동류|null|null|null|同類 동류 どうるい|N1
명사|noun|特技|とくぎ|특기|null|null|null|特技 특기 とくぎ|N1
명사|noun|独裁|독사이|독재|null|null|null|独裁 독재 どくさい|N1
명사|noun|特設|とくせつ|특설|null|null|null|特設 특설 とくせつ|N1
명사|noun|独占|どくせん|독점|null|null|null|独占 독점 どくせん|N1
명사|noun|独創性|どくそうせい|독창성|null|null|null|独創性 독창성 どくそうせい|N1
명사|noun|督促|とくそく|독촉|null|null|{"year":"2014"}|督促 2014 독촉 とくそく|N1
명사|noun|得点|とくてん|득점|null|null|null|得点 득점 とくてん|N1
명사|noun|匿名|とくめい|익명|null|null|null|匿名 익명 とくめい|N1
명사|noun|戸締り|とじまり|문단속|null|null|null|戸締り 문단속 とじまり|N1
명사|noun|土台|どだい|토대, 기초|null|null|null|土台 토대, 기초 どだい|N1
명사|noun|特許|とっきょ|특허|null|null|null|特許 특허 とっきょ|N1
명사|noun|特権|とっけん|특권|null|null|null|特権 특권 とっけん|N1
명사|noun|突破|とっぱ|돌파|null|null|null|突破 돌파 とっぱ|N1
명사|noun|土手|どて|둑, 제방|null|null|null|土手 둑, 제방 どて|N1
명사|noun|扉|とびら|문짝, 문|null|null|null|扉 문짝, 문 とびら|N1
명사|noun|土木|どぼく|토목, 토목공사|null|null|null|土木 토목, 토목공사 どぼく|N1
명사|noun|取り返し|とりかえし|되찾음, 만회|null|null|null|取り返し 되찾음, 만회 とりかえし|N1
명사|noun|取り締まり|とりしまり|단속, 감독, 관리|null|null|null|取り締まり 단속, 감독, 관리 とりしまり|N1
명사|noun|度忘れ|どわすれ|깜빡 잊음|null|null|null|度忘れ 깜빡 잊음 どわすれ|N1
명사|noun|問屋|とんや|도매상, 도맡아 함|null|null|null|問屋 도매상, 도맡아 함 とんや|N1
명사|noun|内閣|ないかく|내각|null|null|null|内閣 내각 ないかく|N1
명사|noun|内心|ないしん|내심, 마음 속|null|null|null|内心 내심, 마음 속 ないしん|N1
명사|noun|内臓|ないぞう|내장|null|null|null|内臓 내장 ないぞう|N1
명사|noun|苗|なえ|모종|null|null|null|苗 모종 なえ|N1
명사|noun|仲間入り|なかまいり|동참, 합류|null|null|null|仲間入り 동참, 합류 なかまいり|N1
명사|noun|仲人|なこうど|중매인|null|null|null|仲人 중매인 なこうど|N1
명사|noun|名残|なごり|자취, 여운, 여파|null|null|null|名残 자취, 여운, 여파 なごり|N1
명사|noun|雪崩|나다れ|눈사태|null|null|null|雪崩 눈사태 なだれ|N1
명사|noun|名札|나ふだ|명찰, 명함|null|null|null|名札 명찰, 명함 なふだ|N1
명사|noun|怠け者|나마케모노|게으름뱅이|null|null|null|怠け者 게으름뱅이 なまけもの|N1
명사|noun|難|なん|어려움, 재난, 결점|null|null|null|難 어려움, 재난, 결점 なん|N1
명사|noun|苦味|にがみ|쓴맛|null|null|null|苦味 쓴맛 にがみ|N1
명사|noun|憎しみ|にくしみ|미움, 증오|null|null|null|憎しみ 미움, 증오 にくしみ|N1
명사|noun|肉親|にくしん|육친|null|null|null|肉親 육친 にくしん|N1
명사|noun|偽物|にせもの|가짜, 위조품|null|null|null|偽物 가짜, 위조품 にせもの|N1
명사|noun|日夜|にち야|주야, 밤낮|null|null|{"year":"2013"}|日夜 2013 주야, 밤낮 にちや|N1
명사|noun|二의次|にのつぎ|나중 문제, 뒷전|null|null|null|二の次 나중 문제, 뒷전 にのつぎ|N1
명사|noun|乳児|にゅうじ|유아, 젖먹이|null|null|null|乳児 유아, 젖먹이 にゅうじ|N1
명사|noun|認識|にんしき|인식|null|null|null|認識 인식 にんしき|N1
명사|noun|人情|にんじょう|인정|null|null|null|人情 인정 にんじょう|N1
명사|noun|妊娠|にんしん|임신|null|null|null|妊娠 임신 にんしん|N1
명사|noun|忍耐|にんたい|인내|null|null|{"year":"2016"}|忍耐 2016 인내 にんたい|N1
명사|noun|認知|にんち|인지|null|null|null|認知 인지 にんち|N1
명사|noun|任務|にんむ|임무|null|null|null|任務 임무 にんむ|N1
명사|noun|任命|にんめい|임명|null|null|null|任命 임명 にんめい|N1
명사|noun|沼|ぬま|늪, 습지|null|null|null|沼 늪, 습지 ぬま|N1
명사|noun|音色|ねいろ|음색|null|null|null|音色 음색 ねいろ|N1
명사|noun|値打ち|ねうち|값어치, 가치, 가격|null|null|null|値打ち 값어치, 가치, 가격 ねうち|N1
명사|noun|熱意|ねつい|열의|null|null|null|熱意 열의 ねつい|N1
명사|noun|熱帯夜|ねったいや|열대야|null|null|null|熱帯夜 열대야 ねったいや|N1
명사|noun|熱湯|ねっとう|열탕, 끓는 물|null|null|null|熱湯 열탕, 끓는 물 ねっとう|N1
명사|noun|根回し|ねまわし|사전 교섭, 밑작업|null|null|null|根回し 사전 교섭, 밑작업 ねまわし|N1
명사|noun|年鑑|ねんかん|연감|null|null|null|年鑑 연감 ねんかん|N1
명사|noun|念願|ねんがん|염원|null|null|{"year":"2017"}|念願 2017 염원 ねんがん|N1
명사|noun|年次|ねんじ|연차|null|null|null|年次 연차 ねんじ|N1
명사|noun|燃焼|ねんしょう|연소, 불탐, 불사름|null|null|null|燃焼 연소, 불탐, 불사름 ねんしょう|N1
명사|noun|年長|ねんちょう|연장자, 연상|null|null|null|年長 연장자, 연상 ねんちょう|N1
명사|noun|念頭|ねんとう|염두|null|null|{"year":"2013"}|念頭 2013 염두 ねんとう|N1
명사|noun|燃料|ねんりょう|연료|null|null|null|燃料 연료 ねんりょう|N1
명사|noun|濃縮|のうしゅく|농축|null|null|null|濃縮 농축 のうしゅく|N1
명사|noun|農地|のうち|농지|null|null|null|農地 농지 のうち|N1
명사|noun|納入|のうにゅう|납입, 납부, 냄|null|null|null|納入 납입, 납부, 냄 のうにゅう|N1
명사|noun|能面|のうめん|전통극 가면|null|null|null|能面 전통극 가면 のうめん|N1
명사|noun|延べ|のべ|연, 합계|null|null|null|延べ 연, 합계 のべ|N1
명사|noun|飲み込み|のみこみ|납득, 이해|null|null|null|飲み込み 납득, 이해 のみこみ|N1
명사|noun|派|は|~파(부류, 그룹)|null|null|null|派 ~파(부류, 그룹) は|N1
명사|noun|把握|はあく|파악|null|null|{"year":"2013"}|把握 2013 파악 はあく|N1
명사|noun|敗因|はいいん|패인|null|null|null|敗인 패인 はいいん|N1
명사|noun|廃棄|はいき|폐기|null|null|null|廃棄 폐기 はいき|N1
명사|noun|配給|はいきゅう|배급|null|null|null|配給 배급 はいきゅう|N1
명사|noun|配偶者|はいぐうしゃ|배우자|null|null|null|配偶者 배우자 はいぐうしゃ|N1
명사|noun|背後|はいご|배후|null|null|null|背後 배후 はいご|N1
명사|noun|排除|はいじょ|배제|null|null|null|排除 배제 はいじょ|N1
명사|noun|賠償|ばいしょう|배상|null|null|null|賠償 배상 ばいしょう|N1
명사|noun|排水|はいすい|배수, 물 빼기|null|null|null|排水 배수, 물 빼기 はいすい|N1
명사|noun|敗戦|はいせん|패전|null|null|null|敗戦 패전 はいせん|N1
명사|noun|配当|はいとう|배당|null|null|null|配当 배당 はいとう|N1
명사|noun|配布|はいふ|배포|null|null|{"year":"2017"}|配布 2017 배포 はいふ|N1
명사|noun|敗北|はいぼく|패배|null|null|{"antonym":"勝利 (승리)"}|敗北 패배 はいぼく|N1
명사|noun|配慮|はいりょ|배려|null|null|null|配慮 배려 はいりょ|N1
명사|noun|破壊|はかい|파괴|null|null|null|破壊 파괴 はかい|N1
명사|noun|破棄|はき|파기|null|null|null|破棄 파기 はき|N1
명사|noun|波及|はきゅう|파급|null|null|null|波及 파급 はきゅう|N1
명사|noun|迫害|はくがい|박해|null|null|null|迫害 박해 はくがい|N1
명사|noun|白状|はくじょう|자백, 진술|null|null|null|白状 자백, 진술 はくじょう|N1
명사|noun|爆弾|ばくだん|폭탄|null|null|null|爆弾 폭탄 ばくだん|N1
명사|noun|爆破|ばくは|폭파|null|null|null|爆破 폭파 ばくは|N1
명사|noun|暴露|ばくろ|폭로|null|null|{"year":"2017"}|暴露 2017 폭로 ばくろ|N1
명사|noun|派遣|はけん|파견|null|null|null|派遣 파견 はけん|N1
명사|noun|橋渡し|はしわたし|중개|null|null|null|橋渡し 중개 はしわたし|N1
명사|noun|破損|はそん|파손|null|null|{"year":"2015"}|破損 2015 파손 はそん|N1
명사|noun|裸足|はだし|맨발|null|null|null|裸足 맨발 はだし|N1
명사|noun|蜂蜜|はちみつ|벌꿀|null|null|null|蜂蜜 벌꿀 はちみつ|N1
명사|noun|발芽|はつが|발아|null|null|null|発芽 발아 はつが|N1
명사|noun|抜群|ばつぐん|뛰어남, 출중함|null|null|{"year":"2013"}|抜群 2013 뛰어남, 출중함 ばつぐん|N1
명사|noun|発散|はっさん|발산|null|null|{"year":"2012"}|発散 2012 발산 はっさん|N1
명사|noun|抜粋|ばっすい|발췌|null|null|{"year":"2018"}|抜粋 2018 발췌 ばっすい|N1
명사|noun|発病|はつびょう|발병|null|null|null|発病 발병 はつびょう|N1
명사|noun|初耳|はつみみ|초문, 처음 들음|null|null|null|初耳 초문, 처음 들음 はつみみ|N1
명사|noun|浜|はま|바닷가|null|null|null|浜 바닷가 はま|N1
명사|noun|張り紙|はりがみ|벽보|null|null|null|張り紙 벽보 はりがみ|N1
명사|noun|破裂|はれつ|파열|null|null|null|破裂 파열 はれつ|N1
명사|noun|繁栄|はんえい|번영|null|null|null|繁栄 번영 はんえい|N1
명사|noun|半額|はんがく|반값|null|null|null|半額 반값 はんがく|N1
명사|noun|反感|はんかん|반감|null|null|null|反感 반감 はんかん|N1
명사|noun|反響|はんきょう|반향|null|null|null|反響 반향 はんきょう|N1
명사|noun|反撃|はんげき|반격|null|null|null|反撃 반격 はんげき|N1
명사|noun|判決|はんけつ|판결|null|null|null|判決 판결 はんけつ|N1
명사|noun|万事|ばんじ|만사, 매사, 모든 일|null|null|null|万事 만사, 매사, 모든 일 ばんじ|N1
명사|noun|反射|はんしゃ|반사|null|null|null|反射 반사 はんしゃ|N1
명사|noun|繁盛|はんじょう|번성, 번창|null|null|{"year":"2019"}|繁盛 2019 번성, 번창 はんじょう|N1
명사|noun|伴奏|ばんそう|(음악) 반주|null|null|{"year":"2010"}|伴奏 2010 (음악) 반주 ばんそう|N1
명사|noun|判定|はんてい|판정|null|null|null|判定 판정 はんてい|N1
명사|noun|万人|ばんにん|모든 사람, 만인|null|null|null|万人 모든 사람, 만인 ばんにん|N1
명사|noun|晩年|ばんねん|만년, 늘그막|null|null|null|晩年 만년, 늘그막 ばんねん|N1
명사|noun|万能|ばんのう|만능|null|null|null|万能 만능 ばんのう|N1
명사|noun|反発|はんぱつ|반발|null|null|null|反発 반발 はんぱつ|N1
명사|noun|判別|はんべつ|판별, 식별, 구별|null|null|null|判別 판별, 식별, 구별 はんべつ|N1
명사|noun|氾濫|はんらん|범람|null|null|null|氾濫 범람 はんらん|N1
명사|noun|ひいき|ひいき|편애, 편을 듦, 후원|null|null|null|ひいき 편애, 편을 듦, 후원|N1
명사|noun|控え室|ひかえしつ|대기실|null|null|null|控え室 대기실 ひかえしつ|N1
명사|noun|悲観|ひかん|비관|null|null|null|悲観 비관 ひかん|N1
명사|noun|悲願|ひがん|비원, 비장한 소원|null|null|null|悲願 비원, 비장한 소원 ひがん|N1
명사|noun|引き換え|ひきかえ|교환|null|null|null|引き換え 교환 ひきかえ|N1
명사|noun|秘訣|ひけつ|비결|null|null|null|秘訣 비결 ひけつ|N1
명사|noun|非行|ひこう|비행, 잘못되거나 그릇된 행위|null|null|null|非行 비행, 잘못되거나 그릇된 행위 ひこう|N1
명사|noun|比重|ひじゅう|비중|null|null|null|比重 비중 ひじゅう|N1
명사|noun|微笑|びしょう|미소|null|null|null|微笑 미소 びしょう|N1
명사|noun|微生物|びせいぶつ|미생물|null|null|null|微生物 미생물 びせいぶつ|N1
명사|noun|左利き|ひだりきき|왼손잡이|null|null|null|左利き 왼손잡이 ひだりきき|N1
명사|noun|必修|ひっしゅう|필수, 필수과목|null|null|null|必修 필수, 필수과목 ひっしゅう|N1
명사|noun|必然|ひつぜん|필연|null|null|null|必然 필연 ひつぜん|N1
명사|noun|匹敵|ひってき|필적, 맞먹음|null|null|null|匹敵 필적, 맞먹음 ひってき|N1
명사|noun|一息|ひといき|한숨 돌림, 짧은 휴식|null|null|null|一息 한숨 돌림, 짧은 휴식 ひといき|N1
명사|noun|人影|ひとかげ|사람의 그림자, 인적|null|null|null|人影 사람의 그림자, 인적 ひとかげ|N1
명사|noun|人柄|ひとがら|인품, 성품|null|null|null|人柄 인품, 성품 ひとがら|N1
명사|noun|人気|ひとけ|인기척|null|null|null|人気 인기척 ひとけ|N1
명사|noun|人質|ひとじち|인질|null|null|null|人質 인질 ひとじち|N1
명사|noun|一筋|ひとすじ|한 줄기, 일편단심, 일직, 일파|null|null|null|一筋 한 줄기, 일편단심, 일직, 일파 ひとすじ|N1
명사|noun|人出|ひとで|인파, 군중|null|null|{"year":"2012"}|人出 2012 인파, 군중 ひとで|N1
명사|noun|人波|ひとなみ|인파|null|null|null|人波 인파 ひとなみ|N1
명사|noun|避難|ひなん|피난|null|null|null|避難 피난 ひなん|N1
명사|noun|皮肉|ひにく|비꼼, 비아냥|null|null|{"year":"2010"}|皮肉 2010 비꼼, 비아냥 ひにく|N1
명사|noun|ひび|ひび|금(가는 틈새)|null|null|null|ひび 금(가는 틈새)|N1
명사|noun|悲鳴|ひめ이|비명|null|null|null|悲鳴 비명 ひめい|N1
명사|noun|票|ひょう|표|null|null|null|票 표 ひょう|N1
명사|noun|標語|ひょうご|표어|null|null|null|標語 표어 ひょうご|N1
명사|noun|拍子|ひょうし|박자, 장단|null|null|{"year":"2013"}|拍子 2013 박자, 장단 ひょうし|N1
명사|noun|描写|びょうしゃ|묘사|null|null|null|描写 묘사 びょうしゃ|N1
명사|noun|非力|ひりき|무력함, 무능함|null|null|null|非力 무력함, 무능함 ひりき|N1
명사|noun|肥料|ひりょう|비료|null|null|null|肥料 비료 ひりょう|N1
명사|noun|微量|びりょう|미량, 아주 적은 양|null|null|null|微量 미량, 아주 적은 양 びりょう|N1
명사|noun|昼下がり|ひるさがり|오후|null|null|null|昼下がり 오후 ひるさがり|N1
명사|noun|披露|ひろう|피로, 공개함, 널리 알림|null|null|{"year":"2019"}|披露 2019 피로, 공개함, 널리 알림 ひろう|N1
명사|noun|品質|ひんしつ|품질|null|null|null|品質 품질 ひんしつ|N1
명사|noun|頻度|ひんど|빈도|null|null|null|頻度 빈도 ひんど|N1
명사|noun|貧富|ひんぷ|빈부|null|null|{"year":"2013"}|貧富 2013 빈부 ひんぷ|N1
명사|noun|不意|ふい|갑작스러움|null|null|null|不意 갑작스러움 ふい|N1
명사|noun|吹聴|ふいちょう|말을 퍼뜨림, 소문을 냄|null|null|null|吹聴 말을 퍼뜨림, 소문을 냄 ふいちょう|N1
명사|noun|封鎖|ふうさ|봉쇄|null|null|null|封鎖 봉쇄 ふうさ|N1
명사|noun|風習|ふうしゅう|풍습|null|null|null|風習 풍습 ふうしゅう|N1
명사|noun|風土|ふうど|풍토|null|null|null|風土 풍토 ふうど|N1
명사|noun|不朽|ふきゅう|불후, 불멸|null|null|null|不朽 불후, 불멸 ふきゅう|N1
명사|noun|不況|ふきょう|불황|null|null|null|不況 불황 ふきょう|N1
명사|noun|布巾|ふきん|행주|null|null|null|布巾 행주 ふきん|N1
명사|noun|複合|ふくごう|복합|null|null|null|複合 복합 ふくごう|N1
명사|noun|覆面|ふくめん|복면|null|null|null|覆面 복면 ふくめん|N1
명사|noun|不景기|ふけいき|불경기|null|null|null|不景気 불경기 ふけいき|N1
명사|noun|富豪|ふごう|부호|null|null|null|富豪 부호 ふごう|N1
명사|noun|布告|부고쿠|포고, 선포|null|null|null|布告 포고, 선포 ふこく|N1
명사|noun|負債|ふさい|부채|null|null|null|負債 부채 ふさい|N1
명사|noun|扶助|ふじょ|부조, 보조, 원조, 구호|null|null|null|扶助 부조, 보조, 원조, 구호 ふじょ|N1
명사|noun|負傷|ふしょう|부상, 상처를 입음|null|null|null|負傷 부상, 상처를 입음 ふしょう|N1
명사|noun|侮辱|ぶじょく|모욕|null|null|null|侮辱 모욕 ぶじょく|N1
명사|noun|不振|ふしん|부진|null|null|null|不振 부진 ふしん|N1
명사|noun|武装|ぶそう|무장|null|null|null|武装 무장 ぶそう|N1
명사|noun|復活|ふっかつ|부활|null|null|null|復活 부활 ふっかつ|N1
명사|noun|物議|ぶつぎ|물의|null|null|null|物議 물의 ぶつぎ|N1
명사|noun|復旧|ふっきゅう|복구|null|null|{"year":"2014"}|復旧 2014 복구 ふっきゅう|N1
명사|noun|復興|ふっこう|부흥|null|null|{"year":"2017"}|復興 2017 부흥 ふっこう|N1
명사|noun|物資|ぶっし|물자|null|null|null|物資 물자 ぶっし|N1
명사|noun|沸騰|ふっとう|비등, 끓어오름|null|null|{"year":"2016"}|沸騰 2016 비등, 끓어오름 ふっとう|N1
명사|noun|不手際|ふてぎわ|솜씨가 서투름, 실수|null|null|null|不手際 솜씨가 서투름, 실수 ふてぎわ|N1
명사|noun|無難|ぶなん|무난|null|null|null|無難 무난 ぶなん|N1
명사|noun|赴任|ふにん|부임|null|null|{"year":"2011"}|赴任 2011 부임 ふにん|N1
명사|noun|腐敗|ふはい|부패, 상함|null|null|null|腐敗 부패, 상함 ふはい|N1
명사|noun|不備|ふび|미비|null|null|{"year":"2011","note":"antonym: 完備 (완비)"}|不備 2011 미비 ふび|N1
명사|noun|不評|ふひょう|악평|null|null|null|不評 악평 ふひょう|N1
명사|noun|不服|ふふく|불복, 납득이 가지 않음|null|null|{"year":"2011"}|不服 2011 불복, 납득이 가지 않음 ふふく|N1
명사|noun|普遍|ふへん|보편|null|null|null|普遍 보편 ふへん|N1
명사|noun|扶養|ふよう|부양|null|null|null|扶養 부양 ふよう|N1
명사|noun|~ふり|~ふ리|~하는 체, ~하는 척|null|null|null|~ふり ~하는 체, ~하는 척|N1
명사|noun|振り出し|ふりだし|원점, 출발점|null|null|null|振り出し 원점, 출발점 ふりだし|N1
명사|noun|浮力|ふりょく|부력|null|null|null|浮力 부력 ふりょく|N1
명사|noun|振る舞い|ふるまい|행동|null|null|null|振る舞い 행동 ふるまい|N1
명사|noun|付録|ふろく|부록|null|null|null|付録 부록 ふろく|N1
명사|noun|憤慨|ふんがい|분개|null|null|null|憤慨 분개 ふんがい|N1
명사|noun|分際|ぶんざい|신분의 정도, 분수, 주제|null|null|null|分際 신분의 정도, 분수, 주제 ぶんざい|N1
명사|noun|分散|ぶんさん|분산|null|null|null|分散 분산 ぶんさん|N1
명사|noun|紛失|ふんしつ|분실|null|null|null|紛失 분실 ふんしつ|N1
명사|noun|噴出|ふんしゅつ|분출, 내뿜음|null|null|null|噴出 분출, 내뿜음 ふんしゅつ|N1
명사|noun|紛争|ふんそう|분쟁|null|null|null|紛争 분쟁 ふんそう|N1
명사|noun|分担|ぶんたん|분담|null|null|{"year":"2019"}|分担 2019 분담 ぶんたん|N1
명사|noun|奮闘|ふんとう|분투|null|null|null|奮闘 분투 ふんとう|N1
명사|noun|文献|ぶんけん|문헌|null|null|null|文献 문헌 ぶんけん|N1
명사|noun|粉末|ふんまつ|분말, 가루|null|null|null|粉末 분말, 가루 ふんまつ|N1
명사|noun|分裂|ぶんれつ|분열|null|null|null|分裂 분열 ぶんれつ|N1
명사|noun|兵器|へいき|병기|null|null|null|兵器 병기 へいき|N1
명사|noun|並行|へいこう|병행|null|null|{"year":"2011"}|並行 2011 병행 へいこう|N1
명사|noun|閉口|へいこう|질림, 손듦, 함구|null|null|null|閉口 질림, 손듦, 함구 へいこう|N1
명사|noun|閉鎖|へいさ|폐쇄|null|null|null|閉鎖 폐쇄 へいさ|N1
명사|noun|平常|へいじょう|평상, 평소|null|null|null|平常 평상, 평소 へいじょう|N1
명사|noun|平静|へいせい|평정, 평온|null|null|null|平静 평정, 평온 へいせい|N1
명사|noun|辟易|へきえ기|기가 죽음, 질림|null|null|null|辟易 ① 기가 죽음 ② 질림, 손듦 へきえき|N1
명사|noun|弁解|べんかい|변명|null|null|{"year":"2015"}|弁解 2015 변명 べんかい|N1
명사|noun|변혁|へんかく|변혁|null|null|null|変革 변혁 へんかく|N1
명사|noun|返還|へんかん|반환|null|null|null|返還 반환 へんかん|N1
명사|noun|便宜|べんぎ|편의, 편리|null|null|null|便宜 편의, 편리 べんぎ|N1
명사|noun|返金|へんきん|돈을 갚음, 변제|null|null|null|返金 돈을 갚음, 변제 へんきん|N1
명사|noun|変形|へんけい|변형|null|null|null|変形 변형 へんけい|N1
명사|noun|偏見|へんけん|편견|null|null|null|偏見 편견 へんけん|N1
명사|noun|返済|へんさい|상환, 갚음|null|null|null|返済 상환, 갚음 へんさい|N1
명사|noun|弁償|べんしょう|변상|null|null|null|弁償 변상 べんしょう|N1
명사|noun|変遷|へんせん|변천|null|null|{"year":"2015"}|変遷 2015 변천 へんせん|N1
명사|noun|変容|へんよう|변용, 변모|null|null|null|変容 변용, 변모 へんよう|N1
명사|noun|防衛|ぼうえい|방위, 방어|null|null|null|防衛 방위, 방어 ぼうえい|N1
명사|noun|崩壊|ほうかい|붕괴|null|null|null|崩壊 붕괴 ほうかい|N1
명사|noun|放棄|ほうき|포기|null|null|null|放棄 포기 ほうき|N1
명사|noun|忘却|ぼうきゃく|망각, 잊어버림|null|null|null|忘却 망각, 잊어버림 ぼうきゃく|N1
명사|noun|方策|ほうさく|방책|null|null|null|方策 방책 ほうさく|N1
명사|noun|奉仕|ほうし|봉사|null|null|null|奉仕 봉사 ほうし|N1
명사|noun|放射能|ほうしゃのう|방사능|null|null|null|放射能 방사능 ほうしゃのう|N1
명사|noun|報酬|ほうしゅう|보수(대가)|null|null|null|報酬 보수(대가) ほうしゅう|N1
명사|noun|紡績|ぼうせき|방적(실을 만듦)|null|null|null|紡績 방적(실을 만듦) ぼうせき|N1
명사|noun|膨張|ぼうちょう|팽창|null|null|null|膨張 팽창 ぼうちょう|N1
명사|noun|法廷|ほうてい|법정|null|null|null|法廷 법정 ほうてい|N1
명사|noun|冒頭|ぼうとう|벽두, 모두, 첫머리|null|null|null|冒頭 벽두, 모두, 첫머리 ぼうとう|N1
명사|noun|暴動|ぼうどう|폭동|null|null|null|暴動 폭동 ぼうどう|N1
명사|noun|褒美|ほうび|상, 포상|null|null|null|褒美 상, 포상 ほうび|N1
명사|noun|暴風|ぼうふう|폭풍|null|null|null|暴風 폭풍 ぼうふう|N1
명사|noun|飽和|ほうわ|포화, 가득 참|null|null|null|飽和 포화, 가득 참 ほうわ|N1
명사|noun|捕獲|ほかく|포획|null|null|null|捕獲 포획 ほかく|N1
명사|noun|保管|ほかん|보관|null|null|null|保管 보관 ほかん|N1
명사|noun|補給|ほきゅう|보급|null|null|null|補給 보급 ほきゅう|N1
명사|noun|補強|ほきょう|보강|null|null|null|補強 보강 ほきょう|N1
명사|noun|募金|ぼきん|모금|null|null|null|募金 모금 ぼきん|N1
명사|noun|保険|ほけん|보험|null|null|null|保険 보험 ほけん|N1
명사|noun|干し物|ほしもの|건어물|null|null|null|干し物 건어물 ほしもの|N1
명사|noun|補充|ほじゅう|보충|null|null|null|補充 보충 ほじゅう|N1
명사|noun|補助|ほじょ|보조|null|null|null|補助 보조 ほじょ|N1
명사|noun|補償|ほしょう|보상, 배상|null|null|null|補償 보상, 배상 ほしょう|N1
명사|noun|保障|ほしょう|보장|null|null|null|保障 보장 ほしょう|N1
명사|noun|舗装|ほそう|(도로) 포장|null|null|null|舗装 (도로) 포장 ほそう|N1
명사|noun|墓地|ぼち|묘지|null|null|null|墓地 묘지 ぼち|N1
명사|noun|発作|ほっさ|발작|null|null|null|発作 발작 ほっさ|N1
명사|noun|没収|ぼっしゅう|몰수|null|null|null|没収 몰수 ぼっしゅう|N1
명사|noun|発足|ほっそく|발족|null|null|{"year":"2016"}|発足 2016 발족 ほっそく|N1
명사|noun|発端|ほったん|발단|null|null|null|발端 발단 ほったん|N1
명사|noun|没頭|ぼっとう|몰두|null|null|{"year":"2015"}|没頭 2015 몰두 ぼっとう|N1
명사|noun|没落|ぼつらく|몰락|null|null|null|没落 몰락 ぼつらく|N1
명사|noun|畔|ほとり|부근, 근처, 가장자리|null|null|null|畔 부근, 근처, 가장자리 ほとり|N1
명사|noun|捕虜|ほりょ|포로|null|null|null|捕虜 포로 ほりょ|N1
명사|noun|本質|ほんしつ|본질|null|null|null|本質 본질 ほんしつ|N1
명사|noun|本筋|ほんすじ|본론|null|null|{"year":"2010"}|本筋 2010 본론 ほんすじ|N1
명사|noun|本音|ほんね|본심|null|null|{"year":"2010"}|本音 2010 본심 ほんね|N1
명사|noun|本能|ほんのう|본능|null|null|null|本能 본능 ほんのう|N1
명사|noun|本場|ほんば|본고장, 주산지|null|null|null|本場 본고장, 주산지 ほんば|N1
명사|noun|本番|ほんばん|실전, 본시, 본방송|null|null|null|本番 실전, 본시, 본방송 ほんばん|N1
명사|noun|本末転倒|ほんまつてんとう|본말 전도|null|null|null|本末転倒 본말 전도 ほんまつてんとう|N1
명사|noun|埋蔵|まいぞう|매장|null|null|null|埋蔵 매장 まいぞう|N1
명사|noun|前売り|まえうり|예매|null|null|null|前売り 예매 まえうり|N1
명사|noun|前置き|まえおき|서론|null|null|null|前置き 서론 まえおき|N1
명사|noun|真心|まごころ|진심, 정성, 성의|null|null|null|真心 진심, 정성, 성의 まごころ|N1
명사|noun|麻酔|ますい|마취|null|null|null|麻酔 마취 ますい|N1
명사|noun|まちまち|まちまち|가지각색|null|null|{"year":"2017"}|まちまち 2017 가지각색|N1
명사|noun|末|まつ|끝|null|null|null|末 끝 まつ|N1
명사|noun|目の当たり|まのあたり|눈앞, 목전, 직접|null|null|null|目の当たり 눈앞, 목전, 직접 まのあたり|N1
명사|noun|麻痺|まひ|마비|null|null|null|麻痺 마비 まひ|N1
명사|noun|幻|まぼろし|환상|null|null|null|幻 환상 まぼろし|N1
명사|noun|蔓延|まんえん|만연, 널리 퍼짐|null|null|null|蔓延 만연, 널리 퍼짐 まんえん|N1
명사|noun|満喫|まんきつ|만끽|null|null|{"year":"2010"}|満喫 2010 만끽 まんきつ|N1
명사|noun|満月|まんげつ|만월|null|null|null|満月 만월 まんげつ|N1
명사|noun|満載|まんさい|가득 실음, 많이 게재함|null|null|null|満載 가득 실음, 많이 게재함 まんさい|N1
명사|noun|満場|まんじょう|만장, 그 장소에 있는 모든 사람|null|null|null|満場 만장, 그 장소에 있는 모든 사람 まんじょう|N1
명사|noun|慢性|まんせい|만성|null|null|null|慢性 만성 まんせい|N1
명사|noun|味覚|미카쿠|미각|null|null|null|味覚 미각 みかく|N1
명사|noun|幹|みき|줄기, 줄거리, 골자|null|null|null|幹 줄기, 줄거리, 골자 みき|N1
명사|noun|見込み|みこみ|전망, 예상|null|null|{"year":"2012"}|見込み 2012 전망, 예상 みこみ|N1
명사|noun|見た目|みため|외형, 겉보기|null|null|null|見た目 외형, 겉보기 みため|N1
명사|noun|未知|みち|미지|null|null|null|未知 미지 みち|N1
명사|noun|道筋|みちすじ|이치, 도리|null|null|null|道筋 이치, 도리 みちすじ|N1
명사|noun|道端|みちばた|길가, 도로변|null|null|null|道端 길가, 도로변 みちばた|N1
명사|noun|密集|みっしゅう|밀집|null|null|{"year":"2010"}|密集 2010 밀집 みっしゅう|N1
명사|noun|密封|みっぷう|밀봉|null|null|null|密封 밀봉 みっぷう|N1
명사|noun|密輸|みつゆ|밀수, 밀수출, 밀수입|null|null|null|密輸 밀수, 밀수출, 밀수입 みつゆ|N1
명사|noun|未定|みてい|미정|null|null|null|未定 미정 みてい|N1
명사|noun|見通し|みとおし|전망, 내다봄|null|null|null|見通し 전망, 내다봄 みとおし|N1
명사|noun|源|みなもと|근원, 기원|null|null|null|源 근원, 기원 みなもと|N1
명사|noun|峰|みね|봉우리|null|null|null|峰 봉우리 みね|N1
명사|noun|身の上|みのうえ|신상, 처지, 신세|null|null|null|身の上 신상, 처지, 신세 みのうえ|N1
명사|noun|身의回り|みのまわり|신변, 소지품|null|null|null|身の回り 신변, 소지품 みのまわり|N1
명사|noun|見晴らし|みはらし|전망, 조망|null|null|null|見晴らし 전망, 조망 みはらし|N1
명사|noun|身振り|みぶり|몸짓|null|null|null|身振り 몸짓 みぶり|N1
명사|noun|未練|みれん|미련|null|null|null|未練 미련 みれん|N1
명사|noun|民宿|みんしゅく|민박|null|null|null|民宿 민박 みんしゅく|N1
명사|noun|民族|みんぞく|민족|null|null|null|民族 민족 みんぞく|N1
명사|noun|無為|むい|무위, 아무것도 하지 않음|null|null|null|無為 무위, 아무것도 하지 않음 むい|N1
명사|noun|無意識|むいしき|무의식|null|null|null|無意識 무의식 むいしき|N1
명사|noun|無言|むごん|무언, 침묵|null|null|null|無言 무언, 침묵 むごん|N1
명사|noun|無償|むしょう|무상, 무료|null|null|{"year":"2014"}|無償 2014 무상, 무료 むしょう|N1
명사|noun|無神経|むしんけい|무신경, 둔감함|null|null|null|無神経 무신경, 둔감함 むしんけい|N1
명사|noun|無断|むだん|무단|null|null|null|無단 무단 むだん|N1
명사|noun|無知|むち|무지|null|null|null|無知 무지 むち|N1
명사|noun|無念|むねん|유감, 원통함|null|null|null|無念 유감, 원통함 むねん|N1
명사|noun|無理強い|むりじい|강요, 억지로 권함|null|null|null|無理強い 강요, 억지로 권함 むりじい|N1
명사|noun|明暗|めいあん|명암|null|null|null|明暗 명암 めいあん|N1
명사|noun|命中|めいちゅう|명중|null|null|null|命中 명중 めいちゅう|N1
명사|noun|名簿|めいぼ|명부|null|null|null|名簿 명부 めいぼ|N1
명사|noun|名誉|めいよ|명예|null|null|{"year":"2012"}|名誉 2012 명예 めいよ|N1
명사|noun|恵み|めぐみ|은혜, 축복|null|null|null|恵み 은혜, 축복 めぐみ|N1
명사|noun|目先|めさき|눈앞, 목전|null|null|{"year":"2010"}|目先 2010 눈앞, 목전 めさき|N1
명사|noun|滅亡|めつぼう|멸망|null|null|null|滅亡 멸망 めつぼう|N1
명사|noun|目鼻|めはな|① 용모, 이목구비 ② 윤곽, 대강|null|null|null|目鼻 ① 용모, 이목구비 ② 윤곽, 대강 めはな|N1
명사|noun|目盛り|めもり|눈금|null|null|null|目盛り 눈금 めもり|N1
명사|noun|免除|めんじょ|면제|null|null|{"year":"2012"}|免除 2012 면제 めんじょ|N1
명사|noun|面目|めんぼく|면목, 체면|null|null|{"note":"めんもく로도 읽음"}|面目 면목, 체면(めんもく로도 읽음) めんぼく|N1
명사|noun|盲点|もうてん|맹점, 허점|null|null|null|盲点 맹점, 허점 もうてん|N1
명사|noun|網羅|もうら|망라|null|null|{"year":"2012"}|網羅 2012 망라 もうら|N1
명사|noun|猛烈|もうれつ|맹렬|null|null|{"year":"2019"}|猛烈 2019 맹렬 もうれつ|N1
명사|noun|目録|もくろく|목록|null|null|null|目録 목록 もくろく|N1
명사|noun|目論見|もくろみ|계획, 의도|null|null|null|目論見 계획, 의도 もくろみ|N1
명사|noun|模型|もけい|모형|null|null|null|模型 모형 もけい|N1
명사|noun|模索|もさく|모색|null|null|null|模索 모색 もさく|N1
명사|noun|持ち切り|もちきり|화제가 지속됨, 소문이 자자함|null|null|null|持ち切り 화제가 지속됨, 소문이 자자함 もちきり|N1
명사|noun|模倣|もほう|모방|null|null|null|模倣 모방 もほう|N1
명사|noun|役員|やくいん|임원, 간부, 중역|null|null|null|役員 임원, 간부, 중역 やくいん|N1
명사|noun|躍進|やくしん|약진|null|null|{"year":"2014"}|躍進 2014 약진 やくしん|N1
명사|noun|屋敷|やしき|저택|null|null|null|屋敷 저택 やしき|N1
명사|noun|野心|やしん|야심|null|null|null|野心 야심 やしん|N1
명사|noun|野党|야토우|야당|null|null|null|野党 야당 やとう|N1
명사|noun|闇|야미|어둠|null|null|null|闇 어둠 やみ|N1
명사|noun|由緒|ゆいしょ|유서, 내력|null|null|{"year":"2012"}|由緒 2012 유서, 내력 ゆいしょ|N1
명사|noun|優位|ゆうい|우위, 상위|null|null|{"year":"2013"}|優位 2013 우위, 상위 ゆうい|N1
명사|noun|憂鬱|ゆううつ|우울|null|null|null|憂鬱 우울 ゆううつ|N1
명사|noun|優越|ゆうえつ|우월, 우수하고 뛰어남|null|null|null|優越 우월, 우수하고 뛰어남 ゆうえつ|N1
명사|noun|誘拐|ゆうかい|유괴|null|null|null|誘拐 유괴 ゆうかい|N1
명사|noun|有機|ゆうき|유기|null|null|null|有機 유기 ゆうき|N1
명사|noun|友好|ゆうこう|우호|null|null|null|友好 우호 ゆうこう|N1
명사|noun|融資|ゆうし|융자|null|null|null|融資 융자 ゆうし|N1
명사|noun|有数|ゆうすう|유수, 손꼽음|null|null|{"year":"2012"}|有数 2012 유수, 손꼽음 ゆうすう|N1
명사|noun|融通|ゆうずう|융통|null|null|null|融通 융통 ゆうずう|N1
명사|noun|優勢|ゆうせい|우세|null|null|null|優勢 우세 ゆうせい|N1
명사|noun|遊説|ゆうぜ이|유세|null|null|null|遊説 유세 ゆうぜい|N1
명사|noun|優先|ゆうせん|우선|null|null|null|優先 우선 ゆうせん|N1
명사|noun|誘導|ゆうどう|유도, 꾐, 이끎|null|null|null|誘導 유도, 꾐, 이끎 ゆうどう|N1
명사|noun|夕闇|ゆう야미|땅거미, 해질녘의 어둠|null|null|null|夕闇 땅거미, 해질녘의 어둠 ゆうやみ|N1
명사|noun|憂慮|ゆう리ょ|우려, 걱정|null|null|null|憂慮 우려, 걱정 ゆうりょ|N1
명사|noun|幽霊|ゆうれい|유령|null|null|null|幽霊 유령 ゆうれい|N1
명사|noun|誘惑|ゆうわく|유혹|null|null|null|誘惑 유혹 ゆうわく|N1
명사|noun|ゆとり|유토리|여유|null|null|{"year":"2017"}|ゆとり 2017 여유|N1
명사|noun|様式|ようしき|양식|null|null|null|様式 양식 ようしき|N1
명사|noun|養成|ようせい|양성|null|null|null|養成 양성 ようせい|N1
명사|noun|要請|ようせい|요청|null|null|null|要請 요청 ようせい|N1
명사|noun|洋風|ようふう|서양식, 서양풍|null|null|null|洋風 서양식, 서양풍 ようふう|N1
명사|noun|要望|ようぼう|요망, 바람|null|null|{"year":"2019"}|要望 2019 요망, 바람 ようぼう|N1
명사|noun|余暇|요카|여가, 틈, 짬|null|null|null|余暇 여가, 틈, 짬 よか|N1
명사|noun|抑制|よくせい|억제|null|null|null|抑制 억제 よくせい|N1
명사|noun|予言|よげん|예언|null|null|null|予言 예언 よげん|N1
명사|noun|横綱|よこづな|스모(일본씨름)의 최고 지위|null|null|null|横綱 스모(일본씨름)의 최고 지위 よこづな|N1
명사|noun|善し悪し|よしあし|선악, 좋고 그름, 좋고 나쁨|null|null|null|善し悪し 선악, 좋고 그름, 좋고 나쁨 よしあし|N1
명사|noun|予断|よだん|예단, 예측|null|null|{"year":"2014"}|予断 2014 예단, 예측 よだん|N1
명사|noun|余地|よち|여지|null|null|null|余地 여지 よち|N1
명사|noun|余白|よはく|여백, 공백|null|null|null|余白 여백, 공백 よはく|N1
명사|noun|夜更かし|よふかし|늦게까지 깨어 있음|null|null|null|夜更かし 늦게까지 깨어 있음 よふかし|N1
명사|noun|落胆|らくたん|낙담|null|null|{"year":"2011"}|落胆 2011 낙담 らくたん|N1
명사|noun|酪農|らくのう|낙농|null|null|null|酪農 낙농 らくのう|N1
명사|noun|落下|らっか|낙하|null|null|null|落下 낙하 らっか|N1
명사|noun|濫用|らんよう|남용|null|null|null|濫用 남용 らんよう|N1
명사|noun|理屈|りくつ|도리, 이치|null|null|null|理屈 도리, 이치 りくつ|N1
명사|noun|利潤|りじゅん|이윤, 이익|null|null|null|利潤 이윤, 이익 りじゅん|N1
명사|noun|利息|りそく|이자|null|null|null|利息 이자 りそく|N1
명사|noun|離着陸|りちゃくりく|이착륙|null|null|null|離着陸 이착륙 りちゃくりく|N1
명사|noun|立案|りつあん|입안|null|null|null|立案 입안 りつあん|N1
명사|noun|立腹|りっぷく|화를 냄, 역정|null|null|null|立腹 화를 냄, 역정 りっぷく|N1
명사|noun|立法|りっぽう|입법|null|null|null|立法 입법 りっぽう|N1
명사|noun|略奪|りゃくだつ|약탈, 강탈|null|null|null|略奪 약탈, 강탈 りゃくだつ|N1
명사|noun|流儀|りゅうぎ|관례, 독특한 방식|null|null|null|流儀 관례, 독특한 방식 りゅうぎ|N1
명사|noun|領域|りょういき|영역|null|null|null|領域 영역 りょういき|N1
명사|noun|了解|りょうかい|이해, 양해, 승낙|null|null|null|了解 이해, 양해, 승낙 りょうかい|N1
명사|noun|了承|りょうしょう|승낙, 양해|null|null|{"year":"2017"}|了承 2017 승낙, 양해 りょうしょう|N1
명사|noun|領土|りょうど|영토|null|null|null|領土 영토 りょうど|N1
명사|noun|履歴|りれき|이력|null|null|{"year":"2019"}|履歴 2019 이력 りれき|N1
명사|noun|隣接|りんせつ|인접, 이웃함|null|null|null|隣接 인접, 이웃함 りんせつ|N1
명사|noun|倫理|りんり|윤리, 도덕|null|null|null|倫理 윤리, 도덕 りんり|N1
명사|noun|類似|るいじ|유사|null|null|null|類似 유사 るいじ|N1
명사|noun|類推|るいすい|유추, 추측|null|null|null|類推 유추, 추측 るいすい|N1
명사|noun|冷却|れいきゃく|냉각, 식음, 차가워짐|null|null|null|冷却 냉각, 식음, 차가워짐 れいきゃく|N1
명사|noun|冷遇|れいぐう|냉대, 푸대접|null|null|null|冷遇 냉대, 푸대접 れいぐう|N1
명사|noun|例年|れいねん|매년, 매년|null|null|null|例年 매년, 매년 れいねん|N1
명사|noun|連携|れんけい|제휴, 연계|null|null|{"year":"2011"}|連携 2011 제휴, 연계 れんけい|N1
명사|noun|連帯|れんたい|연대|null|null|null|連帯 연대 れんたい|N1
명사|noun|連中|れんじゅう|무리(れんじゅう로도 읽음), 일행|null|null|{"note":"れんちゅう로도 읽음"}|連中 무리(れんじゅう로도 읽음), 일행 れんじゅう|N1
명사|noun|連邦|れんぽう|연방|null|null|null|連邦 연방 れんぽう|N1
명사|noun|連盟|れんめい|연맹|null|null|null|連盟 연맹 れんめい|N1
명사|noun|老朽化|ろうきゅうか|노후화|null|null|null|老朽化 노후화 ろうきゅうか|N1
명사|noun|老衰|ろうすい|노쇠|null|null|null|老衰 노쇠 ろうすい|N1
명사|noun|朗読|ろうどく|낭독|null|null|null|朗読 낭독 ろうどく|N1
명사|noun|浪費|ろうひ|낭비|null|null|null|浪費 낭비 ろうひ|N1
명사|noun|朗報|ろうほう|낭보, 희소식|null|null|{"year":"2010"}|朗報 2010 낭보, 희소식 ろうほう|N1
명사|noun|論理|ろんり|논리|null|null|null|論理 논리 ろんり|N1
명사|noun|賄賂|わいろ|뇌물|null|null|null|賄賂 뇌물 わいろ|N1
명사|noun|和解|わかい|화해|null|null|null|和解 화해 わかい|N1
명사|noun|若手|わかて|젊은이|null|null|null|若手 젊은이 わかて|N1
명사|noun|枠|わく|테두리, 틀|null|null|{"year":"2012"}|枠 2012 테두리, 틀 わく|N1
명사|noun|惑星|わくせい|행성, 혹성|null|null|null|惑星 혹성, 행성 わくせい|N1
명사|noun|技|わざ|기술, 솜씨|null|null|null|技 기술, 솜씨 わざ|N1
명사|noun|和風|わふう|일본식, 일본풍|null|null|null|和風 일본식, 일본풍 わふう|N1
명사|prefix|誤~|ご~|오(잘못)~|null|null|null|誤~ 오(잘못)~ ご~|N1
명사|prefix|当~|とう~|당~|null|null|{"year":"2010"}|当~ 2010 당~ とう~|N1
명사|prefix|不~|ふ~|불/부~|null|null|{"year":"2017"}|不~ 2017 불/부~ ふ~|N1
명사|prefix|無~|む~|무(없음)~|null|null|null|無~ 무(없음)~ む~|N1
명사|prefix|猛~|もう~|맹(맹렬함)~|null|null|{"year":"2011"}|猛~ 2011 맹(맹렬함)~ もう~|N1
명사|suffix|~化|~か|~화|null|null|null|~化 ~화 ~か|N1
명사|suffix|~圏|~けん|~권|null|null|null|~圏 ~권 ~けん|N1
명사|suffix|~上|~じょう|~상|null|null|{"year":"2010"}|~上 2010 ~상 ~じょう|N1
명사|suffix|~版|~ぱん|~판|null|null|null|~版 ~판 ~ぱん|N1
명사|suffix|~まみれ|~まみれ|~투성이|null|null|{"year":"2011"}|~まみれ 2011 ~투성이|N1
명사|suffix|~網|~もう|~망|null|null|null|~網 ~망 ~もう|N1
동사|verb|明かす|あかす|밝히다, 털어놓다|秘密を明かす。|비밀을 밝히다.|null|明かす 밝히다, 털어놓다 あかす|N1
동사|verb|欺く|あざむく|속이다|人を欺く。|사람을 속이다.|null|欺く 속이다 あざむく|N1
동사|verb|あざ笑う|あざわらう|비웃다|人の失敗를 あざ笑う。|다른 사람의 실수를 비웃다.|null|あざ笑う 비웃다 あざわらう|N1
동사|verb|褪せる|あせる|퇴색하다|色が褪せる。|색이 바래다.|null|褪せる 퇴색하다 あせる|N1
동사|verb|値する|あたいする|가치가 있다, ~할 만하다|彼の提案は検討に値する。|그의 제안은 검토할 만한 가치가 있다.|{"year":"2015"}|値する 2015 가치가 있다, ~할 만하다 あたい하는|N1
동사|verb|誂える|あつらえる|주문하다, 맞추다|背広を誂える。|신사복을 주문하다.|null|誂える 주문하다, 맞추다 あつらえる|N1
동사|verb|当てはめる|あてはめる|적용시키다, 맞추다|校則に当てはめて処分する。|교칙을 적용하여 처분하다.|{"year":"2013"}|当てはめる 2013 적용시키다, 맞추다 あてはめる|N1
동사|verb|甘える|あまえる|응석부리다|子供が親に甘える。|아이가 부모에게 응석을 부리다.|null|甘える 응석부리다 あまえる|N1
동사|verb|操る|あやつる|조종하다|巧みにハンドルを操る。|능숙하게 핸들을 조종하다.|null|操る 조종하다 あやつる|N1
동사|verb|危ぶむ|あやぶむ|의심하다, 걱정하다|経済의 先行き가 危ぶまれる。|앞으로의 경제가 걱정된다.|{"year":"2019"}|危ぶむ 2019 의심하다, 걱정하다 あ야부무|N1
동사|verb|誤る|あ야마루|잘못하다, 실수하다|誤って隣の人の足を踏んでしまった。|잘못해서 옆 사람의 발을 밟아 버렸다.|null|誤る 잘못하다, 실수하다 あ야마루|N1
동사|verb|ありふれる|아리후레루|흔히 있다|ありふれた風景を写真に収める。|흔히 있는(일상적인) 풍경을 사진에 담다.|{"year":"2015"}|ありふれる 2015 흔히 있다|N1
동사|verb|案じる|안지루|염려하다|病状を案じて見舞いに行く。|병의 상태를 염려하여 문병하러 간다.|null|案じる 염려하다 あんじる|N1
동사|verb|言い放つ|いいはなつ|단언하다, 공언하다|絶対に勝ってみせると言い放つ。|절대로 이기고 말겠다고 단언하다.|null|言い放つ 단언하다, 공언하다 いいはなつ|N1
동사|verb|言い張る|いいはる|주장하다, 우기다|自分が正しいと言い張る。|자신이 맞다고 우기다.|{"year":"2012"}|言い張る 2012 주장하다, 우기다 いいはる|N1
동사|verb|言い渡す|いいわたす|선고하다|裁判官は判決を言い渡した。|재판관은 판결을 선고했다.|null|言い渡す 선고하다 いいわたす|N1
동사|verb|意気込む|いきごむ|분발하다, 의욕을 보이다|今度こそ成功させようと意気込む。|이번이야말로 성공시키겠다고 의욕에 넘치다.|null|意気込む 분발하다, 의욕을 보이다 いきごむ|N1
동사|verb|憤る|いきどおる|분노하다|上司の無責任な態度に憤る。|상사의 무책임한 태도에 분노하다.|null|憤る 분노하다 いきどおる|N1
동사|verb|いじる|いじる|만지작거리다|彼女は前髪をいじる癖がある。|그녀는 앞머리를 만지작거리는 버릇이 있다.|null|いじる 만지작거리다 いじる|N1
동사|verb|急がす|いそがす|재촉하다|作品の完成を急がす。|작품의 완성을 재촉하다.|{"year":"2013"}|急가스 2013 재촉하다 いそがす|N1
동사|verb|傷める|いためる|손상시키다, 상하게 하다|果物を傷めないよう丁寧に扱う。|과일을 상하게 하지 않도록 조심스럽게 다룬다.|null|傷める 손상시키다, 상하게 하다 いためる|N1
동사|verb|いたわる|いたわる|돌보다, 노고를 위로하다|社員の労をいたわり、ボーナスを出す。|사원의 노고를 위로하여, 보너스를 주다.|null|いたわる 돌보다, 노고를 위로하다|N1
동사|verb|営む|いとなむ|경영하다, 영위하다|定年後は喫茶店を営むつもりだ。|정년퇴직 후에는 찻집을 경영할 생각이다.|null|営む 경영하다, 영위하다 いとなむ|N1
동사|verb|挑む|いどむ|도전하다|マラソンの世界記録に挑む。|마라톤 세계 기록에 도전하다.|null|挑む 도전하다 いどむ|N1
동사|verb|否む|いなむ|부정하다, 거절하다|それは否むことのできない事実だ。|그것은 부인할 수 없는 사실이다.|{"year":"2014"}|否む 2014 부정하다, 거절하다 いなむ|N1
동사|verb|戒める|いましめる|훈계하다, 징계하다|無断欠勤を戒める。|무단결근을 징계하다.|{"year":"2018"}|戒める 2018 훈계하다, 징계하다 いましめる|N1
동사|verb|忌み嫌う|いみきらう|피하다, 꺼리다|みんなから忌み嫌われる。|모두로부터 따돌림을 받다.|null|忌み嫌う 피하다, 꺼리다 いみきらう|N1
동사|verb|癒す|いやす|치유하다, 달래다|疲れを癒す。|피로를 풀다.|null|癒す 치유하다, 달래다 いやす|N1
동사|verb|浮かれる|うかれる|들뜨다, 신나다|久しぶりのデートに浮かれている。|오랜만의 데이트에 들떠 있다.|null|浮かれる 들뜨다, 신나다 うかれる|N1
동사|verb|受け継ぐ|うけつぐ|계승하다|伝統を受け継ぐ。|전통을 계승하다.|null|受け継ぐ 계승하다 うけつぐ|N1
동사|verb|受け止める|うけとめる|받아들이다|批判をまじめに受け止める。|비판을 진지하게 받아들이다.|null|受け止める 받아들이다 うけとめる|N1
동사|verb|受け流す|うけながす|받아넘기다|記者の質問を巧みに受け流す。|기자의 질문을 교묘하게 받아넘기다.|null|受け流す 받아넘기다 うけながす|N1
동사|verb|受け持つ|うけもつ|맡다, 담임하다|一年生を受け持つ。|1학년을 담임하다.|null|受け持つ 맡다, 담임하다 うけもつ|N1
동사|verb|打ち明ける|うちあける|털어놓다|悩みを打ち明ける。|고민을 털어놓다.|null|打ち明ける 털어놓다 うちあける|N1
동사|verb|打ち切る|うちきる|중지하다|交渉を打ち切る。|교섭을 중지하다.|null|打ち切る 중지하다 うちきる|N1
동사|verb|打ち込む|うちこむ|입력하다, 몰두하다|古典の研究に打ち込む。|고전 연구에 몰두하다.|{"year":"2019"}|打ち込む 2019 입력하다, 몰두하다 うちこむ|N1
동사|verb|促す|うながす|재촉하다|発言を促してもだれもしゃべらない。|발언을 재촉해도 아무도 말하지 않는다.|null|促す 재촉하다 うながす|N1
동사|verb|うぬ惚れる|うぬぼれる|자부하다, 자만하다|自分が美人だとうぬ惚れる。|자신이 미인이라고 자부하다.|null|うぬ惚れる 자부하다, 자만하다|N1
동사|verb|潤う|うるおう|촉촉해지다, 풍족해지다|ボーナスが入り、懐が潤った。|보너스가 들어와 주머니가 두둑해졌다.|{"year":"2010"}|潤う 2010 촉촉해지다, 풍족해지다 うるおう|N1
동사|verb|うろたえる|うろたえる|당황하다, 허둥대다|突然の知らせにうろたえる。|갑작스러운 소식에 당황하다.|{"year":"2015"}|うろたえる 2015 당황하다, 허둥대다|N1
동사|verb|上回る|うわまわる|웃돌다, 상회하다|予想를 上回る 人가 集まった。|예상을 웃도는 사람이 모였다.|null|上回る 웃돌다, 상회하다 うわまわる|N1
동사|verb|追い込む|おいこむ|몰아넣다, 내몰다|窮地に追い込まれる。|궁지에 몰리다.|null|追い込む 몰아넣다, 내몰다 おいこむ|N1
동사|verb|追い出す|おいだす|내쫓다|猫を部屋から追い出す。|고양이를 방에서 내쫓다.|null|追い出す 내쫓다 おいだす|N1
동사|verb|追い抜く|おいぬく|앞지르다|ゴール間際で追い抜く。|결승선 직전에서 앞지르다.|null|追い抜く 앞지르다 おいぬく|N1
동사|verb|老いる|おいる|늙다|老いた両親の面倒を見る。|늙으신 부모님을 돌보다.|null|老いる 늙다 おいる|N1
동사|verb|負う|おう|업다, 지다, 부담하다|母が背に子を負う。|어머니가 등에 아이를 업다.|null|負う 업다, 지다, 부담하다 おう|N1
동사|verb|怠る|おこたる|게을리하다|上司への報告を怠る。|상사에 대한 보고를 게을리하다.|{"year":"2017"}|怠る 2017 게을리하다 おこたる|N1
동사|verb|抑える|おさえる|막다, 억제하다|被害を最小限に抑える。|피해를 최소한으로 막다.|null|抑える 막다, 억제하다 おさえる|N1
동사|verb|押し付ける|おしつける|떠넘기다, 전가하다|部下に責任を押し付ける。|부하에게 책임을 전가하다.|null|押し付ける 떠넘기다, 전가하다 おしつける|N1
동사|verb|押し寄せる|おしよせる|밀려오다|高波が押し寄せる。|높은 파도가 밀려오다.|null|押し寄せる 밀려오다 おしよせる|N1
동사|verb|襲う|おそう|덮치다, 습격하다|強盗が銀行を襲った。|강도가 은행을 습격했다.|null|襲う 덮치다, 습격하다 おそう|N1
동사|verb|恐れ入る|おそれいる|송구스럽다|ご心配をかけて恐れ入ります。|걱정을 끼쳐 송구스럽습니다.|null|恐れ入る 송구스럽다 おそれいる|N1
동사|verb|おだてる|おだてる|치켜세우다, 부추기다|おだてて酒をおごらせる。|치켜세워서 술을 한턱 내게 하다.|null|오다테루 치켜세우다, 부추기다|N1
동사|verb|落ち込む|おちこむ|낙담하다|恋人に振られて落ち込んでいる|애인에게 차여 낙담하고 있다.|{"year":"2019"}|落ち込む 2019 낙담하다 おちこむ|N1
동사|verb|脅す|おどす|위협하다|通行人を脅して金を奪う。|통행인을 위협하여 돈을 빼앗다.|null|脅す 위협하다 おどす|N1
동사|verb|衰える|おとろえる|쇠약해지다|年を取ると体力が衰える。|나이를 먹으면 체력이 쇠약해진다.|{"year":"2019"}|衰える 2019 쇠약해지다 おとろえる|N1
동사|verb|脅える|おびえる|무서워하다|子供が犬に脅えて泣く。|아이가 개가 무서워서 울다.|{"year":"2016"}|脅える 2016 무서워하다 おびえる|N1
동사|verb|帯びる|おびる|(분위기, 색깔을) 띠다|空が赤みを帯びている。|하늘이 붉은 빛을 띠고 있다.|{"year":"2015"}|帯びる 2015 (분위기, 색깔을) 띠다 おびる|N1
동사|verb|思い返す|おもいかえす|회상하다, 다시 생각하다|昔のことを思い返して懐かしい気持ちになる。|옛 일을 돌이켜 생각해 그리운 기분이 들었다.|{"year":"2014"}|思い返す 2014 회상하다, 다시 생각하다 おもいかえす|N1
동사|verb|思い詰める|おもいつめる|골몰하다, 고통스러워하다|進学のことで思い詰めている。|진학 일로 고민하고 있다.|{"year":"2015"}|思い詰める 2015 골몰하다, 고통스러워하다 おもいつめる|N1
동사|verb|赴く|おもむく|향하여 가다|調査のため現地へ赴く。|조사를 위해 현지로 가다.|null|赴く 향하여 가다 おもむく|N1
동사|verb|及ぶ|およぶ|걸치다, 달하다, 미치다|交渉は8時間に及んだ。|교섭은 8시간에 이르렀다.|null|及ぶ 걸치다, 달하다, 미치다 およぶ|N1
동사|verb|買い替える|かいかえる|새 것으로 교체하다|車を買い替える。|차를 새 것으로 교체하다.|null|買い替える 새 것으로 교체하다 かいかえる|N1
동사|verb|害する|がいする|해치다|健康を害する。|건강을 해치다.|null|害する 해치다 がいする|N1
동사|verb|かいま見る|かいまみる|슬쩍 엿보다|ドアの間からかいま見る。|문틈으로 슬쩍 엿보다.|null|かいま見る 슬쩍 엿보다 かいまみる|N1
동사|verb|顧みる|かえりみる|돌아보다|多事多難の一年を顧みる。|다사다난한 한 해를 돌아보다.|null|顧みる 돌아보다 かえりみる|N1
동사|verb|省みる|かえりみる|반성하다|自らを省みて恥じる。|스스로를 반성하고 부끄러워하다.|null|省みる 반성하다 かえ리みる|N1
동사|verb|抱え込む|かかえこむ|끌어안다, 떠맡다|大きな荷物を抱え込む。|커다란 짐을 끌어안다.|{"year":"2014"}|抱え込む 2014 끌어안다, 떠맡다 かかえこむ|N1
동사|verb|掲げる|かかげる|달다, 내걸다|国旗を掲げる。|국기를 게양하다.|null|掲げる 달다, 내걸다 かかげる|N1
동사|verb|欠く|かく|빠지다, 결여되다|集中力を欠く。|집중력이 부족하다.|null|欠く 빠지다, 결여되다 かく|N1
동사|verb|駆け寄る|かけよる|달려오다, 달려가다|駆け寄って握手をする。|달려와서 악수를 하다.|null|駆け寄る 달려오다, 달려가다 かけよる|N1
동사|verb|賭ける|かける|내기하다, 도박하다|競馬で大金を賭ける。|경마에서 큰 돈을 걸다.|null|賭ける 내기하다, 도박하다 かける|N1
동사|verb|かこつける|かこつける|핑계 삼다|病気にかこつけて学校を休む。|병을 핑계 삼아 학교를 쉬다.|null|かこつける 핑계 삼다|N1
동사|verb|かさばる|かさばる|(부피가) 커지다|荷物がかさばる。|짐이 커지다.|{"year":"2018"}|かさばる 2018 (부피가) 커지다|N1
동사|verb|かさむ|かさむ|늘어나다(부피, 비용 등)|費用がかさむ。|비용이 늘어나다.|null|かさむ 늘어나다 かさむ|N1
동사|verb|掠る|かする|스치다|車が電柱を掠った。|차가 전봇대를 스쳤다.|null|掠る 스치다 かする|N1
동사|verb|傾ける|かたむける|기울이다|耳を傾ける。|귀를 기울이다.|null|傾ける 기울이다 かたむける|N1
동사|verb|叶える|かなえる|이루다, 만족시키다|長年の夢を叶える。|오랜 꿈을 이루다.|null|叶える 이루다, 만족시키다 かなえる|N1
동사|verb|かばう|かばう|감싸다, 편들다|部下をかばう。|부하를 감싸다.|{"year":"2013"}|かばう 2013 감싸다, 편들다|N1
동사|verb|かぶれる|かぶれる|덧나다, 푹 빠지다|アメリカの文化にかぶれる。|미국 문화에 푹 빠지다.|null|かぶれる 덧나다, 푹 빠지다|N1
동사|verb|構える|か마에루|갖추다, 태도를 취하다|都心に事務所を構える。|도심에 사무소를 마련하다.|null|構える 갖추다, 태도를 취하다 かまえ루|N1
동사|verb|噛み合う|かみあう|서로 맞물리다|話が噛み合わない。|이야기가 서로 맞지 않다.|null|噛み合う 서로 맞물리다 かみあう|N1
동사|verb|絡む|からむ|휘감기다, 관련되다|事件の裏には政治家が絡んでいる。|사건 뒤에는 정치가가 관련되어 있다.|null|絡む 휘감기다, 관련되다 からむ|N1
동사|verb|交わ스|かわす|주고받다, 나누다|握手を交わす。|악수를 주고받다.|null|交わす 주고받다, 나누다 かわす|N1
동사|verb|聞き流す|ききながす|흘려듣다|そんなうわさは聞き流すことだ。|그런 소문은 흘려들어야 한다.|null|聞き流す 흘려듣다 ききながす|N1
동사|verb|きしむ|きしむ|삐걱거리다|座る度に椅子がきしむ。|앉을 때마다 의자가 삐걱거린다.|null|きしむ 삐걱거리다|N1
동사|verb|築き上げる|きずきあげる|구축하다, 쌓아 올리다|苦労して財産を築き上げる。|고생하여 재산을 쌓다.|null|築き上げる 구축하다, 쌓아 올리다 きずきあげる|N1
동사|verb|競う|きそう|겨루다, 경쟁하다|市長選は2氏が激しく競っている。|시장 선거는 두 사람이 치열하게 경합하고 있다.|{"year":"2016"}|競う 2016 겨루다, 경쟁하다 きそう|N1
동사|verb|鍛える|きたえる|단련하다|スポーツで体を鍛える。|스포츠로 몸을 단련하다.|null|鍛える 단련하다 きたえる|N1
동사|verb|きたす|きたす|초래하다|支障をきたす。|지장을 초래하다.|null|きたす 초래하다|N1
동사|verb|興じる|きょうじる|흥겨워하다|遊びに興じる。|놀이에 흥미를 느끼다.|null|興じる 흥겨워하다 きょうじる|N1
동사|verb|切り替える|きりかえる|바꾸다, 전환하다|冷房を暖房に切り替える。|냉방을 난방으로 전환하다.|null|切り替える 바꾸다, 전환하다 きりかえる|N1
동사|verb|極める|きわめる|끝까지 이루다, 극에 달하다|復旧作業は困難を極めている。|복구 작업은 극도로 곤란한 상태이다.|{"year":"2010"}|極める 2010 끝까지 이루다, 극에 달하다 きわめる|N1
동사|verb|食い違う|くいちがう|어긋나다, 엇갈리다|両者の証言が食い違っている。|양자의 증언이 엇갈리고 있다.|{"year":"2016"}|食い違う 2016 어긋나다, 엇갈리다 くいちがう|N1
동사|verb|食いつく|くいつく|달려들다, 물고 늘어지다|もうけ話に食いつく。|돈벌이 이야기에 달려들다.|null|食いつく 달려들다, 물고 늘어지다|N1
동사|verb|食い止める|くいとめる|막다, 저지하다|経営の悪化를 食い止める。|경영 악화를 막다.|{"year":"2014"}|食い止める 2014 막다, 저지하다 くいとめる|N1
동사|verb|悔いる|くいる|후회하다, 뉘우치다|自分の犯した過ちを悔いる。|자신이 범한 잘못을 뉘우치다.|null|悔いる 후회하다, 뉘우치다 くいる|N1
동사|verb|くぐる|くぐる|빠져나가다, 뚫고 나가다|難関をくぐって試験に合格した。|난관을 헤치고 시험에 합격했다.|null|くぐる 빠져나가다, 뚫고 나가다|N1
동사|verb|口ずさむ|くちずさむ|흥얼거리다|歌を口ずさみながら歩く。|노래를 흥얼거리면서 걷다.|null|口ずさむ 흥얼거리다 くちずさむ|N1
동사|verb|朽ちる|くちる|썩다|公園のベンチが朽ちている。|공원의 벤치가 썩어 있다.|null|朽ちる 썩다 くちる|N1
동사|verb|覆す|くつがえす|뒤집다|予想を覆して新人が当選した。|예상을 뒤집고 신인이 당선되었다.|{"year":"2019"}|覆す 2019 뒤집다 くつがえす|N1
동사|verb|けなす|けなす|깎아내리다, 헐뜯다|他人の作品をけなす。|타인의 작품을 깎아내리다.|{"year":"2012"}|けなす 2012 깎아내리다, 헐뜯다|N1
동사|verb|心掛ける|こころがける|주의하다, 명심하다|安全第一を心掛ける。|안전 제일을 명심하다.|null|心掛ける 주의하다, 명심하다 こころがける|N1
동사|verb|試みる|こころみる|시도하다|新しいシステムの導入を試みる。|새로운 시스템의 도입을 시도하다.|null|試みる 시도하다 こころみる|N1
동사|verb|こじれる|こじれる|악화되다|風邪がこじれて肺炎になった。|감기가 악화되어 폐렴이 되었다.|null|こじれる 악화되다|N1
동사|verb|こだわる|こだわる|얽매이다, 집착하다|形式にこだわる必要はない。|형식에 집착할 필요는 없다.|null|こだわる 얽매이다, 집착하다|N1
동사|verb|拒む|こばむ|거부하다|情報の公開を拒む。|정보의 공개를 거부하다.|{"year":"2014"}|拒む 2014 거부하다 こばむ|N1
동사|verb|ご마かす|ごまかす|속이다|人をごまかしてお金を盗む。|남을 속여 돈을 훔치다.|null|ごまかす 속이다|N1
동사|verb|籠もる|こもる|틀어박히다|子供は部屋に籠もったきり出て来ない。|아이는 방에 틀어박힌 채 나오지 않는다.|null|籠もる 틀어박히다 こもる|N1
동사|verb|懲らしめる|こらしめる|징계하다, 응징하다|悪人を懲らしめる。|악인을 응징하다.|null|懲らしめる 징계하다, 응징하다 こらしめる|N1
동사|verb|懲りる|こりる|질리다, 데다|前の失敗に懲りて慎重になる。|이전의 실패에 데어서 신중해지다.|null|懲りる 질리다, 데다 こりる|N1
동사|verb|凝る|こる|① 뻐근하다 ② 열중하다|今、釣りに凝っている。|지금 낚시에 열중하고 있다.|null|凝る ① 뻐근하다, 결리다 ② 열중하다|N1
동사|verb|遮る|さえぎる|차단하다|カーテンで光を遮る。|커튼으로 빛을 차단하다.|{"year":"2011"}|遮る 2011 차단하다 さえぎる|N1
동사|verb|さえずる|さえずる|지저귀다|鳥のさえずる声で目覚める。|새가 지저귀는 소리에 눈을 뜨다.|null|사えずる (새가) 지저귀다|N1
동사|verb|冴える|さえり|맑아지다, 선명해지다|夜空に星が冴える。|밤하늘에 별이 선명하다.|null|冴える 맑아지다, 선명해지다 さえる|N1
동사|verb|先駆ける|さきがける|(남보다) 앞서다|라이벌社에 先駆けて新製品を売り出す。|라이벌사에 앞서 신제품을 발매하다.|null|先駆ける (남보다) 앞서다 さきがける|N1
동사|verb|先立つ|さきだつ|앞장서다, 앞서다|試合に先立って開会式が行われた。|시합에 앞서 개회식이 거행되었다.|null|先立つ 앞장서다, 앞서다 さきだつ|N1
동사|verb|裂く|さく|찢다|布를 裂く。|천을 찢다.|null|裂く 찢다 さく|N1
동사|verb|割く|さく|할애하다, 내어주다|時間を割く。|시간을 할애하다.|null|割く 할애하다, 내어주다 さく|N1
동사|verb|捧げる|ささげる|바치다|医学の研究に一生を捧げる。|의학 연구에 일생을 바치다.|null|捧げる 바치다 ささげる|N1
동사|verb|差し掛かる|さしかかる|접어들다|車が交差点に差し掛かる。|차가 교차로에 접어들다.|null|差し掛かる 접어들다 さしかかる|N1
동사|verb|授ける|さずける|하사하다, 수여하다|学位を授ける。|학위를 수여하다.|null|授ける 하사하다, 수여하다 さずける|N1
동사|verb|定まる|さだまる|정해지다, 결정되다|会社の方針が定まる。|회사의 방침이 결정되다.|null|定まる 정해지다, 결정되다 さだまる|N1
동사|verb|定める|さ다める|정하다|合格者の基準を定める。|합격자의 기준을 정하다.|{"year":"2019"}|定める 2019 정하다 さだめる|N1
동사|verb|察する|さっする|헤아리다|被害者の心情を察する。|피해자의 심정을 헤아리다.|{"year":"2016"}|察する 2016 헤아리다 さっする|N1
동사|verb|悟る|さとる|깨닫다|事の重大さを悟る。|일의 중대함을 깨닫다.|null|悟る 깨닫다 さとる|N1
동사|verb|裁く|さばく|재판하다|事件を公平に裁く。|사건을 공평하게 재판하다.|null|裁く 재판하다 さばく|N1
동사|verb|さ迷う|さまよう|방황하다|生死의 境를 さ迷う。|생사의 경계를 방황하다.|null|さ迷う 방황하다 さまよう|N1
동사|verb|障る|さわる|지장을 초래하다, 해가 되다|夜更かしは体に障る。|밤샘은 몸에 해롭다.|null|障る 지장을 초래하다, 해가 되다 さわる|N1
동사|verb|強いる|しいる|강요하다|服従を強いる。|복종을 강요하다.|null|強いる 강요하다 しいる|N1
동사|verb|仕入れる|しいれる|매입하다|食材を仕入れる。|식재료를 매입하다.|null|仕入れる 매입하다 しいれる|N1
동사|verb|しがみつく|しがみつく|매달리다|子どもは泣きながら父親にしがみついている。|아이는 울면서 아버지에게 매달리고 있다.|{"year":"2014"}|しが미つく 2014 매달리다|N1
동사|verb|しくじる|しくじる|실패하다, 그르치다|試験を何回もしくじる。|시험을 몇 번이나 그르치다.|{"year":"2018"}|しくじる 2018 실패하다, 그르치다|N1
동사|verb|慕う|したう|그리워하다, 우러르다|故人の徳を慕う。|고인의 덕을 우러르다.|{"year":"2015"}|慕う 2015 그리워하다, 우러르다 したう|N1
동사|verb|仕立てる|したてる|① 만들다 ② 길러내다, 양성하다|ドレスを仕立てる。|드레스를 만들다.|null|仕立てる ① 만들다 ② 길러내다, 양성하다 したてる|N1
동사|verb|しのぐ|しのぐ|견디다|飢えをしのぐ。|굶주림을 견디다.|null|しのぐ 견디다|N1
동사|verb|染みる|しみる|① 번지다, 스며들다 ② 절실히 느끼다|味が染みる。|맛이 스며들다.|{"year":"2019"}|染みる 2019 ① 번지다, 스며들다 ② 절실히 느끼다 しみる|N1
동사|verb|しゃれる|しゃれる|세련되다|デザインがしゃれている。|디자인이 세련되다.|null|しゃれる 세련되다|N1
동사|verb|準ずる|じゅんずる|준하다|正職員に準ずる待遇をする。|정직원에 준하는 대우를 하다.|null|準ずる 준하다 じゅんずる|N1
동사|verb|白ける|しらける|① 흥이 깨지다 ② 퇴색하다|座が白ける。|(그 장소의) 흥이 깨지다.|null|白ける ① 흥이 깨지다 ② 퇴색하다 しらける|N1
동사|verb|退く|しりぞく|물러나다|政界から退く。|정계에서 물러나다.|{"year":"2016"}|退く 2016 물러나다 しりぞく|N1
동사|verb|記す|しるす|기록하다|出来事を日記に記す。|사건을 일기에 기록하다.|null|記す 기록하다 しるす|N1
동사|verb|据える|すえる|① 고정시키다 ② (지위에) 앉히다, 모시다|部屋の真ん中にテーブルを据える。|방 한가운데에 테이블을 놓다.|null|据える ① 고정시키다 ② 모시다 すえる|N1
동사|verb|過ぎ去る|すぎさる|지나가 버리다|過ぎ去った青春。|지나가 버린 청춘.|null|過ぎ去る 지나가 버리다 すぎさる|N1
동사|verb|すすぐ|すすぐ|헹구다|洗濯物をすすぐ।|빨래를 헹구다.|null|すすぐ 헹구다|N1
동사|verb|廃れる|すたれる|쇠퇴하다|流行は廃れるものだ。|유행은 쇠퇴하는 법이다.|{"year":"2016"}|廃れる 2016 쇠퇴하다 すたれる|N1
동사|verb|澄む|すむ|맑다|空が澄んでいる。|하늘이 맑다.|null|澄む 맑다 すむ|N1
동사|verb|制する|せいする|① 제압하다 ② 제정하다|機先を制する。|기선을 제압하다.|null|制する ① 제압하다 ② 제정하다 せいする|N1
동사|verb|急かす|せかす|재촉하다|仕事を急かす。|일을 재촉하다.|{"year":"2013"}|急かす 2013 재촉하다 せかす|N1
동사|verb|添える|そえる|더하다, 곁들이다, 첨부하다|贈り物にカードを添える。|선물에 카드를 곁들이다.|null|添える 더하다, 곁들이다, 첨부하다 そえる|N1
동사|verb|損なう|そこなう|해치다|健康を損なう。|건강을 해치다.|{"year":"2014"}|損なう 2014 해치다 そこなう|N1
동사|verb|そびえる|そびえる|우뚝 솟다|高層ビルがそびえている。|고층 빌딩이 우뚝 솟아 있다.|null|そびえる 우뚝 솟다|N1
동사|verb|染まる|そまる|물들다|布が赤く染まる。|옷감이 붉게 물들다.|null|染まる 물들다 そまる|N1
동사|verb|背く|そむく|등지다, 어기다, 거역하다|命令に背く。|명령을 거역하다.|null|背く 등지다, 어기다, 거역하다 そむく|N1
동사|verb|背ける|そむける|(얼굴, 눈길을) 돌리다, 외면하다|惨状に目を背ける。|참혹한 상황에 눈길을 돌리다.|null|背ける 돌리다, 외면하다 そむける|N1
동사|verb|染める|そめる|물들이다|髪を染める。|머리를 염색하다.|null|染める 물들이다 そめる|N1
동사|verb|逸らす|そらす|놓치다, 방향을 돌리다|話題を逸らす。|화제를 돌리다.|null|逸らす 놓치다, 방향을 돌리다 そらす|N1
동사|verb|反る|そる|휘어지다|乾いて板が反る。|말라서 널판지가 휘어지다.|null|反る 휘어지다 そる|N1
동사|verb|たえる|たえる|① 견디다, 참다(耐える) ② ~할 만하다(堪える)|悲しみにたえる。|슬픔을 참다.|null|たえる ① 견디다 ② ~할 만하다|N1
동사|verb|絶える|たえる|끊어지다|人通り가 絶える。|사람의 왕래가 끊어지다.|null|絶える 끊어지다 たえる|N1
동사|verb|たしなむ|たしなむ|애호하다, 즐기다|タバコをたしなむ。|담배를 즐기다.|null|たしなむ 애호하다, 즐기다|N1
동사|verb|携える|たずさえる|휴대하다, 소지하다|手土産を携えて訪問하는|간단한 선물을 들고 방문하다.|null|携える 휴대하다, 소지하다 たずさえる|N1
동사|verb|携わる|たず사わる|종사하다|教育に携わる。|교육에 종사하다.|{"year":"2014"}|携わる 2014 종사하다 たずさわる|N1
동사|verb|たたえる|たたえる|기리다, 칭찬하다|勇気をたたえる。|용기를 칭찬하다.|{"year":"2017"}|たたえる 2017 기리다, 칭찬하다|N1
동사|verb|漂う|ただよう|① 떠다니다 ② (분위기가) 감돌다|雲が漂う。|구름이 떠다니다.|{"year":"2014"}|漂う 2014 ① 떠다니다 ② 감돌다 ただよう|N1
동사|verb|立ち尽くす|たちつくす|멈춰 서다|呆然と立ち尽くす。|우두커니 서 있다.|null|立ち尽くす 멈춰 서다 たちつくす|N1
동사|verb|断つ|たつ|끊다, 그만두다|関係を断つ。|관계를 끊다.|null|断つ 끊다, 그만두다 たつ|N1
동사|verb|立て替える|たてかえる|대신 지불하다|会費を立て替える。|회비를 대신 지불하다.|{"year":"2013"}|立て替える 2013 대신 지불하다 たてかえる|N1
동사|verb|奉る|たてまつる|① 바치다, 받들다 ② 받들어 모시다|会長に奉る。|회장으로 모시다.|null|奉る ① 바치다, 받들다 ② 모시다 たてまつる|N1
동사|verb|たどり着く|たどりつく|겨우 도착하다, 도달하다|山頂にたどり着く。|산 정상에 간신히 도착하다.|null|たどり着く 겨우 도착하다, 도달하다 たどりつく|N1
동사|verb|たどる|たどる|더듬어 찾다, 더듬어가다|地図をたどって目的地に着く。|지도를 더듬어가며 목적지에 도착하다.|{"year":"2014"}|たどる 2014 더듬어 찾다, 더듬어가다 たどる|N1
동사|verb|束ねる|たばねる|묶다|古新聞を束ねる。|헌 신문을 묶다.|{"year":"2018"}|束ねる 2018 묶다 たばねる|N1
동사|verb|賜る|たまわる|받잡다(もらう의 겸손)|お言葉を賜る。|말씀을 받잡다(듣다).|null|賜る 받잡다 たまわる|N1
동사|verb|垂らす|たらす|늘어뜨리다|ロープを垂らす。|로프를 늘어뜨리다.|null|垂らす 늘어뜨리다 たらす|N1
동사|verb|弛む|たるむ|① 늘어지다 ② 해이해지다|気が弛んでいる。|마음이 해이해지다.|null|弛む ① 늘어지다 ② 해이해지다 たるむ|N1
동사|verb|垂れる|たれる|늘어지다|前髪が額に垂れている。|앞머리가 이마 쪽으로 늘어져 있다.|null|垂れる 늘어지다 たれる|N1
동사|verb|費やす|ついやす|쓰다, 소비하다|趣味に時間を費やす。|취미에 시간을 소비하다.|{"year":"2012"}|費やす 2012 쓰다, 소비하다 ついやす|N1
동사|verb|仕える|つかえる|섬기다|神に仕える。|신을 섬기다.|null|仕える 섬기다 つかえる|N1
동사|verb|司る|つかさどる|담당하다, 감독하다|行政を司る。|행정을 담당하다.|null|司る 담당하다, 감독하다 つかさどる|N1
동사|verb|突き進む|つきすすむ|돌진하다|目標に向かって突き進む。|목표를 향해 돌진하다.|null|突き進む 돌진하다 つきすすむ|N1
동사|verb|尽くす|つくす|다하다|常にベストを尽くしたい。|항상 최선을 다하고 싶다.|{"year":"2016"}|尽くす 2016 다하다 つくす|N1
동사|verb|償う|つぐなう|보상하다, 속죄하다|罪を償う。|죄를 갚다(속죄하다).|null|償う 보상하다, 속죄하다 つぐなう|N1
동사|verb|繕う|つくろう|수선하다, 깁다|靴下を繕う。|양말을 깁다.|null|繕う 수선하다, 깁다 つくろう|N1
동사|verb|告げる|つげる|고하다, 알리다|別れを告げる。|이별을 고하다.|null|告げる 고하다, 알리다 つげる|N1
동사|verb|突っかかる|つっかかる|① 걸리다 ② 덤벼들다|相手かまわず突っかかる。|상대가 누구든 상관하지 않고 덤벼들다.|null|突っかかる ① 걸리다 ② 덤벼들다|N1
동사|verb|培う|つちかう|① 배양하다 ② 재배하다|学力を培う。|학력을 배양하다.|null|培う ① 배양하다 ② 재배하다 つちかう|N1
동사|verb|慎む|つつしむ|조심하다, 삼가다|言動を慎む।|언동을 조심하다.|null|慎む 조심하다, 삼가다 つつしむ|N1
동사|verb|突っ張る|つっぱる|버티다, 강경하게 나가다|妥協せずに突っ張る。|타협하지 않고 버티다.|null|突っ張る 버티다, 강경하게 나가다 つっぱる|N1
동사|verb|つなぐ|つなぐ|잇다, 연결하다|電話をつなぐ।|전화를 연결하다.|null|つ나ぐ 잇다, 연결하다|N1
동사|verb|募る|つのる|① 모집하다 ② 점점 심해지다|不安が募る।|불안감이 더해간다.|{"year":"2018"}|募る 2018 ① 모집하다 ② 점점 심해지다 つのる|N1
동사|verb|呟く|つぶやく|중얼거리다|一人で呟く。|혼자서 중얼거리다.|{"year":"2019"}|呟く 2019 중얼거리다 つぶやく|N1
동사|verb|つぶる|つぶる|감다|目をつぶって考える。|눈을 감고 생각하다.|null|つぶる (눈을) 감다|N1
동사|verb|つまむ|つまむ|집다|指でつまんで食べる।|손가락으로 집어 먹는다.|null|つまむ 집다|N1
동사|verb|積み重なる|つみかさなる|쌓이다|疲れ가 積み重なる。|피로가 쌓이다.|null|積み重なる 쌓이다 つみか사なる|N1
동사|verb|積み立てる|つみたてる|적립하다, (돈을) 모으다|旅行の費用を積み立てる।|여행의 비용을 모으다.|null|積み立てる 적립하다 つみたてる|N1
동사|verb|摘む|つむ|(손으로) 따다, 뜯다, 잘라내다|花を摘む。|꽃을 따다.|null|摘む 따다, 뜯다 つむ|N1
동사|verb|貫く|つらぬく|관철하다|自分の意思を貫く।|자신의 의사를 관철하다.|{"year":"2013"}|貫く 2013 관철하다 つらぬく|N1
동사|verb|手がける|てがける|손대다, 직접 다루다|手がけた仕事は全部失敗した。|손 댄 일은 전부 실패했다.|null|手がける 손대다, 직접 다루다 てがける|N1
동사|verb|徹する|てっする|(~에) 철저하다, 일관하다|家業に徹する।|가업에 충실하다.|null|徹하는 (~에) 철저하다 てっする|N1
동사|verb|転じる|てんじる|바꾸다, 바뀌다|学者から政治家に転じる।|학자에서 정치가로 바뀌다.|null|転じる 바꾸다, 바뀌다 てんじる|N1
동사|verb|投じる|とうじる|뛰어들다, 던지다|第一球を投じる।|첫 공을 던지다.|null|投じる 뛰어들다, 던지다 とうじる|N1
동사|verb|尊ぶ|とうとぶ|존중하다|少数意見も尊ぶべきだ。|소수의견도 존중해야 한다.|null|尊ぶ 존중하다 とうとぶ|N1
동사|verb|遠ざかる|とおざかる|멀어지다|足音が遠ざかる।|발소리가 멀어지다.|null|遠ざかる 멀어지다 とおざかる|N1
동사|verb|とがめる|とがめる|① 나무라다 ② 가책을 받다|失敗をとがめる. / 気がと가める.|실패를 나무라다. / 마음에 걸리다.|null|とがめる ① 나무라다 ② 가책을 받다|N1
동사|verb|解き放つ|ときはなつ|풀어주다, 해방하다|古いしきたりから人々を解き放つ。|오랜 관습으로부터 사람들을 해방시키다.|null|解き放つ 풀어주다, 해방하다 ときはなつ|N1
동사|verb|途切れる|とぎれる|중단되다, 끊기다|会話が途切れる।|대화가 끊기다.|null|途切れる 중단되다, 끊기다 とぎれる|N1
동사|verb|説く|とく|설명하다|開発の必要性を説く।|개발의 필요성을 설명하다.|null|説く 설명하다 とく|N1
동사|verb|研ぐ|とぐ|① 갈다 ② 곡식을 씻다|包丁を研ぐ. / 米を研ぐ.|부엌칼을 갈다. / 쌀을 씻다.|null|研ぐ ① 갈다 ② 씻다 とぐ|N1
동사|verb|遂げる|とげる|이루다, 달성하다|目的を遂げる।|목적을 달성하다.|{"year":"2017"}|遂げる 2017 이루다, 달성하다 とげる|N1
동사|verb|綴じる|とじる|철하다, 묶다|原稿を綴じる।|원고를 철하다.|null|綴じる 철하다, 묶다 とじる|N1
동사|verb|途絶える|とだえる|끊어지다, 두절되다|便りが途絶える।|소식이 두절되다.|null|途絶える 끊어지다, 두절되다 とだえる|N1
동사|verb|滞る|とどこおる|막히다, 정체되다, 밀리다|家賃が滞っている.।|집세가 밀리고 있다.|{"year":"2018"}|滞る 2018 막히다, 정체되다 とどこおる|N1
동사|verb|唱える|となえる|주장하다, 외치다|新しい学説を唱える।|새로운 학설을 주장하다.|{"year":"2015"}|唱える 2015 주장하다, 외치다 となえる|N1
동사|verb|飛び交う|とびかう|난무하다, 어지럽게 날다|噂が飛び交う.।|소문이 난무하다.|null|飛び交う 난무하다, 어지럽게 날다 とびかう|N1
동사|verb|とぼける|とぼける|시치미를 떼다|知らないととぼける.।|모른다고 시치미를 떼다.|null|とぼける 시치미를 떼다|N1
동사|verb|戸惑う|とまどう|당황하다|急に聞かれて戸惑う.।|갑자기 질문을 받고 당황하다.|{"year":"2016"}|戸惑う 2016 당황하다 とまどう|N1
동사|verb|取り扱う|とりあつかう|취급하다|荷物を丁寧に取り扱う.।|짐을 조심스럽게 취급하다.|null|取り扱う 취급하다 とりあつかう|N1
동사|verb|取り調べる|とりしらべる|조사하다, 취조하다|容疑者を取り調べる.।|용의자를 취조하다.|null|取り調べる 조사하다, 취조하다 とりしらべる|N1
동사|verb|取り付く|とりつく|매달리다, 착수하다|新しい研究課題に取り付く。|새로운 연구과제에 매달리다.|null|取り付く 매달리다. 착수하다 新しい研究課題に取り付く 新しい研究課題に取り付く。 새로운 연구과제에 매달리다. とりつく|N1
동사|verb|取り次ぐ|とりつぐ|전달하다, 중개하다|伝言を取り次ぐ。|전언을 전달하다.|null|取り次ぐ 전달하다. 중개하다 取り次ぐ。 전언을 전달하다. とりつく|N1
동사|verb|取り付ける|とりつける|설치하다|クーラーを取り付ける。|에어컨을 설치하다.|null|取り付ける 설치하다 クーラーを取り付ける。 에어컨을 설치하다. とりつける|N1
동사|verb|取り除く|とりのぞく|제거하다|不良品を取り除く。|불량품을 제거하다.|null|取り除く 제거하다 不良品を取り除く。 불량품을 제거하다. とりのぞく|N1
동사|verb|取り巻く|とりまく|둘러싸다|ファンに取り巻かれる。|팬들에게 둘러싸이다.|null|取り巻く 둘러싸다 ファンに取り巻かれる。 팬들에게 둘러싸이다. とりまく|N1
동사|verb|取り戻す|とりもどす|되찾다, 회복하다|健康を取り戻す。|건강을 회복하다.|{"year":"2015"}|取り戻す 2015 되찾다. 회복하다 健康を取り戻す。 건강을 회복하다. とりもどす|N1
동사|verb|取り寄せる|とりよせる|주문하여 들여오다|メーカーからサンプルを取り寄せる。|제조업체로부터 샘플을 들여오다.|null|取り寄せる 주문하여 들여오다 メーカーからサンプルを取り寄せる メーカーからサンプルを取り寄せる。 제조업체로부터 샘플을 들여오다. とりよせる|N1
동사|verb|採る|とる|뽑다, 채용하다, 선택하다|新入社員を採る。|신입사원을 채용하다.|null|採る 뽑다. 채용하다, 선택하다 新入社員を探る。 신입사원을 채용하다. とる|N1
동사|verb|とろける|とろける|녹다|熱でバターがとろける。|열로 버터가 녹다.|null|とろける 녹다 熱でバターがとろける。 열로 버터가 녹다.|N1
동사|verb|嘆く|なげく|한탄하다|失敗を嘆く。|실패를 탄식하다.|null|嘆く 한탄하다 しっぱいなげ 失敗を嘆く。 실패를 탄식하다. なげく|N1
동사|verb|なじむ|なじむ|친숙해지다|都会の生活になじむ。|도시 생활에 익숙해지다.|{"year":"2010"}|なじむ 2010 친숙해지다 とかいせいかつ 都会の生活になじむ。 도시 생활에 익숙해지다.|N1
동사|verb|詰る|なじる|힐책하다, 따지다|部下の怠慢を詰る。|부하의 나태함을 힐책하다.|null|詰る 힐책하다. 따지다 部下の怠惰を詰る。 부하의 나태한을 힐책하다. なじる|N1
동사|verb|懐く|なつく|(주로 사람에게) 친숙해져 따르다, 친해지다|新しい先生に懐く。|새로운 선생님을 따르다.|null|懐く (주로 사람에게) 친숙해져 따르다. 친해지다 新しい先生に懐く。 새로운 선생님을 따르다. なつく|N1
동사|verb|名付ける|なづける|이름짓다, 명명하다|長男を一郎と名付ける。|장남을 이치로라고 이름짓다.|null|名付ける 이름짓다. 명명하다 を一郎と名付ける。 장남을 이치로라고 이름짓다. なづける|N1
동사|verb|なめる|なめる|① 핥다 ② 깔보다|飴をなめる。素人になめられる。|사탕을 빨다. 초보자에게 무시당하다.|null|なめる ① 핥다 ② 깔보다 あめ 飴をなめる。사탕을 빨다. しろうと 素人になめられる。초보자에게 무시당하다.|N1
동사|verb|倣う|ならう|모방하다, 본받다, 따르다|前例に倣って決める。|전례에 따라 결정하다.|null|倣う 모방하다. 본받다. 따르다 前例に倣って決める。 전례에 따라 결정하다. ならう|N1
동사|verb|慣らす|ならす|길들이다, 익숙하도록 하다|体を寒さに慣らす。|몸을 추위에 익숙하게 하다.|null|慣らす 길들이다. 익숙하도록 하다 体を さに慣らす。 몸을 추위에 익숙하게 하다. ならす|N1
동사|verb|成り立つ|なりたつ|성립되다|契約が成り立つ。|계약이 성립되다.|null|成り立つ 성립되다 契約が成り立つ。 계약이 성립되다. なりたつ|N1
동사|verb|似通う|にかよう|서로 닮다, 서로 비슷하다|服装が似通っている。|복장이 서로 비슷하다.|null|似通う 서로 닮다. 서로 비슷하다 服装が似通っている。 복장이 서로 비슷하다. にかよう|N1
동사|verb|賑わう|にぎわう|활기차다, 붐비다|観光客で賑わっている。|관광객으로 붐비다.|{"year":"2010"}|賑わう 2010 활기차다. 붐비다 かんこうきくにぎ 観光客で賑わっている。 관광객으로 붐비다. にぎわう|N1
동사|verb|にじむ|にじむ|배다, 스미다|血のにじむような努力をする。|피나는 노력을 하다.|{"year":"2019"}|にじむ 2019 배다. 스미다 血のにじむような努力をする。 피나는 노력을 하다.|N1
동사|verb|煮立つ|にたつ|펄펄 끓다, 끓어오르다|スープが煮立つ。|스프가 끌어오르다.|null|煮立つ 펄펄 끓다. 끓어오르다 にた スープが煮立つ。 스프가 끌어오르다. にたつ|N1
동사|verb|担う|になう|짊어지다, 떠맡다|国の未来を担う若者たち。|나라의 미래를 짊어질 젊은이들.|{"year":"2013"}|担う 2013 짊어지다. 떠맡다 みらい なわかもの くに 国の未来を担う若者たち 나라의 미래를 짊어질 젊은이들. になう|N1
동사|verb|鈍る|にぶる|무디어지다, 둔해지다|練習不足で腕が鈍る。|연습 부족으로 실력이 둔해지다.|{"year":"2011"}|鈍る 2011 にぶる 무디어지다, 둔해지다 練習不足で腕が鈍る。|N1
동사|verb|にらむ|にらむ|노려보다|鋭い目つきでにらむ。|날카로운 눈초리로 노려보다.|null|にらむ にらむ 노려보다 鋭い目つきでにらむ。|N1
동사|verb|抜かす|ぬかす|빠뜨리다, 거르다|朝食を抜かす。|아침 식사를 거르다.|null|抜かす ぬかす 빠뜨리다, 거르다 朝食を抜かす。|N1
동사|verb|抜け出す|ぬけだす|살짝 빠져 나오다|会議を抜け出す。|회의를 살짝 빠져 나오다.|null|抜け出す ぬけだす 살짝 빠져 나오다 会議を抜け出す。|N1
동사|verb|寝込む|ねこむ|깊이 잠들다, (병으로) 드러눕다|風邪で寝込む。|감기로 드러눕다.|null|寝込む ねこむ 깊이 잠들다, (병으로) 드러눕다 風邪で寝込む。|N1
동사|verb|ねじれる|ねじれる|비뚤어지다|ネクタイがねじれる。|넥타이가 비뚤어지다.|null|ねじれる ねじれる 비뚤어지다 ネクタイがねじれる。|N1
동사|verb|妬む|ねたむ|질투하다, 시샘하다|友達の成功を妬む。|친구의 성공을 질투하다.|null|妬む ねたむ 질투하다, 시샘하다 友達の成功を妬む。|N1
동사|verb|ねだる|ねだる|조르다, 떼를 쓰다|子供がおもちゃをねだって泣く。|아이가 장난감을 조르며 울다.|null|ねだる ねだる 조르다, 떼를 쓰다 子供がおもちゃをねだって泣く。|N1
동사|verb|粘る|ねばる|끈기있다, 끝까지 버티다|最後まで粘る。|끝까지 버티다.|null|粘る ねばる 끈기있다, 끝까지 버티다 最後まで粘る。|N1
동사|verb|練る|ねる|① 반죽하다 ② 다듬다|生地を練る。対策案を練る。|반죽하다. 대책안을 다듬다.|{"year":"2013"}|練る 2013 ねる ① 반죽하다 ② 다듬다 生地を練る。対策案を練る。|N1
동사|verb|逃れる|のがれる|도망치다, 벗어나다, 면하다|責任を逃れる。|책임을 피하다.|{"year":"2011"}|逃れる 2011 のがれる 도망치다, 벗어나다, 면하다 責任を逃れる。|N1
동사|verb|臨む|のぞむ|임하다, 마주하다|試合に臨む。|시합에 임하다.|{"year":"2014"}|臨む 2014 のぞむ 임하다, 마주하다 試合に臨む。|N1
동사|verb|乗っ取る|のっとる|빼앗다, 납치하다|会社を乗っ取る。|회사를 빼앗다.|null|乗っ取る のっとる 빼앗다, 납치하다 会社を乗っ取る。|N1
동사|verb|ののしる|ののしる|욕설을 퍼붓다|人前でののしられる。|사람들 앞에서 욕을 먹다.|null|ののしる ののしる 욕설을 퍼붓다 人前でののしられる。|N1
동사|verb|乗り越える|のりこえる|극복하다|不況を乗り越える。|불황을 극복하다.|null|乗り越える のりこえる 극복하다 不況を乗り越える。|N1
동사|verb|乗り出す|のりだす|적극적으로 나서다|資源開発に乗り出す。|자원 개발에 나서다.|{"year":"2018"}|乗り出す 2018 のりだす 적극적으로 나서다 資源開発に乗り出す。|N1
동사|verb|乗り継ぐ|のりつぐ|갈아타다|バスから電車に乗り継ぐ。|버스로 전철을 갈아타다.|{"year":"2016"}|乗り継ぐ 2016 のりつぐ 갈아타다 バスから電車に乗り継ぐ。|N1
동사|verb|這う|はう|기다|赤ん坊は這って進む。|갓난아기는 기어서 앞으로 나간다.|null|這う はう 기다 赤ん坊は這って進む。|N1
동사|verb|捗る|はかどる|진척되다, 순조롭게 진행되다|仕事が捗る。|일이 진척되다.|{"year":"2010"}|捗る 2010 はかどる 진척되다, 순조롭게 진행되다 仕事が捗る。|N1
동사|verb|諮る|はかる|자문하다, 상의하다|議会に諮って決める。|의회에 자문을 구하여 결정하다.|null|諮る はかる 자문하다, 상의하다 議会に諮って決める。|N1
동사|verb|図る|はかる|꾀하다, 도모하다|客の便宜を図る。|손님의 편의를 도모하다.|null|図る はかる 꾀하다, 도모하다 客の便宜を図る。|N1
동사|verb|剥ぐ|はぐ|벗기다|木の皮を剥ぐ。|나무 껍질을 벗기다.|null|剥ぐ はぐ 벗기다 木の皮を剥ぐ。|N1
동사|verb|励ます|はげます|격려하다|被災者を励ます。|이재민을 격려하다.|null|励ます はげます 격려하다 被災者を励ます。|N1
동사|verb|励む|はげむ|힘쓰다|練習に励む。|연습에 힘쓰다.|{"year":"2013"}|励む 2013 はげむ 힘쓰다 練習に励む。|N1
동사|verb|化ける|ばける|둔갑하다, 변장하다|犯人は女性に化けて逃げた。|범인은 여성으로 변장해서 도망쳤다。|null|化ける 둔갑하다. 변장하다 犯人は女性に化けて逃げた。 범인은 여성으로 변장해서 도망쳤다. ばける|N1
동사|verb|はじく|はじく|튕기다|そろばんの玉をはじく。|주판알을 튕기다。|{"year":"2017"}|はじく 2017 튕기다 そろばんの玉をはじく。 주판알을 챙기다.|N1
동사|verb|はしゃぐ|はしゃぐ|들떠서 떠들다, 재잘거리다|子供のようにはしゃぐ。|아이처럼 재잘대다。|null|はしゃぐ 들떠서 떠들다. 재잘거리다 子供のようにはしゃく 아이처럼 재잘대다.|N1
동사|verb|恥らう|はじらう|부끄러워하다|人前に出るのを恥らう。|남의 앞에 나서는 것을 부끄러워하다。|null|恥らう 부끄러워하다 人前に出るのを恥らう。 남의 앞에 나서는 것을 부끄러워하다. はじらう|N1
동사|verb|恥じる|はじる|부끄러워하다, 부끄럽게 생각하다|軽率な発言を恥じる。|경솔한 발언을 부끄러워하다。|null|恥じる 부끄러워하다. 부끄럽게 생각하다 軽率な発言を恥じる。 경솔한 발언을 부끄러워하다. はじる|N1
동사|verb|弾む|はずむ|튀다|このボールはよく弾む。|이 공은 잘 튄다。|{"year":"2011"}|弾む 2011 튀다 はず このボールはよく弾むむ。이 공은 잘 된다. はずむ|N1
동사|verb|はせる|はせる|① 달리게 하다, 몰다 ② (명성을) 떨치다|馬をはせる。名声をはせる。|말을 몰다. 명성을 떨치다。|null|はせる ① 달리게 하다. 몰다 ② (명성을 떨치다 馬をはせる。말을 몰다. 名声をはせる。명성을 떨치다.|N1
동사|verb|ばてる|ばてる|지치다, 녹초가 되다|暑さにばててしまう。|더위에 지치다。|{"year":"2018"}|ばてる 2018 지치다. 녹초가 되다 暑さにばててしまう。더위에 지지다.|N1
동사|verb|跳ね返る|はねかえる|튀어오르다, 되돌아오다|ボールが跳ねる。|공이 튀어오르다。|null|跳ね返る 튀어오르다, 되돌아오다 ボールが跳ねる。공이 튀어오르다. はねかえる|N1
동사|verb|はまる|はまる|① 꼭 들어맞다 ② 계략에 빠지다|指輪が小さくて指にはまらない。わなにはまる。|반지가 작아서 손가락에 들어가지 않는다. 함정에 빠지다。|null|はまる ① 꼭 들어맞다 ② 계략에 빠지다 指輪が小さくて指にはまらない 반지가 작아서 손가락에 들어가지 않는다. わなにはまる。함정에 빠지다.|N1
동사|verb|生やす|はやす|기르다|ひげを生やす。|수염을 기르다。|null|生やす 기르다 ひげを生やす。수염을 기르다. はやす|N1
동사|verb|ばらまく|ばらまく|뿌리다, 흩뿌리다|鳥のえさをばらまく。|새의 먹이를 뿌리다。|null|ばらまく 뿌리다. 흩뿌리다 鳥のえさをばらまく 새의 먹이를 뿌리다.|N1
동사|verb|張り合う|はりあう|경쟁하다, 겨루다|主役を張り合う。|주역자리를 경쟁하다。|{"year":"2017"}|張り合う 2017 경쟁하다. 겨루다=競い合う 生 を張り合う。주역자리를 경쟁하다. はりあう|N1
동사|verb|腫れる|はれる|붓다, 부어오르다|顔が腫れている。|얼굴이 부어 있다。|null|腫れる 붓다, 부어오르다 顔が腫れている。얼굴이 부어 있다. はれる|N1
동사|verb|控える|ひかえる|① 앞두다, 대기하다 ② 삼가다 ③ 적어두다|試合を来月に控えている。酒を控える。予定を手帳に控える。|시합을 다음 달로 앞두고 있다. 술을 삼가다. 예정을 수첩에 적어두다。|null|控える ① 앞두다, 대기하다 ② 삼가다 ③ 적어두다 試合を来月に控えている。 시합을 다음 달로 앞두고 있다. 酒を控える。 건강을 위해 술을 삼가다. 予定を手帳に控える。예정을 수첨에 적어두다. ひかえる|N1
동사|verb|率いる|ひきいる|인솔하다|生徒を率いて、遠足に行く。|학생을 인솔하여 소풍을 가다。|null|率いる 인솔하다 生徒を築いて、遠足に行く 학생을 인솔하여 소풍을 가다. ひきいる|N1
동사|verb|引き起こす|ひきおこす|일으키다|トラブルを引き起こす。|문제를 일으키다。|null|引き起こす 일으키다 トラブルを引き起こす。 문제를 일으키다. ひきおこす|N1
동사|verb|引き下げる|ひきさげる|내리다, 낮추다, 인하하다|価格を引き下げる。|가격을 인하하다。|null|引き下げる 내리다. 낮추다. 인하하다 価格を引き下げる。가격을 인하하다. ひきさげる|N1
동사|verb|引き締まる|ひきしまる|① 팽팽해지다 ② 바짝 긴장하다|引き締まった体をしている。気持ちが引き締まる。|단단한 몸을 지니다(군살이 없는 몸을 갖고 있다). 바짝 긴장되다。|null|引き締まる ① 팽팽해지다 ② 바짝 긴장하다 引き締まった体をしている。 단단한 몸을 지니다(군살이 없는 몸을 갖고 있다). 気持ちが引き締まる。 바짝 긴장되다. ひきしまる|N1
동사|verb|引きずる|ひきずる|질질 끌다, 끌고 가다|荷物を引きずって運ぶ。|짐을 끌어서 옮기다。|null|引きずる 질질 끌다. 끌고 가다 荷物を引きずって運ぶ, 짐을 끌어서 옮기다. ひきずる|N1
동사|verb|引き取る|ひきとる|① 떠맡다, 인수하다 ② 물러나다, 물러가다|預けていた荷物を引き取る。その場を引き取る。|맡겼던 짐을 받다. 그 자리를 뜨다。|null|引き取る ① 떠맡다. 인수하다 ② 물러나다. 물러가다 預けていた荷物を引き取る。맡겼던 짐을 받다. ひきとる その場を引き取る。그 자리를 뜨다.|N1
동사|verb|引き寄せる|ひきよせる|끌어당기다, 유인하다|笑顔には人を引き寄せる力がある。|미소에는 사람을 끌어 당기는 힘이 있다。|null|引き寄せる 끌어당기다. 유인하다 笑顔には人を引き寄せる力がある 미소에는 사람을 끌어 당기는 힘이 있다. ひきよせる|N1
동사|verb|浸す|ひたす|담그다, 적시다|お湯に手足を浸して温める。|더운 물에 손발을 담그어 따뜻하게 하다。|null|浸す 담그다. 적시다 お湯に手足を浸して温める。 더운 물에 손발을 담그어 따뜻하게 하다. ひたす|N1
동사|verb|秘める|ひめる|숨기다, 간직하다|子供たちは無限の可能性を秘めている。|아이들은 무한한 가능성을 간직하고 있다。|{"year":"2012"}|秘める 2012 숨기다. 간직하다 子供たちは無限の可能性を秘めている 아이들은 무한한 가능성을 간직하고 있다. ひめる|N1
동사|verb|冷やかす|ひやかす|① 놀리다 ② 구경만 하다|道行く人を冷やかす。店を冷やかして歩く。|길가는 사람을 놀리다. 가게를 구경만 하고 다니다。|null|冷やかす ① 놀리다 ② 구경만 하다 道行く人を冷やかす。길가는 사람을 놀리다. を冷やかして歩く。가계를 구경만 하고 다니다. ひやかす|N1
동사|verb|ひらめく|ひらめく|번쩍이다, 번뜩이다|アイデアがひらめく。|아이디어가 번뜩이다。|null|ひらめく 번쩍이다. 번뜩이다 アイデアがひらめく 아이디어가 번득이다.|N1
동사|verb|封じる|ふうじる|밀봉하다, 봉쇄하다|敵の攻撃を封じる。|적의 공격을 봉쇄하다。|null|封じる 밀봉하다. 봉쇄하다 敵の攻撃を封じる。적の攻撃を封じる。적의 공격을 봉쇄하다. ふうじる|N1
동사|verb|膨れる|ふくれる|부풀다, 불룩해지다|腹が膨れる。|배가 불룩해지다(나오다)。|null|膨れる 부풀다. 불룩해지다 腹が膨れる。배가 불룩해지다(나오다). ふくれる|N1
동사|verb|老ける|ふける|늙다, 나이를 먹다|年の割には老けてみえる。|나이에 비해서는 늙어 보인다。|null|老ける 늙다. 나이를 먹다 年の割には老けてみえる 나이에 비해서는 늙어 보인다. ふける|N1
동사|verb|耽る|ふける|열중하다, 몰두하다, 빠지다|読書に耽る。|독서에 몰두하다。|null|耽る 열중하다. 몰두하다. 빠지다 読書に耽る。독서에 몰두하다. ふける|N1
동사|verb|踏まえる|ふまえる|판단의 근거로 삼다, 입각하다|事実を踏まえて論じる。|사실을 근거로 삼아 논하다。|null|踏まえる 판단의 근거로 삼다. 입각하다 事実を踏まえて論じる。 사실을 근거로 삼아 논하다. ふまえる|N1
동사|verb|振り返る|ふりかえる|되돌아보다|学生時代を振り返る。|학창시절을 되돌아보다。|null|振り返る 되돌아보다=顧みる 学生時代を振り返る。 하창시절을 되돌아보다. ふりかえる|N1
동사|verb|振り払う|ふりはらう|뿌리치다, 털어내다|差し出した手を振り払う。|내민 손을 뿌리치다。|null|振り払う 뿌리치다. 털어내다 差し出した手を振り払う。내민 손을 뿌리치다. ふりはらう|N1
동사|verb|へりくだる|へりくだる|자신을 낮추다, 겸손해하다|へりくだった態度で人に接する。|자신을 낮춘 태도로 사람을 응대하다。|null|へりくだる 자신을 낮추다. 겸손해하다 へりくだった態度で人に接する。자신을 낮춘 태도로 사람을 응대하다.|N1
동사|verb|経る|へる|① 경유하다, 거치다 ② 경과하다, (시간이) 흐르다|パリを経てロンドンへ行く。多くの年月を経る。|파리를 경유해서 런던으로 간다. 많은 세월이 흐르다。|null|経る ① 경유하다. 거치다 ② 경과하다. (시간이) 흐르다 パリを経てロンドンへ行く。 과리를 경유해서 런던으로 간다. 多くの年月を経る。많은 세월이 흐르다. へる|N1
동사|verb|報じる|ほうじる|보도하다, 알리다|選挙結果を報じる。|선거 결과를 알리다。|{"year":"2010"}|報じる 2010 보도하다. 알리다 選挙結果を報じる。선거 결과를 알리다. ほうじる|N1
동사|verb|葬る|ほうむる|매장하다|死者を葬る。|사망자를 매장하다。|null|葬る 매장하다 死者を葬る。사망자를 매장하다. ほうむる|N1
동사|verb|放り出す|ほうりだす|집어치우다, 내팽개치다|仕事を途中で放り出す。|일을 도중에 내팽개치다。|null|放り出す 집어치우다. 내팽개치다 仕事を途中で放り出す。 일을 도중에 내팽개치다. ほうりだす|N1
동사|verb|ぼける|ぼける|① 흐릿하다 ② 멍청해지다, 정신이 쇠약해지다|遠くのものがぼけて見える。年とともにぼけてきた。|멀리 있는 것이 흐릿하게 보인다. 나이와 더불어 정신이 흐릿해지기 시작했다。|null|ぽける ① 흐릿하다 ② 멍청해지다. 정신이 쇠약해지다 遠くのものがぼけて見える。멀리 있는 것이 흐릿하게 보인다. とともにぼけてきた。나이와 더불어 정신이 흐릿해지기 시작했다.|N1
동사|verb|誇る|ほこる|자랑하다, 긍지로 여기다|長い歴史と文化を誇る。|긴 역사와 문화를 자랑하다。|null|誇る 자랑하다. 긍지로 여기다 長い歴史と文化を誇る。 ほこる 긴 역사와 문화를 자랑하다.|N1
동사|verb|綻びる|ほころびる|살짝 벌어지다, 피어나다|桜のつぼみが綻びる。|벚꽃의 꽃망울이 터지기 시작하다。|null|綻びる 살짝 벌어지다. 피어나다 桜のつぼみが綻びる。 벚꽃의 꽃망울이 터지기 시작하다. ほころびる|N1
동사|verb|解く|ほどく|풀다|ネクタイを解く。|넥타이를 풀다。|null|解く 풀다 ネクタイを驚く。넥타이를 풀다. ほどく|N1
동사|verb|解ける|ほどける|풀리다|靴のひもが解ける。|구두 끈이 풀리다。|{"year":"2011"}|解ける 2011 풀리다 靴のひもが解ける。구두 끈이 풀리다. ほどける|N1
동사|verb|施す|ほどこす|① 베풀다 ② 시행하다|恩恵を施す。至急対策を施すべきだ。|은혜를 베풀다. 시급히 대책을 시행해야 한다.|null|施す ① 베풀다 ② 시행하다 恩恵を施す。은혜를 베풀다. 至急対策を施すべきだ。 시급히 대책을 시행해야 한다. ほどこす|N1
동사|verb|ぼやく|ぼやく|투덜대다, 우는 소리를 하다|給料が安いとぼやく。|급료가 적다고 투덜대다.|null|ぼやく 투덜대다. 우는 소리를 하다 給料が安いとぼやく. 급료가 적다고 투덜대다. ぼやく|N1
동사|verb|ぼやける|ぼやける|희미해지다, 흐리멍텅해지다|物がぼやけて見える。|물건이 흐릿하게 보이다.|null|ぼやける 희미해지다. 흐리멍텅해지다 物がぼやけて見える。 물건이 흐릿하게 보이다. ぼやける|N1
동사|verb|滅びる|ほろびる|멸망하다, 없어지다|国家が滅びる。|국가가 멸망하다.|{"year":"2017"}|滅びる 2017 멸망하다. 없어지다 国家が滅びる。국가가 멸망하다. ほろびる|N1
동사|verb|滅ぼす|ほろぼす|멸하다, 멸망시키다|敵を滅ぼす。|적을 섬멸하다.|null|滅ぼす 멸하다. 멸망시키다 敵を滅ぼす。적을 섬멸하다. ほろぼす|N1
동사|verb|負かす|まかす|이기다|競技で相手を負かす。|경기에서 상대를 이기다.|null|負かす 이기다 競技で箱手を負かす 경기에서 상대를 이기다. まかす|N1
동사|verb|賄う|まかなう|조달하다, 마련하다|寄付で費用を賄う。|기부로 비용을 조달하다.|null|賄う 조달하다. 마련하다 寄付で費用を賄う。기부로 비용을 조달하다. まかなう|N1
동사|verb|紛れる|まぎれる|뒤섞이다, 혼동되다|犯人は人込みに紛れて姿が見えなくなった。|범인은 인파에 휩쓸려 모습이 보이지 않게 되었다.|{"year":"2015"}|紛れる 2015 뒤섞이다. 혼동되다 犯人は人込みに紛れて姿が見えなく なった。 범인은 인과에 휩쓸려 모습이 보이지 않게 되었다. まぎれる|N1
동사|verb|まごつく|まごつく|당황하다, 갈팡질팡하다|外国の空港でまごつく。|외국 공항에서 갈팡질팡하다.|null|まごつく 당황하다. 갈팡질팡하다=まごまごする 外国の空港でまごつく 외국 공항에서 갈팡질팡하다. まごつく|N1
동사|verb|勝る|まさる|낫다, 우수하다, 뛰어나다|実力では相手チームより勝っている。|실력으로는 상대 팀보다 뛰어나다.|null|勝る 낫다. 우수하다. 뛰어나다 実力では相手チームより勝っている。 실력으로는 상대 팀보다 뛰어나다. まさる|N1
동사|verb|交わる|まじわる|사귀다, 교제하다|友人と親しく交わる。|친구와 친하게 사귀다.|null|交わる 사귀다. 교제하다 と親しく交わる。친구와 친하게 사귀다. まじわる|N1
동사|verb|またがる|またがる|① 올라타다, 걸터앉다 ② 걸치다|自転車にまたがる。この山は二県にまたがっている。|자전거에 올라타다. 이 산은 두 현에 걸쳐져 있다.|null|またがる ① 올라타다. 걸터앉다 걸치다=わたる 自転車にまたがる。자전거에 올라타다. この山は二県にまたがっている。이산은두 현에 걸쳐져 있다. またがる|N1
동사|verb|惑わす|まどわす|유혹하다, 혼란시키다|誇大広告が消費者を惑わす。|과대 광고가 소비자를 혼란스럽게 한다.|null|惑わす 유혹하다. 혼란시키다 誇大広告が消費者を惑わす。 과대 광고가 소비자를 혼란스럽게 한다. まどわす|N1
동사|verb|免れる|まぬがれる|면하다, 피하다|死を免れる。|죽음을 면하다.|null|免れる 면하다(まぬかれる로도 읽음), 피하다 死を免れる。죽음을 면하다. まぬがれる|N1
동사|verb|丸める|まるめる|말다, 둥글게 하다, 구부리다|紙くずを丸めて捨てる。|휴지를 말아서 버리다.|null|丸める 말다. 둥글게 하다. 구부리다 くずを発めて捨てる。휴지를 말아서 버리다. まるめる|N1
동사|verb|見合わせる|みあわせる|① 서로 마주보다 ② 보류하다|顔を見合わせる。病気で旅行を見合わせる。|얼굴을 마주보다. 병으로 여행을 보류하다.|{"year":"2010"}|見合わせる 2010 ① 서로 마주보다 ② 보류하다 顔を見合わせる。얼굴을 마주보다. 病気で旅行を見合わせる。 병으로 여행을 보류하다. みあわせる|N1
동사|verb|見失う|みうしなう|시야에서 놓치다|人ごみの中で友だちを見失ってしまった。|인파 속에서 친구를 놓쳐 버렸다.|{"year":"2011"}|見失う 2011 시야에서 놓치다 人ごみの中で友だちを見笑ってしまった 인파 속에서 친구를 놓쳐 버렸다. みうしなう|N1
동사|verb|見落とす|みおとす|간과하다, 못 보고 넘기다|間違いを見落とす。|실수를 간과하다.|{"year":"2017"}|見落とす 2017 간과하다. 못 보고 넘기다 間違いを見落とす。실수를 간과하다. みおとす|N1
동사|verb|見極める|みきわめる|끝까지 지켜보다, 끝까지 밝히다, 확인하다|事の真相を見極める。|일의 진상을 끝까지 밝히다.|null|見極める 끝까지 지켜보다. 끝까지 밝히다. 확인하다 事の真相を見極める. 일의 진상을 끝까지 밝히다. みきわめる|N1
동사|verb|見せびらかす|みせびらかす|과시하다, 자랑해 보이다|新車を見せびらかす。|새 차를 뽐내다.|null|見せびらかす 과시하다. 자랑해 보이다 新車を見せびらかす。 새 차를 뽐내다. みせびらかす|N1
동사|verb|満たす|みたす|채우다|コップに水を満たす。|컵에 물을 채우다.|null|満たす 채우다 コップに水を満たす。컵에 물을 채우다. みたす|N1
동사|verb|見積もる|みつもる|어림잡다, 견적하다, 대중잡다|経費を見積もる。|경비를 어림잡다.|null|見積もる 어림잡다. 견적하다. 대중잡다 経費を見積もる。경비를 어림잡다. みつもる|N1
동사|verb|見なす|みなす|간주하다|返事のない者は欠席と見なす。|대답이 없는 사람은 결석으로 간주한다.|null|見なす 간주하다 返事のない者は欠席と見なす。 대답이 없는 사람은 결석으로 간주한다. みなす|N1
동사|verb|見習う|みならう|본받다|先輩を見習ってがんばる。|선배를 본받아 노력하다.|null|見習う 본받다 先輩を見習ってがんばる 선배를 본받아 노력하다. みならう|N1
동사|verb|見抜く|みぬく|간파하다, 알아채다|うそを見抜く。|거짓말을 간파하다.|null|見抜く 간파하다. 알아채다 を見抜く。 거짓말을 간과하다. みぬく|N1
동사|verb|見逃す|みのがす|① 간과하다, 놓치다 ② 눈감아 주다, 봐주다|わずかな失敗も見逃さない。駐車違反を見逃す。|사소한 실수도 놓치지 않는다. 주차 위반을 눈감아 주다.|{"year":"2019"}|見逃す 2019 ① 간과하다. 놓치다 ② 눈감아 주다. 봐주다 わずかな失敗も見逃さない。 사소한 실수도 놓치지 않는다. 駐車違反を見逃す。주차 위반을 눈감아 주다. みのがす|N1
동사|verb|見計らう|みはからう|(적당한 때를) 가늠하다|頃合いを見計らって会を終わりにする。|시기를 가늠하여 모임을 끝내다.|null|見計らう (적당한 때를) 가늠하다 頃合を見計らって会を終わりにする 시기를 가늠하여 모임을 끝내다. みはからう|N1
동사|verb|見開く|みひらく|눈을 크게 뜨다|驚きのあまり目を見開く。|놀란 나머지 눈을 크게 뜨다.|null|見開く 눈을 크게 뜨다 驚きのあまり目を見開く 놀란 나머지 눈을 크게 뜨다. みひらく|N1
동사|verb|見破る|みやぶる|간파하다, 꿰뚫어 보다|計略を見破る。|계략을 간파하다.|null|見破る 간파하다. 꿰뚫어 보다 計略を見破る。계략을 간파하다. みやぶる|N1
동사|verb|見分ける|みわける|분별하다, 감별하다|不良品を見分ける。|불량품을 감별하다.|null|見分ける 분별하다. 감별하다 未食品を見分ける。불량품을 감별하다. みわける|N1
동사|verb|見渡す|みわたす|멀리 바라보다|展望台から海を見渡す。|전망대에서 바다를 바라본다.|null|見渡す 멀리 바라보다 展望台から海を見渡す。 전망대에서 바다를 바라본다. みわたす|N1
동사|verb|むしる|むしる|뽑다, 잡아 뽑다|草をむしる。|풀을 뽑다.|null|むしる 뽑다. 잡아 뽑다 草をむしる。품을뽑다. むしる|N1
동사|verb|結び付く|むすびつく|맺어지다, 결부되다, 이어지다|努力が成功に結び付く。|노력이 성공으로 이어지다.|null|結び付く 맺어지다. 결부되다. 이어지다 努力が成功に結び付く。 노력이 성공으로 이어지다. むすびつく|N1
동사|verb|結び付ける|むすびつける|연결시키다, 관련짓다|三つの事件を結び付けて考える。|세 개의 사건을 관련지어 생각하다.|null|結び付ける 연결시키다. 관련짓다 三つの事件を結び付けて考える 두 개의 사건을 관련지어 생각하다. むすびつける|N1
동사|verb|群がる|むらがる|몰려들다, 떼지어 모이다|セールに客が群がる。|세일에 사람들이 몰려들다.|null|群がる 몰려들다. 떼지어 모이다 セールに が群がる。세일에 사람들이 몰려들다. むらがる|N1
동사|verb|めくる|めくる|넘기다, 젖히다|カレンダーをめくる。|달력을 넘기다.|{"year":"2010"}|めくる 2010 넘기다. 젖히다 カレンダーをめくる。 달력을 넘기다. めくる|N1
동사|verb|申し出る|もうしでる|(의견, 희망을) 신청하다, 제의하다|自ら辞任を申し出る。|스스로 사임을 신청하다.|null|申し出る (의견, 희망을) 신청하다. 제의하다 首ら辞 を申し出る。 스스로 사임을 신청하다. もうしでる|N1
동사|verb|もがく|もがく|발버둥치다, 안달하다|逃れようとしてもがく。|도망치려고 발버둥치다.|null|もがく 발버둥치다. 안달하다 逃れようとしてもがく 도망치려고 발버둥치다. もがく|N1
동사|verb|もくろむ|もくろむ|계획하다, 꾀하다|海外市場への進出をもくろむ。|해외 시장으로의 진출을 꾀하다.|{"year":"2011"}|もくろむ 2011 계획하다. 꾀하다 海外市場への進出をもくろむ。해외 시장으로의 진출을 꾀하다. もくろむ|N1
동사|verb|もたらす|もたらす|가져오다, 초래하다|利益をもたらす。|이익을 가져오다.|null|もたらす 가져오다. 초대하다 利益をもたらす。이익을 가져오다. もたらす|N1
동사|verb|持ち込む|もちこむ|가지고 들어오다, 반입하다|車内に荷物を持ち込む。|차내에 짐을 반입하다.|null|持ち込む 가지고 들어오다. 반입하다 軍内に荷物を持ち込む, 차내에 짐을 반입하다. もちこむ|N1
동사|verb|持て余す|もてあます|주체하지 못하다, 처치 곤란해하다|泣く子を持て余す。|우는 아이를 주체하지 못하다.|null|持て余す 주체하지 못하다. 처치 곤란해하다 泣く字を持て す。우는 아이를 주체하지 못하다. もてあます|N1
동사|verb|もてなす|もてなす|대접하다, 접대하다|客をもてなす。|손님을 대접하다.|null|もてなす 대접하다. 접대하다 客をもてなす。손님을 대접하다. もてなす|N1
동사|verb|もてる|もてる|인기가 있다|女性にもてる。|여성에게 인기가 있다.|null|もてる 인기가 있다 安性にもてる。여성에게 인기가 있다. もてる|N1
동사|verb|揉める|もめる|옥신각신하다|相続で兄弟が揉める。|상속으로 형제가 옥신각신하다.|null|揉める 옥신각신하다 相続で兄弟が揉める。 상속으로 형제가 옥신각신하다. もめる|N1
동사|verb|催す|もよおす|개최하다|展覧会を催す。|전람회를 개최하다.|{"year":"2012"}|催す 2012 もよおす 개최하다 てんらんかい 展覧会を催す。 전람회를 개최하다.|N1
동사|verb|漏らす|もらす|흘리다, 누설하다|秘密を漏らす。|비밀을 누설하다.|null|漏らす もらす 흘리다, 누설하다 秘密を漏らす。 비밀을 누설하다.|N1
동사|verb|盛り上がる|もりあがる|분위기가 고조되다|世論が盛り上がる。|여론이 고조되다.|null|盛り上がる もりあがる 분위기가 고조되다 世論が盛り上がる。 여론이 고조되다.|N1
동사|verb|盛り込む|もりこむ|담다, 포함시키다|斬新なアイデアを製品に盛り込む。|참신한 아이디어를 제품에 담다.|null|盛り込む もりこむ 담다, 포함시키다 斬新なアイデアを製品に盛り込む 参新なアイデアを製品に盛り込む。 참신한 아이디어를 제품에 담다.|N1
동사|verb|漏れる|もれる|새다, 누설되다|ガスが漏れる。|가스가 새다.|null|漏れる もれる 새다, 누설되다 ガスが漏れる。 가스가 새다.|N1
동사|verb|養う|やしなう|양육하다, 부양하다, 기르다|妻子を養う。|처자식을 부양하다.|{"year":"2018"}|養う 2018 やしなう 양육하다, 부양하다, 기르다 妻子を養う。 처자식을 부양하다.|N1
동사|verb|やり遂げる|やりとげる|해내다, 완수하다|計画をやり遂げる。|계획을 완수하다.|null|やり遂げる やりとげる 해내다, 완수하다 計画をやり遂げる。 계획을 완수하다.|N1
동사|verb|和らぐ|やわらぐ|온화해지다, 누그러지다, 가라앉다|薬を飲んだら、痛みが和らいできた。|약을 먹었더니 통증이 가라앉기 시작했다.|{"year":"2012"}|和らぐ 2012 やわらぐ 온화해지다, 누그러지다, 가라앉다 薬を飲んだら、痛みが和らいできた。 약을 먹었더니 통증이 가라앉기 시작했다.|N1
동사|verb|歪む|ゆがむ|비뚤어지다, 일그러지다|心が歪んでいる。|마음이 비틀어져 있다.|null|歪む ゆがむ 비뚤어지다, 일그러지다 こころ ゆが 心が歪んでいる。 마음이 비틀어져 있다.|N1
동사|verb|揺さぶる|ゆさぶる|① 흔들다 ② 동요시키다|両手で木を揺さぶる。心を揺さぶる小説。|양손으로 나무를 흔들다. 마음을 동요시키는 소설.|null|揺さぶる ゆさぶる ① 흔들다 ② 동요시키다 両手で木を揺さぶる。 양손으로 나무를 흔들다. しょうせつ 心を揺さぶる小説, 마음을 동요시키는 소설.|N1
동사|verb|揺らぐ|ゆらぐ|흔들리다, 동요되다|決意が揺らぐ。|결심이 흔들리다.|{"year":"2014"}|揺らぐ 2014 ゆらぐ 흔들리다, 동요되다 決意が揺らぐ。 결심이 흔들리다.|N1
동사|verb|揺るがす|ゆるがす|뒤흔들다|消費者の信頼を揺るがすような事件が相次いでいる。|소비자의 신뢰를 뒤흔드는듯한 사건이 잇따르고 있다.|null|揺るがす ゆるがす 뒤흔들다 消費者の信頼を揺るがすような事件が あいつ 相次いでいる。 소비자의 신뢰를 뒤흔드는듯한 사건이 잇따르고 있다.|N1
동사|verb|緩む|ゆるむ|느슨해지다, 허술해지다|規制が緩む。|규제가 느슨해지다.|null|緩む ゆるむ 느슨해지다, 허술해지다 きせいゆる 規制が緩む。 규제가 느슨해지다.|N1
동사|verb|緩める|ゆるめる|느슨하게 하다, 늦추다|ベルトを緩める。|벨트를 느슨하게 하다.|null|緩める ゆるめる 느슨하게 하다, 늦추다 ベルトを緩める。 벨트를 느슨하게 하다.|N1
동사|verb|蘇る|よみがえる|되살아나다|記憶が蘇る。|기억이 되살아나다.|{"year":"2017"}|蘇る 2017 よみがえる 되살아나다 きおくよみがえ 記憶が蘇る。 기억이 되살아나다.|N1
동사|verb|論じる|ろんじる|논하다|法律改正について論じる。|법률 개정에 대해 논하다.|null|論じる ろんじる 논하다 ほうりつかいせい ろん 法律改正について論じる。 법률 개정에 대해 논하다.|N1
동사|verb|わめく|わめく|큰소리를 지르다, 소리치다, 아우성치다|大声でわめく。|큰소리를 지르다.|null|わめく わめく 큰소리를 지르다, 소리치다, 아우성치다 失 でわめく。 큰소리를 지르다.|N1
동사|verb|割り当てる|わりあてる|할당하다, 배당하다|仕事を割り当てる。|일을 할당하다.|null|割り当てる わりあてる 할당하다, 배당하다 仕事を割り当てる。 일을 할당하다.|N1
동사|verb|割り込む|わりこむ|끼어들다|列に割り込む。|줄에 끼어들다(새치기하다).|{"year":"2016"}|割り込む 2016 わりこむ 끼어들다 別に割り込む。 줄에 끼어들다(새치기하다).|N1
이형용사|i_adjective|あくどい|あくどい|① 악랄하다, 억척스럽다 ② 짙다|あくどい手口。あくどい化粧。|악랄한 수법. 짙은 화장.|null|あくどい ① 악랄하다. 억척스럽다② 질다 あくどい手口。악랄한 수법. あくどい化粧。짙은 화장.|N1
이형용사|i_adjective|浅ましい|あさましい|야비하다, 비열하다, 치사하다|根性が浅ましい。|근성이 야비하다.|null|浅ましい あさましい 야비하다, 비열하다, 치사하다 根性が浅ましい。 근성이 야비하다.|N1
이형용사|i_adjective|あっけない|あっけない|어이없다, 싱겁다|あっけなく敗れる。|어이없이 지다.|{"year":"2011"}|あっけない 2011 あっけない 어이없다, 싱겁다 あっけなく敗れる. 어이없이 지다.|N1
이형용사|i_adjective|潔い|いさぎよい|깨끗하다, 결백하다, 떳떳하다|潔く責任をとる。|깨끗하게 책임을 지다.|{"year":"2019"}|潔い 2019 いさぎよい 깨끗하다, 결백하다, 떳떳하다 潔く責任をとる。 깨끗하게 책임을 지다.|N1
이형용사|i_adjective|著しい|いちじるしい|뚜렷하다, 두드러지다, 현저하다|技術が著しく進歩する。|기술이 현저하게 진보하다.|null|著しい いちじるしい 뚜렷하다, 두드러지다, 현저하다 技術が著しく進歩する。 기술이 현저하게 진보하다.|N1
이형용사|i_adjective|卑しい|いやしい|천박하다, 탐욕스럽다|卑しい言葉遣い。|천박한 말투.|null|卑しい いやしい 천박하다, 탐욕스럽다 卑しい言葉遣い。 천박한 말투.|N1
이형용사|i_adjective|いやらしい|いやらしい|엉큼하다, 불쾌하다|いやらしい目つきで見る。|엉큼한 눈초리로 보다.|null|いやらしい 엉큼하다, 불쾌하다 いやらしい目つきで見る。 엉큼한 눈초리로 보다.|N1
이형용사|i_adjective|うさんくさい|うさんくさい|수상하다, 미심쩍다|うさんくさい人物。|수상한 인물.|null|うさんくさい うさんくさい 수상하다, 미심쩍다 じんぶつ うさんくさい人物。 수상한 인물.|N1
이형용사|i_adjective|うっとうしい|うっとうしい|울적하다|長雨続きでうっとうしい。|장마가 계속되어 울적하다.|null|うっとうしい 울적하다 ながあめつづ 長雨続きでうっとうしい。 장마가 계속되어 울적하다.|N1
이형용사|i_adjective|おびただしい|おびただしい|(수량이) 엄청나다, 굉장하다|おびただしい人が集まる。|엄청난 사람이 모이다.|{"year":"2014"}|おびただしい 2014 おびただしい (수량이) 엄청나다, 굉장하다 ひとあつ おびただしい人が集まる。 엄청난 사람이 모이다|N1
이형용사|i_adjective|かしましい|かしましい|시끄럽다, 떠들썩하다|かしましく騒ぎ立てる。|시끄럽게 소란을 피우다.|null|かしましい 시끄럽다, 떠들썩하다=やかましい かしましく騒ぎ立てる。 시끄럽게 소란을 피우다|N1
이형용사|i_adjective|軽々しい|かるがるしい|경솔하다, 경박하다|軽々しい行動は慎んでほしい。|경솔한 행동은 삼가했으면 좋겠다.|null|軽々しい かるがるしい 경솔하다, 경박하다 かるがも こうぞう 軽々しい行動は慎んでほしい。 경술한 행동은 삼가했으면 좋겠다.|N1
이형용사|i_adjective|決まり悪い|きまりわるい|쑥스럽다|決まり悪そうに頭をかく。|쑥스럽다는 듯이 머리를 긁적이다.|null|決まり悪い きまりわるい 쑥스럽다=気恥ずかしい わる あたま 決まり悪そうに頭をかく。 쑥스럽다는 듯이 머리를 긁적이다.|N1
이형용사|i_adjective|ぎょうぎょうしい|ぎょうぎょうしい|과장되다, 야단스럽다, 호들갑스럽다|かすり傷にもぎょうぎょうしく包帯を巻く。|찰과상에도 과장되게 붕대를 감다.|null|ぎょうぎょうしい 과장되다, 야단스럽다, 호들갑스럽다 かすり傷にもぎょうぎょうしく包帯を巻く 찰과상에도 과장되게 붕대를 감다.|N1
이형용사|i_adjective|興味深い|きょうみぶかい|흥미롭다|それは興味深い話だ。|그것은 흥미로운 이야기다.|null|興味深い きょうみぶかい 흥미롭다 きょうみぶか な それは興味深い話だ 그것은 흥미로운 이야기다.|N1
이형용사|i_adjective|くすぐったい|くすぐったい|① 간지럽다 ② 쑥스럽다, 겸연쩍다|足の裏がくすぐったい。あまりほめられるとくすぐったい。|발바닥이 간지럽다. 너무 칭찬받으면 쑥스럽다.|null|くすぐったい ① 간지럽다 ② 쑥스럽다, 겸연쩍다 足の裏がくすぐったい。발바닥이 간지럽다. あまりほめられるとくすぐったい。너무 칭찬받으면 쑥스럽다.|N1
이형용사|i_adjective|煙たい|けむたい|① 눈이 따갑다 ② 부담스럽다, 거북하다|タバコの煙が煙たい。部下にとって、上司は煙たい存在だ。|담배 연기로 눈이 따갑다. 부하에게 있어, 상사는 부담스러운 존재다.|null|煙たい けむたい ① 눈이 따갑다 ② 부담스럽다, 거북하다 けむけむ タバコの煙が煙たい。 담배 연기로 눈이 따갑다. 部下にとって、上司は煙たい存在だ。 부하에게 있어, 상사는 부담스러운 존재다.|N1
이형용사|i_adjective|心地よい|ここちよい|기분좋다, 상쾌하다|心地よい風が吹く。|상쾌한 바람이 분다.|{"year":"2015"}|心地よい 2015 ここちよい 기분좋다, 상쾌하다 心地よい風が吹く。 상쾌한 바람이 분다.|N1
이형용사|i_adjective|心無い|こころない|분별이 없다, 생각이 모자라다|自分の心無い行動で親友を傷つけてしまった。|자신의 분별없는 행동으로 친구에게 상처를 주고 말았다.|null|心無い こころない 분별이 없다, 생각이 모자라다 自分の心無い行動で親友を傷つけて しまった。 자신의 분별없는 행동으로 친구에게 상처를 주고 받았다.|N1
이형용사|i_adjective|心細い|こころぼそい|불안하다|一人で出かけるのは心細い。|혼자서 나가는 것은 불안하다.|{"year":"2013"}|心細い 2013 こころぼそい 불안하다 一人で出かけるのは心細い。 혼자서 나가는 것은 불안하다.|N1
이형용사|i_adjective|情け深い|なさけぶかい|인정이 많다, 동정심이 많다|彼は情け深い人だ。|그는 인정이 많은 사람이다.|null|情け深い なさけぶかい 인정이 많다, 동정심이 많다 彼は情け藻い だ。그는 인정이 많은 사람이다.|N1
이형용사|i_adjective|名高い|なだかい|유명하다|この公園は桜で名高い。|이 공원은 벚꽃으로 유명하다.|null|名高い なだかい 유명하다 この公園は桜で名惹い。 이 공원은 벚꽃으로 유명하다.|N1
이형용사|i_adjective|何気ない|なにげない|아무렇지도 않다, 태연하다|何気ない一言が胸に突きささる。|아무렇지도 않은 한마디가 가슴에 비수로 꽂힌다.|null|何気ない なにげない 아무렇지도 않다, 태연하다 なにげ 荷気ない一言が胸に突きささる。 아무렇지도 않은 한마디가 가슴에 비수로 꽂힌다.|N1
이형용사|i_adjective|生臭い|なまぐさい|비릿하다, 비린내가 나다|魚の生臭いにおい。|생선의 비릿한 냄새.|null|生臭い なまぐさい 비릿하다, 비린내가 나다 魚の生臭いにおい。생선의 비릿한 냄새.|N1
이형용사|i_adjective|悩ましい|なやましい|괴롭다, 고민스럽다|悩ましい日々を送る。|괴로운 나날을 보내다.|null|悩ましい なやましい 괴롭다, 고민스럽다 DU なぞ 悩ましい日々を送る。괴로운 나날을 보내다. おく|N1
이형용사|i_adjective|馴れ馴れしい|なれなれしい|허물없다, 매우 친하다, 아주 정답다|馴れ馴れしく話しかける。|허물없이 말을 건네다.|null|馴れ馴れしい なれなれしい 허물없다, 매우 친하다, 아주 정답다 馴れ馴れしく話しかける。 허물없이 말을 건네다.|N1
이형용사|i_adjective|はかない|はかない|허무하다, 부질없다, 덧없다|はかない夢を抱く。|허망한 꿈을 품다.|null|はかない 허무하다, 부질없다, 덧없다 はかない夢を抱く。허망한 꿈을 품다.|N1
이형용사|i_adjective|華々しい|はなばなしい|화려하다, 눈부시다|華々しく活躍する。|눈부시게 활약하다.|{"year":"2010"}|華々しい 2010 はなばなしい 화려하다, 눈부시다 はなばな 華々しく活躍する。눈부시게 활약하다.|N1
이형용사|i_adjective|幅広い|はばひろい|폭넓다|幅広い支持を得る。|폭넓은 지지를 얻다.|{"year":"2015"}|幅広い 2015 はばひろい 폭넓다 幅広い支持を得る。폭넓은 지지를 얻다.|N1
이형용사|i_adjective|久しい|ひさしい|오래 되다|故郷を離れてから久しい。|고향을 떠난지 오래다.|null|久しい ひさしい 오래 되다 故郷を離れてから しい。 고향을 떠난지 오래다.|N1
이형용사|i_adjective|分厚い|ぶあつい|두껍다, 두툼하다|分厚い本を読む。|두꺼운 책을 읽는다.|null|分厚い ぶあつい 두껍다, 두툼하다 屋い本を読む。두꺼운 책을 읽는다.|N1
이형용사|i_adjective|細長い|ほそながい|가늘고 길다, 갸름하다|細長い顔。|갸름한 얼굴.|null|細長い ほそながい 가늘고 길다, 갸름하다 ほそながかみ 細長い顔。갸름한 얼굴.|N1
이형용사|i_adjective|しぶとい|しぶとい|끈질기다|しぶとく粘る。|끈질지게 버티다.|{"year":"2018"}|しぶとい 2018 끈질기다 あおば しぶとく粘る。끈질지게 버티다.|N1
이형용사|i_adjective|清々しい|すがすがしい|상쾌하다|清々しい空気。|상쾌한 공기.|{"year":"2012"}|清々しい 2012 すがすがしい 상쾌하다 すがすが くうき 清々しい空気。상쾌한 공기.|N1
이형용사|i_adjective|すさまじい|すさまじい|무시무시하다, 굉장하다|火の勢いがすさまじい。|불의 기세가 무시무시하다.|{"year":"2015"}|すさまじい 2015 무시무시하다, 굉장하다 火の勢いがすさまじい。불의 기세가 무시무시하다.|N1
이형용사|i_adjective|すばしこい|すばしこい|민첩하다, 날렵하다|すばしこく走り回る。|날렵하게 뛰어다니다.|null|すばしこい 민첩하다, 날렵하다 すばしこく走り回る。 날렵하게 뛰어다니다.|N1
이형용사|i_adjective|素早い|すばやい|재빠르다, 날쌔다|動作が素早い。|동작이 재빠르다.|{"year":"2016"}|素早い 2016 すばやい 재빠르다, 날쌔다 すばや どう 動作が素早い。동작이 재빠르다.|N1
이형용사|i_adjective|切ない|せつない|안타깝다, 애절하다|人との別れが切ない。|사람과의 이별이 안타깝다.|null|切ない せつない 안타깝다, 애절하다 との別れが切ない。 사람과의 이별이 안타깝다.|N1
이형용사|i_adjective|そっけない|そっけない|무뚝뚝하다, 쌀쌀맞다, 퉁명스럽다|そっけない返事をする。|쌀쌀맞게 대답하다.|null|そっけない 무뚝뚝하다, 쌀쌀맞다, 퉁명스럽다 CAL そっけない返事をする。쌀쌀맞게 대답하다.|N1
이형용사|i_adjective|耐えがたい|たえがたい|견디기 어렵다|耐えがたい侮辱を受ける。|견딜 수 없는 모욕을 받다.|{"year":"2014"}|耐えがたい 2014 たえがたい 견디기 어렵다 耐えがたい侮辱を受ける 견딜 수 없는 모욕을 받다.|N1
이형용사|i_adjective|容易い|たやすい|쉽다, 용이하다|これは容易い問題ではない。|이것은 쉬운 문제가 아니다.|{"year":"2016"}|容易い 2016 たやすい 쉽다, 용이하다 これは容易い問題ではない。 이것은 쉬운 문제가 아니다.|N1
이형용사|i_adjective|でかい|でかい|크다|でかい家を建てる。|큰 집을 짓다.|null|でかい 크다 いえ でかい家を建てる。큰 집을 짓다.|N1
이형용사|i_adjective|尊い|とうとい|고귀하다|尊い(貴い)命。|고귀한 생명.|null|尊い/貴い とうとい 고귀하다 尊い(貴い)命。고귀한 생명,|N1
이형용사|i_adjective|情けない|なさけない|한심하다, 비참하다|情けない結果に終わる。|한심한 결과로 끝나다.|null|情けない なさけない 한심하다, 비참하다 情けない結果に終わる。 한심한 결과로 끝나다.|N1
이형용사|i_adjective|紛らわしい|まぎらわしい|혼동하기 쉽다|この漢字は紛らわしい。|이 한자는 혼동하기 쉽다.|{"year":"2012"}|紛らわしい 2012 まぎらわしい 혼동하기 쉽다 この漢字は紛らわしい。 이 한자는 혼동하기 쉽다.|N1
이형용사|i_adjective|待ち遠しい|まちどおしい|몹시 기다려지다|父の帰国が待ち遠しい。|아버지의 귀국이 몹시 기다려진다.|null|待ち遠しい まちどおしい 몹시 기다려지다 父の帰国が待ち遠しい。 아버지の帰国が待ち遠しい。 아버지의 귀국이 몹시 기다려진다.|N1
이형용사|i_adjective|見苦しい|みくるしい|보기 흉하다, 꼴사납다|見苦しい服装をする。|꼴사나운 복장을 하다.|null|見苦しい みくるしい 보기 흉하다, 꼴사납다=みっともない 見苦しい服装をする。꼴사나운 복장을 하다.|N1
이형용사|i_adjective|みすぼらしい|みすぼらしい|초라하다, 볼품없다|みすぼらしい家。|초라한 집.|null|みすぼらしい 초라하다, 볼품없다 みすぼらしい家。초라한 집.|N1
이형용사|i_adjective|満たない|みたない|부족하다, 기준에 미치지 못하다|この会社の社員数は20人に満たない。|이 회사의 직원 수는 20명에 못 미친다.|{"year":"2012"}|満たない 2012 みたない 부족하다, 기준에 미치지 못하다 この会社の社員数は20人に満たない。 이 회사의 직원 수는 20명에 못 미친다.|N1
이형용사|i_adjective|空しい|むなしい|허무하다, 공허하다, 헛되다|努力も空しくまた失敗した。|노력도 허무하게 또 실패했다.|null|空しい むなしい 허무하다, 공허하다, 헛되다 努力も空しくまた失敗した。 노력도 허무하게 또 실패했다.|N1
이형용사|i_adjective|目覚ましい|めざましい|눈부시다|目覚ましい進歩を遂げる。|눈부신 진보를 이루다.|{"year":"2011"}|目覚ましい 2011 めざましい 눈부시다 自覚ましい進歩を遂げる。 눈부신 진보를 이루다.|N1
이형용사|i_adjective|目まぐるしい|めまぐるしい|어지럽다, 변화가 매우 빠르다|株価が目まぐるしく変動する。|주가가 어지럽게 변동하다.|null|目まぐるしい めまぐるしい 어지럽다, 변화가 매우 빠르다 株価が目まぐるしく変動する 주가가 어지럽게 변동하다.|N1
이형용사|i_adjective|申し分ない|もうしぶんない|더할 나위 없다, 나무랄 데 없다|申し分ない成果。|더할 나위 없는 성과.|null|申し分ない もうしぶんない 더할 나위 없다, 나무랄 데 없다 申し分ない成果。더할 나위 없는 성과,|N1
이형용사|i_adjective|脆い|もろい|무르다, 약하다|情に脆い。|정에 약하다.|null|脆い もろい 무르다, 약하다 情に脆い。정에 약하다.|N1
이형용사|i_adjective|ややこしい|ややこしい|까다롭다, 복잡하다|説明がややこしくて分からない。|설명이 까다로워서 모르겠다.|null|ややこしい 까다롭다, 복잡하다 説明がややこしくて分からない。설명이 까다로워서 모르겠다.|N1
이형용사|i_adjective|欲深い|よくぶかい|탐욕스럽다, 욕심많다|人間は欲深い生き物である。|인간은 욕심많은 동물이다.|null|欲深い よくぶかい 탐욕스럽다, 욕심많다 人間は欲深い生き物である。 인간은 욕심많은 동물이다.|N1
이형용사|i_adjective|よそよそしい|よそよそしい|쌀쌀맞다, 냉담하다, 서먹서먹하다|よそよそしい態度をとる。|냉담한 태도를 취하다.|null|よそよそしい 쌀쌀맞다, 냉담하다, 서먹서먹하다 たいど よそよそしい態度をとる。냉담한 태도를 취하다.|N1
이형용사|i_adjective|喜ばしい|よろこばしい|기쁘다|喜ばしい結果が出た。|기쁜 결과가 나왔다.|null|喜ばしい よろこばしい 기쁘다 ばしい結果が出た。기쁜 결과가 나왔다.|N1
이형용사|i_adjective|煩わしい|わずらわしい|번거롭다, 성가시다, 귀찮다|煩わしい手続きを済ませる。|번거로운 수속을 마치다.|{"year":"2016"}|煩わしい 2016 わずらわしい 번거롭다, 성가시다, 귀찮다 煩わしい手続きを済ませる。 번거로운 수속을 마치다.|N1
이형용사|i_adjective|わびしい|わびしい|쓸쓸하다|わびしい一人暮らし。|쓸쓸한 독신 생활.|null|わびしい 쓸쓸하다 ひとりく わびしい一人暮らし。쓸쓸한 독신 생활.|N1

나형용사|na_adjective|鮮やかな|あざやかな|선명한|鮮やかな色のドレスを着る。|선명한 색상의 드레스를 입다.|null|鮮やかな あざやかな 선명한 鮮やかな色のドレスを着る。 선명한 색상의 드레스를 입다.|N1
나형용사|na_adjective|あべこべな|あべこべな|거꾸로인, 뒤바뀐, 반대인|手順があべこべになる。|순서가 뒤바뀌다.|null|あべこべな 거꾸로인, 뒤바뀐, 반대인 手順があべこべになる。 순서가 뒤바뀌다.|N1
나형용사|na_adjective|あやふやな|あやふやな|애매한, 모호한|あやふやな説明では納得できない。|모호한 설명으로는 납득할 수 없다.|null|あやふやな あやふやな 애매한, 모호한 あやふやな説明では納得できない。 모호한 설명으로는 납득할 수 없다.|N1
나형용사|na_adjective|安価な|あんかな|값싼, 저렴한, 하찮은|安価な同情は無用だ。|값싼 동정은 필요 없다.|null|安価な あんかな 값싼, 저렴한, 하찮은 安価な同情は無用だ。 값싼 동정은 필요 없다.|N1
나형용사|na_adjective|粋な|いきな|세련된, 멋진|粋な姿を披露する。|세련된 모습을 피로하다(보이다).|null|粋な いきな 세련된, 멋진 粋な姿を披露する。 세련된 모습을 피로하다(보이다).|N1
나형용사|na_adjective|陰気な|いんきな|음침한, 음산한|陰気な表情でうずくまっている。|음침한 표정으로 웅크리고 있다.|null|陰気な いんきな 음침한, 음산한 陰気な表情でうずくまっている。 음침한 표정으로 웅크리고 있다.|N1
나형용사|na_adjective|陰湿な|いんしつな|음흉한, 음습한|陰湿ないじめを受ける。|음흉한 괴롭힘을 당하다.|null|陰湿な いんしつな 음흉한, 음습한 陰湿ないじめを受ける。 음흉한 괴롭힘을 당하다.|N1
나형용사|na_adjective|うつろな|うつろな|공허한, 텅 빈|うつろな目で眺める。|공허한 눈으로 바라보다.|null|うつろな うつろな 공허한, 텅 빈 うつろな目で眺める。 공허한 눈으로 바라보다.|N1
나형용사|na_adjective|円滑な|えんかつな|원활한, 순조로운|交渉が円滑にいかない。|교섭이 원활히 진행되지 않는다.|{"year":"2013"}|円滑な 2013 えんかつな 원활한, 순조로운 交渉が円滑にいかない。 교섭이 원활히 진행되지 않는다.|N1
나형용사|na_adjective|円満な|えんまんな|원만한|万事円満に解決した。|만사를 원만하게 해결했다.|null|円満な えんまんな 원만한 万事円満に解決した。 만사를 원만하게 해결했다.|N1
나형용사|na_adjective|旺盛な|おうせいな|왕성한|食欲が旺盛になる。|식욕이 왕성해지다.|null|旺盛な おうせいな 왕성한 食欲が旺盛になる。 식욕이 왕성해지다.|N1
나형용사|na_adjective|大げさな|おおげさな|과장된|話を大げさに言う。|이야기를 과장해서 말하다.|{"year":"2016"}|大げさな 2016 おおげさな 과장된 話を大げさに言う。 이야기를 과장해서 말하다.|N1
나형용사|na_adjective|おおざっぱな|おおざっぱな|대략적인|おおざっぱに計算する。|대략적으로 계산하다.|null|おおざっぱな おおざっぱな 대략적인 おおざっぱに計算する。 대략적으로 계산하다.|N1
나형용사|na_adjective|大まかな|おおまかな|대략적인|概要を大まかに話す。|개요를 대략적으로 이야기하다.|null|大まかな おおまかな 대략적인 概要を大まかに話す。 개요를 대략적으로 이야기하다.|N1
나형용사|na_adjective|おおらかな|おおらかな|너글너글한, 여유로운|彼はおおらかな性格の持ち主である。|그는 너글너글한 성격의 소유자이다.|{"year":"2015"}|おおらかな 2015 おおらかな 너글너글한, 여유로운 彼はおおらかな性格の持ち主である。 그는 너글너글한 성격의 소유자이다.|N1
나형용사|na_adjective|臆病な|おくびょうな|겁이 많은|弟は臆病な性質だ。|남동생은 겁이 많은 성격이다.|{"year":"2017"}|臆病な 2017 おくびょうな 겁이 많은 弟は臆病な性質だ。 남동생은 겁이 많은 성격이다.|N1
나형용사|na_adjective|厳かな|おごそかな|엄숙한|厳かに式が進む。|엄숙하게 식이 진행되다.|null|厳かな おごそかな 엄숙한 厳かに式が進む。 엄숙하게 식이 진행되다.|N1
나형용사|na_adjective|おっくうな|おっくうな|귀찮은, 내키지 않은|人と会うのがおっくうになる。|사람과 만나는 것이 귀찮아진다.|{"year":"2012"}|おっくうな 2012 おっくうな 귀찮은, 내키지 않은 人と会うのがおっくうになる。 사람과 만나는 것이 귀찮아진다.|N1
나형용사|na_adjective|愚かな|おろかな|어리석은|愚かな振る舞いにあきれる。|어리석은 행동에 질리다.|{"year":"2013"}|愚かな 2013 おろかな 어리석은 愚かな振る舞いにあきれる。 어리석은 행동에 질리다.|N1
나형용사|na_adjective|疎かな|おろそかな|소홀한, 등한시하는|練習を疎かにする。|연습을 소홀히 하다.|null|疎かな おろそかな 소홀한, 등한시하는 練習を疎かにする。 연습을 소홀히 하다.|N1
나형용사|na_adjective|温和な|おんわな|온화한, 따뜻한, 부드러운|温和な表情をしている。|온화한 표정을 짓고 있다.|null|温和な おんわな 온화한, 따뜻한, 부드러운 温和な表情をしている。 온화한 표정을 짓고 있다.|N1
나형용사|na_adjective|画一的な|かくいつてきな|획일적인|画一的に判断せず、個々の事情を考慮する。|획일적으로 판단하지 않고 개별 사정을 고려하다.|{"year":"2015"}|画一的な 2015 かくいつてきな 획일적인 画一的に判断せず、個々の事情を考慮する。 획일적으로 판단하지 않고 개별 사정을 고려하다.|N1
부사|adverb|あえて|あえて|굳이, 무리하게, 구태여|あえて危険を冒す。|굳이 위험을 무릅쓰다.|null|あえて あえて 굳이, 무리하게, 구태여 あえて危険を冒す。 굳이 위험을 무릅쓰다.|N1
부사|adverb|あっさり|あっさり|시원스럽게|試合にあっさりと負ける。|시합에 깨끗하게 지다.|null|あっさり あっさり 시원스럽게 試合にあっさりと負ける。 시합에 깨끗하게 지다.|N1
부사|adverb|案の定|あんのじょう|아니나 다를까, 생각했던 대로|結果は案の定だった。|결과는 예상했던 대로였다.|{"year":"2014"}|案の定 2014 あんのじょう 아니나 다를까, 생각했던 대로 結果は案の定だった。 결과는 예상했던 대로였다.|N1
부사|adverb|いかに|いかに|① 아무리 ② 어떻게|いかに苦しくても我慢する。人生をいかに生きるべきか。|아무리 괴로워도 참는다. 인생을 어떻게 살아야 할 것인가?|null|いかに いかに ① 아무리 ② 어떻게 いかに苦しくても我慢する。人生をいかに生きるべきか。 아무리 괴로워도 참는다. 인생을 어떻게 살아야 할 것인가?|N1
부사|adverb|いかにも|いかにも|① 매우, 정말로 ② 과연, 확실하게|いかにも苦しそうだ。いかにも君らしいね。|매우 괴로운 듯하다. 과연 자네답군.|null|いかにも いかにも ① 매우, 정말로 ② 과연, 확실하게 いかにも苦しそうだ。いかにも君らしいね。 매우 괴로운 듯하다. 과연 자네답군.|N1
부사|adverb|幾度|いくど|여러 번, 몇 번이나|幾度声をかけても返事がない。|여러 번 말을 걸어도 대답이 없다.|null|幾度 いくど 여러 번, 몇 번이나 幾度声をかけても返事がない。 여러 번 말을 걸어도 대답이 없다.|N1
부사|adverb|至って|いたって|지극히, 매우, 대단히|子供は至って元気です。|아이는 매우 건강합니다.|{"year":"2014"}|至って 2014 いたって 지극히, 매우, 대단히 子供は至って元気です。 아이는 매우 건강합니다.|N1
부사|adverb|一概に|いちがいに|한 마디로, 무조건, 하나같이|一概に悪いとは言えない。|무조건 나쁘다고는 말할 수 없다.|null|一概に いちがいに 한 마디로, 무조건, 하나같이 一概に悪いとは言えない。 무조건 나쁘다고는 말할 수 없다.|N1
부사|adverb|一律に|いちりつに|일률적으로|すべての経費を一律に削減する。|모든 경비를 일률적으로 삭감하다.|null|一律に いちりつに 일률적으로 すべての経費を一律に削減する。 모든 경비를 일률적으로 삭감하다.|N1
부사|adverb|一挙に|いっきょに|일거에, 한꺼번에, 한 번에|問題を一挙に解決する。|문제를 한꺼번에 해결하다.|null|一挙に いっきょに 일거에, 한꺼번에, 한 번에 問題を一挙に解決する。 문제를 한꺼번에 해결하다.|N1
부사|adverb|一見|いっけん|언뜻 보기에|一見難しそうに見える。|언뜻 보기에 어려워 보인다.|null|一見 いっけん 언뜻 보기에 一見難しそうに見える。 언뜻 보기에 어려워 보인다.|N1
부사|adverb|一向に|いっこうに|전혀, 조금도|話が一向に進まない。|이야기가 전혀 진전되지 않는다.|null|一向に いっこうに 전혀, 조금도 話が一向に進まない。 이야기가 전혀 진전되지 않는다.|N1
부사|adverb|今更|いまさら|이제 와서, 새삼스럽게|今更慌てても仕方がない。|이제 와서 허둥대도 어쩔 수 없다.|{"year":"2015"}|今更 2015 いまさら 이제 와서, 새삼스럽게 今更慌てても仕方がない。 이제 와서 허둥대도 어쩔 수 없다.|N1
부사|adverb|未だ|いまだ|아직도, 지금껏|事故の原因は未だはっきりしない。|사고의 원인은 아직도 확실치 않다.|null|未だ いまだ 아직도, 지금껏 事故の原因は未だはっきりしない。 사고의 원인은 아직도 확실치 않다.|N1
부사|adverb|いやいや|いやいや|마지못해, 하는 수 없이|いやいや承諾する。|마지못해 승낙하다.|null|いやいや いやいや 마지못해, 하는 수 없이 いやいや承諾する。 마지못해 승낙하다.|N1
부사|adverb|いやに|いやに|몹시, 매우|いやに頭が痛い。|몹시 머리가 아프다.|null|いやに いやに 몹시, 매우 いやに頭が痛い。 몹시 머리가 아프다.|N1
부사|adverb|うんざり|うんざり|지긋지긋함, 진절머리가 남, 지겨움|長電話にうんざりする。|긴 전화에 진절머리가 나다.|null|うんざり うんざり 지긋지긋함, 진절머리가 남, 지겨움 長電話にうんざりする。 긴 전화에 진절머리가 나다.|N1
부사|adverb|大方|おおかた|거의, 대략, 대부분|仕事は大方片づいた。|일은 거의 정리되었다.|null|大方 おおかた 거의, 대략, 대부분 仕事は大方片づいた。 일은 거의 정리되었다.|N1
부사|adverb|おおむね|おおむね|대체로|説明の内容はおおむね理解できた。|설명의 내용은 대체로 이해할 수 있었다.|{"year":"2013"}|おおむね 2013 おおむね 대체로 説明の内容はおおむね理解できた。 설명의 내용은 대체로 이해할 수 있었다.|N1
부사|adverb|おどおど|おどおど|주저주저, 흠칫흠칫|おどおどと辺りを見回す。|두려워하며 주위를 둘러보다.|null|おどおど おどおど 주저주저, 흠칫흠칫 おどおどと辺りを見回す。 두려워하며 주위를 둘러보다.|N1
부사|adverb|自ずから|おのずから|저절로, 자연히|時が来れば、自ずから分かる。|때가 오면 저절로 알게 된다.|null|自ずから おのずから 저절로, 자연히 時が来れば、自ずから分かる。 때가 오면 저절로 알게 된다.|N1
부사|adverb|自ずと|おのずと|저절로, 자연히|よく読めばおのずと理解できる。|잘 읽으면 저절로 이해할 수 있다.|{"year":"2012"}|自ずと 2012 おのずと 저절로, 자연히 よく読めばおのずと理解できる。 잘 읽으면 저절로 이해할 수 있다.|N1
부사|adverb|がっくり|がっくり|① 맥없이, 푹, 탁 ② 뚝|失敗にがっくりする。客足ががっくりと減る。|실패로 상심하다. 손님이 갑자기 줄어들다.|null|がっくり がっくり ① 맥없이, 푹, 탁 ② 뚝 失敗にがっくりする。客足ががっくりと減る。 실패로 상심하다. 손님이 갑자기 줄어들다.|N1
부사|adverb|がっしり|がっしり|튼튼히, 다부지게|がっしりとした体格。|다부진 체격.|null|がっしり がっしり 튼튼히, 다부지게 がっしりとした体格。 다부진 체격.|N1
부사|adverb|がっちり|がっちり|① 꽉, 단단히 ② 튼튼히, 다부지게|がっちりと手を握る。がっちりした体。|단단히 손을 잡다. 다부진 몸.|null|がっちり がっちり ① 꽉, 단단히 ② 튼튼히, 다부지게 がっちりと手を握る。がっちりした体。 단단히 손을 잡다. 다부진 몸.|N1
부사|adverb|かねて|かねて|진작부터, 미리, 전부터|かねてより予期していたことだ。|진작부터 예측하고 있던 일이다.|null|かねて かねて 진작부터, 미리, 전부터 かねてより予期していたことだ。 진작부터 예측하고 있던 일이다.|N1
부사|adverb|仮に|かりに|가령, 만약|仮に招待されても出席する気はない。|만약 초대를 받더라도 출석할 생각은 없다.|null|仮に かりに 가령, 만약 仮に招待されても出席する気はない。 만약 초대를 받더라도 출석할 생각은 없다.|N1
부사|adverb|かろうじて|かろうじて|가까스로, 간신히|かろうじて最終電車に間に合った。|간신히 마지막 열차 시간에 도착했다.|{"year":"2015"}|かろうじて 2015 かろうじて 가까스로, 간신히 かろうじて最終電車に間に合った。 간신히 마지막 열차 시간에 도착했다.|N1
부사|adverb|代わる代わる|かわるがわる|번갈아, 교대로|出席者が代わる代わる意見を述べた。|출석자가 번갈아가며 의견을 말했다.|null|代わる代わる かわるがわる 번갈아, 교대로 出席者が代わる代わる意見を述べた。 출석자가 번갈아가며 의견을 말했다.|N1
부사|adverb|元来|がんらい|원래|この時計は元来父の物だ。|이 시계는 원래 아버지의 물건이다.|null|元来 がんらい 원래 この時計は元来父の物だ。 이 시계는 원래 아버지의 물건이다.|N1
부사|adverb|きっかり|きっかり|딱, 정확하게|きっかり約束の時間に来る。|정확하게 약속 시간에 오다.|null|きっかり きっかり 딱, 정확하게 きっかり約束の時間に来る。 정확하게 약속 시간에 오다.|N1
부사|adverb|きっちり|きっちり|① 빈틈없이, 꽉 ② 딱, 정확하게|蓋をきっちりと閉める。きっちりと2時に開会する。|뚜껑을 꽉 닫다. 정확하게 2시에 개회하다.|null|きっちり きっちり ① 빈틈없이, 꽉 ② 딱, 정확하게 蓋をきっちりと閉める。きっちりと2時に開会する。 뚜껑을 꽉 닫다. 정확하게 2시에 개회하다.|N1
부사|adverb|急遽|きゅうきょ|급거, 갑작스럽게|急遽出張に行くことになった。|갑작스럽게 출장을 가게 되었다.|{"year":"2012"}|急遽 2012 きゅうきょ 급거, 갑작스럽게 急遽出張に行くことになった。 갑작스럽게 출장을 가게 되었다.|N1
부사|adverb|極力|きょくりょく|힘껏, 가능하면|争いは極力避けたい。|분쟁은 가능하면 피하고 싶다.|{"year":"2019"}|極力 2019 きょくりょく 힘껏, 가능하면 争いは極力避けたい。 분쟁은 가능하면 피하고 싶다.|N1
부사|adverb|極めて|きわめて|지극히, 매우|解決は極めて難しい。|해결은 극히 어렵다.|null|極めて きわめて 지극히, 매우 解決は極めて難しい。 해결은 극히 어렵다.|N1
부사|adverb|くっきり|くっきり|선명하게, 뚜렷하게|遠くの山がくっきり見える。|먼 산이 선명하게 보인다.|null|くっきり くっきり 선명하게, 뚜렷하게 遠くの山がくっきり見える。 먼 산이 선명하게 보인다.|N1
부사|adverb|ぐっと|ぐっと|① 힘차게, 꿀꺽 ② 울컥, 뭉클|ビールをぐっと飲む。胸にぐっと来た。|맥주를 꿀꺽 마시다. 가슴이 뭉클해졌다.|null|ぐっと ぐっと ① 힘차게, 꿀꺽 ② 울컥, 뭉클 ビールをぐっと飲む。胸にぐっと来た。 맥주를 꿀꺽 마시다. 가슴이 뭉클해졌다.|N1
부사|adverb|くまなく|くまなく|빠짐없이, 샅샅이, 구석구석까지|家中をくまなく捜す。|집 전체를 샅샅이 찾았다.|{"year":"2015"}|くまなく 2015 くまなく 빠짐없이, 샅샅이, 구석구석까지 家中をくまなく捜す。 집 전체를 샅샅이 찾았다.|N1
부사|adverb|くよくよ|くよくよ|끙끙|あまりくよくよするな。|너무 고민하지마.|{"year":"2015"}|くよくよ 2015 くよくよ 끙끙 あまりくよくよするな。 너무 고민하지마.|N1
부사|adverb|げっそりと|げっそりと|홀쭉|病気をしてげっそりとやせる。|병을 앓아 홀쭉 여위었다.|null|げっそりと げっそりと 홀쭉 病気をしてげっそりとやせる。 병을 앓아 홀쭉 여위었다.|N1
부사|adverb|こうこうと|こうこうと|휘황찬란하게, 반짝반짝하게|電灯がこうこうと輝く。|전등이 휘황찬란하게 빛나다.|null|こうこうと こうこうと 휘황찬란하게, 반짝반짝하게 電灯がこうこうと輝く。 전등이 휘황찬란하게 빛나다.|N1
부사|adverb|交互に|こうごに|번갈아|交互に意見を述べる。|교대로 의견을 말하다.|null|交互に こうごに 번갈아 交互に意見を述べる。 교대로 의견을 말하다.|N1
부사|adverb|ことごとく|ことごとく|모두, 전부|意見がことごとく対立する。|의견이 모두 대립하다.|{"year":"2013"}|ことごとく 2013 ことごとく 모두, 전부 意見がことごとく対立する。 의견이 모두 대립하다.|N1
부사|adverb|殊に|ことに|특히|今年の夏は殊に暑い。|올 여름은 특히 덥다.|null|殊に ことに 특히 今年の夏は殊に暑い。 올 여름은 특히 덥다.|N1
부사|adverb|こりごり|こりごり|지긋지긋함, 넌더리가 남|こんな仕事はもうこりごりだ。|이런 일은 이제 지긋지긋하다.|null|こりごり こりごり 지긋지긋함, 넌더리가 남 こんな仕事はもうこりごりだ。 이런 일은 이제 지긋지긋하다.|N1
부사|adverb|さぞ|さぞ|틀림없이, 필시|さぞびっくりしたことだろう。|필시 놀랐을 것이다.|null|さぞ さぞ 틀림없이, 필시 さぞびっくりしたことだろう。 필시 놀랐을 것이다.|N1
부사|adverb|さっと|さっと|휙, 재빨리|さっと身を隠す。|재빨리 몸을 숨기다.|null|さっと さっと 휙, 재빨리 さっと身を隠す。 재빨리 몸을 숨기다.|N1
부사|adverb|さっぱり|さっぱり|① 산뜻이, 말끔히, 상쾌하게 ② 전혀, 조금도|試験が終わってさっぱりした。さっぱり分からない。|시험이 끝나 홀가분했다. 전혀 모르겠다.|null|さっぱり さっぱり ① 산뜻이, 말끔히, 상쾌하게 ② 전혀, 조금도 試験が終わってさっぱりした。さっぱり分からない。 시험이 끝나 홀가분했다. 전혀 모르겠다.|N1
부사|adverb|さほど|さほど|그다지|さほどひどい病気ではない。|그다지 심각한 병은 아니다.|null|さほど さほど 그다지 さほどひどい病気ではない。 그다지 심각한 병은 아니다.|N1
부사|adverb|さも|さも|정말로, 아주|さも嬉しそうに笑う。|아주 기쁜 듯이 웃다.|null|さも さも 정말로, 아주 さも嬉しそうに笑う。 아주 기쁜 듯이 웃다.|N1
부사|adverb|強いて|しいて|굳이, 억지로|いやなら、強いてすることはない。|싫다면 굳이 할 필요 없다.|{"year":"2015"}|強いて 2015 しいて 굳이, 억지로 いやなら、強いてすることはない。 싫다면 굳이 할 필요 없다.|N1
부사|adverb|じっくり|じっくり|차분히, 곰곰이|じっくりと考える。|차분히 생각하다.|{"year":"2010"}|じっくり 2010 じっくり 차분히, 곰곰이 じっくりと考える。 차분히 생각하다.|N1
부사|adverb|若干|じゃっかん|약간|若干不安が残る。|약간 불안이 남다.|{"year":"2017"}|若干 2017 じゃっかん 약간 若干不安が残る。 약간 불안이 남다.|N1
부사|adverb|終始|しゅうし|시종, 계속|終始沈黙を守る。|시종 침묵을 지키다.|null|終始 しゅうし 시종, 계속 終始沈黙を守る。 시종 침묵을 지키다.|N1
부사|adverb|順繰りに|じゅんぐりに|순서대로, 차례대로|順繰りに発言する。|순서대로 발언하다.|null|順繰りに じゅんぐりに 순서대로, 차례대로 順繰りに発言する。 순서대로 발언하다.|N1
부사|adverb|しょっちゅう|しょっちゅう|노상, 언제나|しょっちゅう遅刻をする。|언제나 지각을 한다.|null|しょっちゅう しょっちゅう 노상, 언제나 しょっちゅう遅刻をする。 언제나 지각을 한다.|N1
부사|adverb|しんなり|しんなり|부드럽게|野菜をゆでてしんなりさせる。|채소를 삶아 부드럽게 만들다.|null|しんなり しんなり 부드럽게 野菜をゆでてしんなりさせる。 채소를 삶아 부드럽게 만들다.|N1
부사|adverb|随時|ずいじ|수시로, 때때로|随時アルバイトを募集する。|수시로 아르바이트를 모집하다.|{"year":"2015"}|随時 2015 ずいじ 수시로, 때때로 随時アルバイトを募集する。 수시로 아르바이트를 모집하다.|N1
부사|adverb|ずばり|ずばり|정확히|予想がずばり的中する。|예상이 정확히 적중하다.|null|ずばり ずばり 정확히 予想がずばり的中する。 예상이 정확히 적중하다.|N1
부사|adverb|ずらっと|ずらっと|죽, 줄줄이|ずらっと並ぶ。|죽 늘어서다.|null|ずらっと ずらっと 죽, 줄줄이 ずらっと並ぶ。 죽 늘어서다.|N1
부사|adverb|ずるずる|ずるずる|질질|返事をずるずると延ばす。|답장을 질질 끌다.|null|ずるずる ずるずる 질질 返事をずるずると延ばす。 답장을 질질 끌다.|N1
부사|adverb|すんなり|すんなり|순조롭게, 술술, 수월히|すんなりと決まる。|순조롭게 결정되다.|{"year":"2016"}|すんなり 2016 すんなり 순조롭게, 술술, 수월히 すんなりと決まる。 순조롭게 결정되다.|N1
부사|adverb|整然と|せいぜんと|정연하게, 질서있게|整然と並ぶ。|정연하게 늘어서다.|null|整然と せいぜんと 정연하게, 질서있게 整然と並ぶ。 정연하게 늘어서다.|N1
부사|adverb|総じて|そうじて|대체로, 일반적으로|今年の夏は総じて雨が多かった。|올 여름은 대체로 비가 많았다.|{"year":"2012"}|総じて 2012 そうじて 대체로, 일반적으로 今年の夏は総じて雨が多かった。 올 여름은 대체로 비가 많았다.|N1
부사|adverb|即刻|そっこく|즉각, 즉시|会長の即刻辞任を強く求める。|회장의 즉각 사퇴를 강력히 요구하다.|null|即刻 そっこく 즉각, 즉시 会長の即刻辞任を強く求める。 회장의 즉각 사퇴를 강력히 요구하다.|N1
부사|adverb|そわそわ|そわそわ|안절부절 못함, 초조해 함|そわそわしながら発表時間を待つ。|초조해 하며 발표시간을 기다리다.|{"year":"2013"}|そわそわ 2013 そわそわ 안절부절 못함, 초조해 함 そわそわしながら発表時間を待つ。 초조해 하며 발표시간을 기다리다.|N1
부사|adverb|大概|たいがい|대개, 대체로|休みの日は大概家にいます。|휴일은 대개 집에 있습니다.|null|大概 たいがい 대개, 대체로 休みの日は大概家にいます。 휴일은 대개 집에 있습니다.|N1
부사|adverb|大層|たいそう|매우, 굉장히|今朝は大層寒い。|오늘 아침은 매우 춥다.|null|大層 たいそう 매우, 굉장히 今朝は大層寒い。 오늘 아침은 매우 춥다.|N1
부사|adverb|断然|だんぜん|① 단호하게 ② 월등히, 단연|私は断然反対だ。こちらの方が断然得だ。|나는 단호하게 반대한다. 이쪽이 단연 이득이다.|null|断然 だんぜん ① 단호하게 ② 월등히, 단연 私は断然反対だ。こちらの方が断然得だ。 나는 단호하게 반대한다. 이쪽이 단연 이득이다.|N1
부사|adverb|ちやほや|ちやほや|오냐오냐함, 비위를 맞춤|子供をちやほやする。|아이를 오냐오냐하다.|null|ちやほや ちやほや 오냐오냐함, 비위를 맞춤 子供をちやほやする。 아이를 오냐오냐하다.|N1
부사|adverb|ちょくちょく|ちょくちょく|이따금, 가끔|友達がちょくちょく遊びに来る。|친구가 가끔 놀러 온다.|null|ちょくちょく ちょくちょく 이따금, 가끔 友達がちょくちょく遊びに来る。 친구가 가끔 놀러 온다.|N1
부사|adverb|ちらっと|ちらっと|언뜻, 흘끗, 슬쩍|ちらっと顔を見る。|힐끗 얼굴을 보다.|null|ちらっと ちらっと 언뜻, 흘끗, 슬쩍 ちらっと顔を見る。 힐끗 얼굴을 보다.|N1
부사|adverb|つくづく|つくづく|곰곰이, 절실히|親のありがたさをつくづく考える。|부모의 고마움을 절실히 생각하다.|null|つくづく つくづく 곰곰이, 절실히 親のありがたさをつくづく考える。 부모의 고마움을 절실히 생각하다.|N1
부사|adverb|努めて|つとめて|애써, 무리해서, 억지로|努めて明るく振る舞う。|애써 밝게 행동하다.|null|努めて つとめて 애써, 무리해서, 억지로 努めて明るく振る舞う。 애써 밝게 행동하다.|N1
부사|adverb|てっきり|てっきり|틀림없이, 의심없이|てっきり晴れると思ったのに。|틀림없이 맑을 것이라고 생각했는데.|null|てっきり てっきり 틀림없이, 의심없이 てっきり晴れると思ったのに。 틀림없이 맑을 것이라고 생각했는데.|N1
부사|adverb|てんで|てんで|전혀|てんでやる気がない。|전혀 의욕이 없다.|null|てんで てんで 전혀 てんでやる気がない。 전혀 의욕이 없다.|N1
부사|adverb|到底|とうてい|도저히, 도무지, 아무리 해도|到底相手にならない。|도저히 상대가 되지 않는다.|null|到底 とうてい 도저히, 도무지, 아무리 해도 到底相手にならない。 도저히 상대가 되지 않는다.|N1
부사|adverb|堂々と|どうどうと|당당하게|堂々とした態度。|당당한 태도.|null|堂々と どうどうと 당당하게 堂々とした態度。 당당한 태도.|N1
부사|adverb|どうやら|どうやら|아무래도, 어쩐지|どうやら明日は雨らしい。|아무래도 내일은 비가 내릴 것 같다.|null|どうやら どうやら 아무래도, 어쩐지 どうやら明日は雨らしい。 아무래도 내일은 비가 내릴 것 같다.|N1
부사|adverb|とかく|とかく|자칫하면, 툭하면, 곧잘|雪が降るととかく遅刻者が多くなる。|눈이 내리면 곧잘 지각자가 많아진다.|null|とかく とかく 자칫하면, 툭하면, 곧잘 雪が降るととかく遅刻者が多くなる。 눈이 내리면 곧잘 지각자가 많아진다.|N1
부사|adverb|とっさに|とっさに|순간, 순간적으로|とっさにブレーキを踏む。|순간적으로 브레이크를 밟다.|null|とっさに とっさに 순간, 순간적으로 とっさにブレーキを踏む。 순간적으로 브레이크를 밟다.|N1
부사|adverb|突如|とつじょ|갑자기, 별안간|突如爆発が起こる。|갑자기 폭발이 일어나다.|null|突如 とつじょ 갑자기, 별안간 突如爆発が起こる。 갑자기 폭발이 일어나다.|N1
부사|adverb|とりわけ|とりわけ|특히, 유독, 유달리|今年の夏はとりわけ暑い。|금년 여름은 특히 덥다.|{"year":"2013"}|とりわけ 2013 とりわけ 특히, 유독, 유달리 今年の夏はとりわけ暑い。 금년 여름은 특히 덥다.|N1
부사|adverb|どんより|どんより|흐린 모습, 어두침침한 모습|空はどんより曇っている。|하늘은 어두침침하게 흐려있다.|{"year":"2010"}|どんより 2010 どんより 흐린 모습, 어두침침한 모습 空はどんより曇っている。 하늘은 어두침침하게 흐려있다.|N1
부사|adverb|なおさら|なおさら|더욱더, 전보다 더|風がないので、なおさら暑く感じる。|바람이 없어서, 더욱더 덥게 느낀다.|null|なおさら なおさら 더욱더, 전보다 더 風がないので、なおさら暑く感じる。 바람이 없어서, 더욱더 덥게 느낀다.|N1
부사|adverb|なにとぞ|なにとぞ|부디, 아무쪼록|なにとぞよろしくお願いします。|부디 잘 부탁드립니다.|null|なにとぞ なにとぞ 부디, 아무쪼록 なにとぞよろしくお願いします。 부디 잘 부탁드립니다.|N1
부사|adverb|何より|naniyori|무엇보다도, 가장|無事に帰国できて何より嬉しい。|무사히 귀국할 수 있어서 무엇보다도 기쁘다.|null|何より naniyori 무엇보다도, 가장 無事に帰国できて何より嬉しい。 무사히 귀국할 수 있어서 무엇보다도 기쁘다.|N1
부사|adverb|なるたけ|なるたけ|되도록, 가능한 한|なるたけ早く帰って下さい。|되도록 빨리 돌아오세요.|null|なるたけ なるたけ 되도록, 가능한 한 なるたけ早く帰って下さい。 되도록 빨리 돌아오세요.|N1
부사|adverb|なんだか|なんだか|왠지, 어쩐지|なんだか心配になってきた。|왠지 걱정이 되었다.|null|なんだか なんだか 왠지, 어쩐지 なんだか心配になってきた。 왠지 걱정이 되었다.|N1
부사|adverb|なんだかんだ|なんだかんだ|이래저래|選挙でなんだかんだと騒がしい。|선거로 이래저래 소란스럽다.|null|なんだかんだ なんだかんだ 이래저래 選挙でなんだかんだと騒がしい。 선거로 이래저래 소란스럽다.|N1
부사|adverb|なんと|なんと|이 얼마나, 어쩌면 이렇게, 참으로|なんと美しい花だ。|이 얼마나 아름다운 꽃인가!|null|なんと なんと 이 얼마나, 어쩌면 이렇게, 참으로 なんと美しい花だ。 이 얼마나 아름다운 꽃인가!|N1
부사|adverb|軒並み|のきなみ|모두, 똑같이, 일제히|軒並み値上がりする。|일제히 가격이 오르다.|null|軒並み のきなみ 모두, 똑같이, 일제히 軒並み値上がりする。 일제히 가격이 오르다.|N1
부사|adverb|漠然と|ばくぜんと|막연하게|漠然と考える。|막연히 생각하다.|{"year":"2018"}|漠然と 2018 ばくぜんと 막연하게 漠然と考える。 막연히 생각하다.|N1
부사|adverb|はなはだ|はなはだ|매우, 몹시|はなはだ残念だ。|매우 유감이다.|null|はなはだ はなはだ 매우, 몹시 はなはだ残念だ。 매우 유감이다.|N1
부사|adverb|ひいては|ひいては|나아가서는|それは自身のためにも、ひいては社会のためにもなる。|그것은 자신을 위해서도, 나아가서는 사회를 위해서 이기도 하다.|null|ひいては ひいては 나아가서는 それは自身のためにも、ひいては社会のためにもなる。 그것은 자신을 위해서도, 나아가서는 사회를 위해서 이기도 하다.|N1
부사|adverb|ひそひそ|ひそひそ|소곤소곤|ひそひそと話す。|소곤소곤 이야기하다.|{"year":"2017"}|ひそひそ 2017 ひそひそ 소곤소곤 ひそひそと話す。 소곤소곤 이야기하다.|N1
부사|adverb|ひたすら|ひたすら|오로지, 한결같이|ひたすら仕事に没頭する。|오로지 일에 몰두하다.|null|ひたすら ひたすら 오로지, 한결같이 ひたすら仕事に没頭する。 오로지 일에 몰두하다.|N1
부사|adverb|ひっそり|ひっそり|조용함, 쥐 죽은 듯함|深夜の町はひっそりとしている。|심야의 마을은 조용하다.|null|ひっそり ひっそり 조용함, 쥐 죽은 듯함 深夜の町はひっそりとしている。 심야의 마을은 조용하다.|N1
부사|adverb|人一倍|ひといちばい|다른 사람보다 더욱, 남보다 배로|人一倍努力する。|남보다 배로 노력하다.|null|人一倍 ひといちばい 다른 사람보다 더욱, 남보다 배로 人一倍努力する。 남보다 배로 노력하다.|N1
부사|adverb|ひとまず|ひとまず|일단|これでひとまず安心だ。|이것으로 일단 안심이다.|{"year":"2010"}|ひとまず 2010 ひとまず 일단 これでひとまず安心だ。 이것으로 일단 안심이다.|N1
부사|adverb|ひょっと|ひょっと|불쑥, 문득|ひょっと思いつく。|불쑥 생각나다.|null|ひょっと ひょっと 불쑥, 문득 ひょっと思いつく。 불쑥 생각나다.|N1
부사|adverb|ひんやり|ひんやり|싸늘한, 썰렁한|ひんやりとした風が吹く。|싸늘한 바람이 분다.|null|ひんやり ひんやり 싸늘한, 썰렁한 ひんやりとした風が吹く。 싸늘한 바람이 분다.|N1
부사|adverb|不意に|ふいに|갑자기, 별안간, 불쑥|前の車が不意に止まる。|앞 차가 갑자기 멈춰 섰다.|{"year":"2015"}|不意に 2015 ふいに 갑자기, 별안간, 불쑥 前の車が不意に止まる。 앞 차가 갑자기 멈춰 섰다.|N1
부사|adverb|ぺこぺこ|ぺこぺこ|굽실굽실|ぺこぺこしながら言い訳をする。|굽실굽실거리면서 변명을 하다.|{"year":"2019"}|ぺこぺこ 2019 ぺこぺこ 굽실굽실 ぺこぺこしながら言い訳をする。 굽실굽실거리면서 변명을 하다.|N1
부사|adverb|ぼうぜんと|ぼうぜんと|멍함, 어리둥절함|ぼうぜんと立ち尽くす。|멍하니 우두커니 서 있다.|null|ぼうぜんと ぼうぜんと 멍함, 어리둥절함 ぼうぜんと立ち尽くす。 멍하니 우두커니 서 있다.|N1
부사|adverb|ぼつぼつ|ぼつぼつ|① 슬슬, 조금씩 ② 점점이, 여기저기|ぼつぼつと人が集まってくる。ぽつぽつと家が散らばっている。|조금씩 사람이 모여들다. 여기저기 집이 흩어져 있다.|null|ぼつぼつ ぼつぼつ ① 슬슬, 조금씩 ② 점점이, 여기저기 ぼつぼつと人が集まってくる。ぽつぽつと家が散らばっている。 조금씩 사람이 모여들다. 여기저기 집이 흩어져 있다.|N1
부사|adverb|ぽつぽつ|ぽつぽつ|똑똑(비가 조금씩 내리기 시작하는 모양)|ぽつぽつと雨が降ってきた。|조금씩 비가 내리기 시작했다.|null|ぽつぽつ ぽつぽつ 똑똑(비가 조금씩 내리기 시작하는 모양) ぽつぽつと雨が降ってきた。 조금씩 비가 내리기 시작했다.|N1
부사|adverb|前もって|まえもって|미리|前もって連絡する。|미리 연락하다.|null|前もって まえもって 미리 前もって連絡する。 미리 연락하다.|N1
부사|adverb|誠に|まことに|정말로, 참으로|誠にお世話になりました。|정말로 신세 많이 졌습니다.|null|誠に まことに 정말로, 참으로 誠にお世話になりました。 정말로 신세 많이 졌습니다.|N1
부사|adverb|まさしく|まさしく|틀림없이, 분명, 실로|この絵はまさしく傑作だ。|이 그림은 실로 걸작이다.|null|まさしく まさしく 틀림없이, 분명, 실로 この絵はまさしく傑作だ。 이 그림은 실로 걸작이다.|N1
부사|adverb|まして|まして|하물며, 더구나|音楽には興味はないのだから、ましてギターなど弾けるはずがない。|음악에는 흥미가 없으니, 하물며 기타 같은 것을 칠 수 있을 리가 없다.|null|まして まして 하물며, 더구나 音楽には興味はないのだから、ましてギターなど弾けるはずがない。 음악에는 흥미가 없으니, 하물며 기타 같은 것을 칠 수 있을 리가 없다.|N1
부사|adverb|丸ごと|まるごと|통째로|みかんを丸ごと食べる。|귤을 통째로 먹다.|null|丸ごと まるごと 통째로 みかんを丸ごと食べる。 귤을 통째로 먹다.|N1
부사|adverb|丸っきり|まるっきり|도무지, 전혀|料理は丸っきりだめだ。|요리는 전혀 못한다.|null|丸っきり まるっきり 도무지, 전혀 料理は丸っきりだめだ。 요리는 전혀 못한다.|N1
부사|adverb|まるまる|まるまる|① 토실토실 ② 전부, 꼬박|まるまるとした赤ちゃん。まるまる二日はかかる。|토실토실한 아기. 꼬박 이틀은 걸린다.|null|まるまる まるまる ① 토실토실 ② 전부, 꼬박 まるまるとした赤ちゃん。まるまる二日はかかる。 토실토실한 아기. 꼬박 이틀은 걸린다.|N1
부사|adverb|無性に|むしょうに|공연히, 까닭없이|無性に腹が立つ。|공연히 화가 난다.|{"year":"2013"}|無性に 2013 むしょうに 공연히, 까닭없이 無性に腹が立つ。 공연히 화가 난다.|N1
부사|adverb|むやみに|むやみに|① 함부로, 무턱대고 ② 매우, 몹시|むやみに怒る。むやみに腹が減る。|무턱대고 화를 내다. 몹시 배가 고프다.|null|むやみに むやみに ① 함부로, 무턱대고 ② 매우, 몹시 むやみに怒る。むやみに腹が減る。 무턱대고 화를 내다. 몹시 배가 고프다.|N1
부사|adverb|無論|むろん|물론|無論賛成だ。|물론 찬성이다.|null|無論 むろん 물론 無論賛成だ。 물론 찬성이다.|N1
부사|adverb|めきめき|めきめき|눈에 띄게, 부쩍부쩍|めきめきと上達する。|눈에 띄게 능숙해지다.|{"year":"2010"}|めきめき 2010 めきめき 눈에 띄게, 부쩍부쩍 めきめきと上達する。 눈에 띄게 능숙해지다.|N1
부사|adverb|目下|もっか|지금, 현재|目下検討中です。|지금 검토 중입니다.|null|目下 もっか 지금, 현재 目下検討中です。 지금 검토 중입니다.|N1
부사|adverb|専ら|もっぱら|오로지, 온통, 한결같이|専ら練習に励む。|오로지 연습에 힘쓰다.|{"year":"2017"}|専ら 2017 もっぱら 오로지, 온통, 한결같이 専ら練習に励む。 오로지 연습에 힘쓰다.|N1
부사|adverb|もとより|もとより|① 처음부터, 원래 ② 물론|失敗はもとより覚悟していた。この映画は子供はもとより大人も楽しめる。|실패는 처음부터 각오하고 있었다. 이 영화는 아이는 물론 어른도 즐길 수 있다.|null|もとより もとより ① 처음부터, 원래 ② 물론 失敗はもとより覚悟していた。この映画は子供はもとより大人も楽しめる。 실패는 처음부터 각오하고 있었다. 이 영화는 아이는 물론 어른도 즐길 수 있다.|N1
부사|adverb|もはや|もはや|이미, 이제는|もはや手の打ちようがない。|이미 손을 쓸 방법이 없다.|{"year":"2015"}|もはや 2015 もはや 이미, 이제는 もはや手の打ちようがない。 이미 손을 쓸 방법이 없다.|N1
부사|adverb|もろに|もろに|직접, 정면으로|木にもろにぶつかる。|나무에 정면으로 부딪히다.|null|もろに もろに 직접, 정면으로 木にもろにぶつかる。 나무에 정면으로 부딪히다.|N1
부사|adverb|やけに|やけに|매우, 몹시|やけにのどが渇く。|매우 목이 마르다.|null|やけに やけに 매우, 몹시 やけにのどが渇く。 매우 목이 마르다.|N1
부사|adverb|やたら|やたら|몹시, 매우|やたらと忙しい。|몹시 바쁘다.|null|やたら やたら 몹시, 매우 やたらと忙しい。 몹시 바쁘다.|N1
부사|adverb|やんわり|やんわり|부드럽게, 넌지시|やんわりと断る。|넌지시 거절하다.|{"year":"2010"}|やんわり 2010 やんわり 부드럽게, 넌지시 やんわりと断る。 넌지시 거절하다.|N1
부사|adverb|よほど|よほど|상당히, 무척, 퍽|よほど困っているようだ。|상당히 곤란한 것 같다.|null|よほど よほど 상당히, 무척, 퍽 よほど困っているようだ。 상당히 곤란한 것 같다.|N1
부사|adverb|歴然と|れきぜんと|확연하게, 명확하게, 분명하게|両チームの実力の差は歴然としている。|두 팀의 실력 차이는 확연하다.|{"year":"2010"}|歴然と 2010 れきぜんと 확연하게, 명확하게, 분명하게 両チームの実力の差は歴然としている。 두 팀의 실력 차이는 확연하다.|N1
부사|adverb|ろくに|ろくに|충분히, 제대로(~하지 못하다)|ろくに休みもとれない。|제대로 휴가도 낼 수 없다.|null|ろくに ろくに 충분히, 제대로(~하지 못하다) ろくに休みもとれない。 제대로 휴가도 낼 수 없다.|N1
기타|other|いかなる|いかなる|어떠한|いかなる犠牲を払ってもやり遂げる。|어떠한 희생을 치르더라도 완수하겠다.|null|いかなる いかなる 어떠한 いかなる犠牲を払ってもやり遂げる。 어떠한 희생을 치르더라도 완수하겠다.|N1
기타|other|確たる|かくたる|확실한|確たる証拠はない。|확실한 증거는 없다.|null|確たる かくたる 확실한 確たる証拠はない。 확실한 증거는 없다.|N1
기타|other|かつ|かつ|게다가, 또|よく学び、かつよく遊ぶ。|열심히 배우고, 그리고 잘 논다.|null|かつ かつ 게다가, 또 よく学び、かつよく遊ぶ。 열심히 배우고, 그리고 잘 논다.|N1
기타|other|しかしながら|しかしながら|그렇지만|計画はよい。しかしながらお金がない。|계획은 좋다. 그렇지만 돈이 없다.|null|しかしながら しかしながら 그렇지만 計画はよい。しかしながらお金がない。 계획은 좋다. 그렇지만 돈이 없다.|N1
기타|other|それゆえ|それゆえ|그러므로|自転車の事故が多い。それゆえ注意してほしい。|자전거 사고가 많다. 그러므로 주의했으면 좋겠다.|null|それゆえ それゆえ 그러므로 自転車の事故が多い。それゆえ注意してほしい。 자전거 사고가 많다. 그러므로 주의했으면 좋겠다.|N1
기타|other|ないし|ないし|내지, 혹은|電話ないし手紙で知らせる。|전화 내지 편지로 연락하다.|null|ないし ないし 내지, 혹은 電話ないし手紙で知らせる。 전화 내지 편지로 연락하다.|N1
기타|other|もしくは|もしくは|혹은|手紙もしくは電話で連絡すること。|편지 혹은 전화로 연락할 것.|null|もしくは もしくは 혹은 手紙もしくは電話で連絡すること。 편지 혹은 전화로 연락할 것.|N1
기타|other|故に|ゆえに|고로, 그러므로|我思う。故に我あり。|나는 생각한다. 고로 나는 존재한다.|null|故に ゆえに 고로, 그러므로 我思う。故に我あり。 나는 생각한다. 고로 나는 존재한다.|N1
가타카나|katakana|アクセル|あくせる|액셀, 가속|アクセルを踏む。|액셀을 밟다.|null|アクセル あくせる 액셀, 가속 アクセルを踏む。 액셀을 밟다.|N1
가타카나|katakana|アップ|あっぷ|업, 향상|レベルがアップする。|레벨이 향상되다.|null|アップ あっぷ 업, 향상 レベルがアップする。 레벨이 향상되다.|N1
가타카나|katakana|アプローチ|あぷろーち|어프로치, 접근|大胆にアプローチする。|대담하게 접근하다.|null|アプローチ あぷろーち 어프로치, 접근 大胆にアプローチする。 대담하게 접근하다.|N1
가타카나|katakana|アポイント|あぽいんと|어포인트, 약속|アポイントをとる。|약속을 잡다.|null|アポイント あぽいんと 어포인트, 약속 アポイントをとる。 약속을 잡다.|N1
가타카나|katakana|アリバイ|ありばい|알리바이|アリバイを証明する。|알리바이를 증명하다.|null|アリバイ ありばい 알리바이 アリバイを証明する。 알리바이를 증명하다.|N1
가타카나|katakana|アンコール|あんこーる|앙코르|アンコールにこたえる。|앙코르에 답하다.|null|アンコール あんこーる 앙코르 アンコールにこたえる。 앙코르에 답하다.|N1
가타카나|katakana|インスピレーション|いんすぴれーしょん|영감, 인스피레이션|インスピレーションがわく。|영감이 떠오르다.|null|インスピレーション いんすぴれーしょん 영감, 인스피레이션 インスピレーションがわく。 영감이 떠오르다.|N1
가타카나|katakana|インテリ|いんてり|인텔리, 지식인|インテリ向けの雑誌。|지식인 대상의 잡지.|null|インテリ いんてり 인텔리, 지식인 インテリ向けの雑誌。 지식인 대상의 잡지.|N1
가타카나|katakana|インプット|いんぷっと|인풋, 입력|データをインプットする。|데이터를 입력하다.|null|インプット いんぷっと 인풋, 입력 データをインプットする。 데이터를 입력하다.|N1
가타카나|katakana|インフラ|いんふら|인프라, 기반 시설|インフラを拡充する。|인프라를 확충하다.|null|インフラ いんふら 인프라, 기반 시설 インフラを拡充する。 인프라를 확충하다.|N1
가타카나|katakana|インフレ|いんふれ|인플레, 인플레이션|インフレで生活が苦しくなる。|인플레이션으로 생활이 어려워지다.|null|インフレ いんふれ 인플레, 인플레이션 インフレで生活が苦しくなる。 인플레이션으로 생활이 어려워지다.|N1
가타카나|katakana|ウエート|うえーと|중점, 중량, 무게|筆記試験より面接にウエートを置く。|필기 시험보다 면접에 비중을 두다.|{"year":"2014"}|ウエート 2014 うえーと 중점, 중량, 무게 筆記試験より面接にウエートを置く。 필기 시험보다 면접に 비중을 두다.|N1
가타카나|katakana|エリア|えりあ|에리어, 지역|サービスエリアを拡大する。|서비스 지역을 확대하다.|null|エリア えりあ 에리어, 지역 サービスエリアを拡大する。 서비스 지역을 확대하다.|N1
가타카나|katakana|エレガントな|えれがんとな|고상한, 우아한|エレガントな服装。|우아한 복장.|{"year":"2016"}|エレガントな 2016 えれがんとな 고상한, 우아한 エレガントな服装。 우아한 복장.|N1
가타카나|katakana|オーダー|おーだー|오더, 주문|オーダーを取り消す。|오더를 취소하다.|null|オーダー おーだー 오더, 주문 オーダーを取り消す。 오더를 취소하다.|N1
가타카나|katakana|オートマチック|おーとまちっく|오토매틱, 자동|作業をオートマチックに処理する。|작업을 오토매틱으로 처리하다.|null|オートマチック おーとまちっく 오토매틱, 자동 作業をオートマチックに処理する。 작업을 오토매틱으로 처리하다.|N1
가타카나|katakana|カット|かっと|컷, 삭감|賃金をカットする。|임금을 삭감하다.|null|カット かっと 컷, 삭감 賃金をカットする。 임금을 삭감하다.|N1
가타카나|katakana|カテゴリー|かてごりー|카테고리, 범주|同じカテゴリーに属する。|같은 범주에 속하다.|null|カテゴリー かてごりー 카테고리, 범주 同じカテゴリーに属する。 같은 범주에 속하다.|N1
가타카나|katakana|カルテ|かるて|진료 기록 카드|病状をカルテに記載する。|병의 증상을 진료 기록 카드에 기재하다.|null|カルテ かるて 진료 기록 카드 病状をカルテに記載する。 병의 증상을 진료 기록 카드에 기재하다.|N1
가타카나|katakana|カンニング|かんにんぐ|커닝, 부정행위|試験でカンニングをする。|시험에서 부정행위를 하다.|null|カンニング かんにんぐ 커닝, 부정행위 試験でカンニングをする。 시험에서 부정행위를 하다.|N1
가타카나|katakana|キャッチ|きゃっち|캐치, 포착|情報をキャッチする。|정보를 포착하다.|null|キャッチ きゃっち 캐치, 포착 情報をキャッチする。 정보를 포착하다.|N1
가타카나|katakana|キャラクター|きゃらくたー|캐릭터, 성격, 등장인물|特異なキャラクターの持ち主。|특이한 성격의 소유자.|null|キャラクター きゃらくたー 캐릭터, 성격, 등장인물 特異なキャラクターの持ち主。 특이한 성격의 소유자.|N1
가타카나|katakana|キャリア|きゃりあ|커리어, 경력|キャリアを積む。|커리어를 쌓다.|{"year":"2010"}|キャリア 2010 きゃりあ 커리어, 경력 キャリアを積む。 커리어를 쌓다.|N1
가타카나|katakana|クレーム|くれーむ|클레임|お客様からのクレームに対応する。|고객의 클레임에 대응하다.|{"year":"2015"}|クレーム 2015 くれーむ 클레임 お客様からのクレームに対応する。 고객의 클레임에 대응하다.|N1
가타카나|katakana|グローバルな|ぐろーばるな|글로벌한, 국제적인|グローバルな観点で考える。|국제적인 관점에서 생각하다.|null|グローバルな ぐろーばるな 글로벌한, 국제적인 グローバルな観点で考える。 국제적인 관점에서 생각하다.|N1
가타카나|katakana|ケア|けあ|케어, 간호, 보살핌|患者をケアする。|환자를 보살피다.|null|ケア けあ 케어, 간호, 보살핌 患者をケアする。 환자를 보살피다.|N1
가타카나|katakana|ゲスト|げすと|게스트, 손님|ゲストとして出演する。|게스트로서 출연하다.|null|ゲスト げすと 게스트, 손님 ゲストとして出演する。 게스트로서 출연하다.|N1
가타카나|katakana|コスト|こすと|비용|コストを切り詰める。|비용을 절감하다.|null|コスト こすと 비용 コストを切り詰める。 비용을 절감하다.|N1
가타카나|katakana|コマーシャル|こまーしゃる|선전, 광고|コマーシャルを放送する。|광고를 방송하다.|null|コマーシャル こまーしゃる 선전, 광고 コマーシャルを放送する。 광고를 방송하다.|N1
가타카나|katakana|コメント|こめんと|코멘트, 견해, 의견|コメントを求める。|의견을 구하다.|null|コメント こめんと 코멘트, 견해, 의견 コメントを求める。 의견을 구하다.|N1
가타카나|katakana|コンテスト|こんてすと|콘테스트, 경연대회|コンテストに参加する。|콘테스트에 참가하다.|null|コンテスト こんてすと 콘테스트, 경연대회 コンテストに参加する。 콘테스트에 참가하다.|N1
가타카나|katakana|コンテンツ|こんてんつ|컨텐츠, 내용|人気のあるコンテンツを確保する。|인기가 있는 컨텐츠를 확보하다.|null|コンテンツ こんてんつ 컨텐츠, 내용 人気のあるコンテンツを確保する。 인기가 있는 컨텐츠를 확보하다.|N1
가타카나|katakana|コントラスト|こんとらすと|콘트라스트, 대조, 대비|二つの色のコントラストが美しい。|두 색의 대비가 아름답다.|null|コントラスト こんとらすと 콘트라스트, 대조, 대비 二つの色のコントラストが美しい。 두 색의 대비가 아름답다.|N1
가타카나|katakana|コントロール|こんとろーる|컨트롤, 조절, 관리|温度をコントロールする。|온도를 조절하다.|{"year":"2011"}|コントロール 2011 こんとろーる 컨트롤, 조절, 관리 温度をコントロールする。 온도를 조절하다.|N1
가타카나|katakana|コンパス|こんぱす|컴퍼스|コンパスで円を書く。|컴퍼스로 원을 그리다.|null|コンパス こんぱす 컴퍼스 コンパスで円を書く。 컴퍼스로 원을 그리다.|N1
가타카나|katakana|シェア|しぇあ|쉐어, 점유율|三割のシェアを占める。|30%의 점유율을 차지하다.|{"year":"2017"}|シェア 2017 しぇあ 쉐어, 점유율 三割のシェアを占める。 30%의 점유율을 차지하다.|N1
가타카나|katakana|システム|しすてむ|시스템, 체계|業務のシステムを説明する。|업무 시스템을 설명하다.|null|システム しすてむ 시스템, 체계 業務のシステムを説明する。 업무 시스템을 설명하다.|N1
가타카나|katakana|シチュエーション|しちゅえーしょん|시추에이션, 상황|多様な会話のシチュエーションを想定する。|다양한 회화 상황을 가정하다.|null|シチュエーション しちゅえーしょん 시추에이션, 상황 多様な会話のシチュエーションを想定する。 다양한 회화 상황을 가정하다.|N1
가타카나|katakana|シックな|しっくな|시크한, 세련된|シックに着こなす。|세련되게 차려입다.|null|シックな しっくな 시크한, 세련된 シックに着こなす。 세련되게 차려입다.|N1
가타카나|katakana|シナリオ|しなりお|시나리오|映画のシナリオを書く。|영화 시나리오를 쓰다.|null|シナリオ しなりお 시나리오 映画のシナリオを書く。 영화 시나리오를 쓰다.|N1
가타카나|katakana|シビアな|しびあな|엄격한, 가혹한|シビアな批評を受ける。|가혹한 비평을 받다.|{"year":"2011"}|シビアな 2011 しびあな 엄격한, 가혹한 シビアな批評を受ける。 가혹한 비평을 받다.|N1
가타카나|katakana|シャープな|しゃーぷな|날카로운, 예민한, 선명한|シャープな画面。|선명한 화면.|null|シャープな しゃーぷな 날카로운, 예민한, 선명한 シャープな画面。 선명한 화면.|N1
가타카나|katakana|ジャンプ|じゃんぷ|점프|ジャンプしてボールを取る。|점프해서 볼을 잡다.|null|ジャンプ じゃんぷ 점프 ジャンプしてボールを取る。 점프해서 볼을 잡다.|N1
가타카나|katakana|ジャンル|じゃんる|장르|随筆は文学のジャンルに属する。|수필은 문학의 장르에 속한다.|null|ジャンル じゃんる 장르 随筆は文学のジャンルに属する。 수필은 문학의 장르에 속한다.|N1
가타카나|katakana|ショック|しょっく|쇼크, 충격|強いショックを受ける。|강한 쇼크를 받다.|{"year":"2016"}|ショック 2016 しょっく 쇼크, 충격 強いショックを受ける。 강한 쇼크를 받다.|N1
가타카나|katakana|シンプルな|しんぷるな|심플한, 단순한|シンプルなデザインの服が好きだ。|심플한 디자인의 옷을 좋아한다.|{"year":"2012"}|シンプルな 2012 しんぷるな 심플한, 단순한 シンプルなデザインの服が好きだ。 심플한 디자인の 옷을 좋아한다.|N1
가타카나|katakana|スケール|すけーる|스케일, 규모|あの監督の映画はスケールが大きい。|그 감독의 영화는 스케일이 크다.|{"year":"2012"}|スケール 2012 すけーる 스케일, 규모 あの監督の映画はスケールが大きい。 그 감독의 영화는 스케일이 크다.|N1
가타카나|katakana|スタジオ|すたじお|스튜디오|スタジオで写真を撮る。|스튜디오에서 사진을 찍다.|null|スタジオ すたじお 스튜디오 スタジオで写真を撮る。 스튜디오에서 사진을 찍다.|N1
가타카나|katakana|ストック|すとっく|재고|まだストックが十分ある。|아직 재고가 충분하다.|{"year":"2011"}|ストック 2011 すとっく 재고 まだストックが十分ある。 아직 재고가 충분하다.|N1
가타카나|katakana|ストライキ|すとらいき|스트라이크, 파업|ストライキをする。|파업하다.|null|ストライキ すとらいき 스트라이크, 파업 ストライキをする。 파업하다.|N1
가타카나|katakana|ストレート|すとれーと|솔직한, 단도직입적인|彼はストレートに言う。|그는 단도직입적으로 말한다.|{"year":"2014"}|ストレート 2014 すとれーと 솔직한, 단도직입적인 彼はストレートに言う。 그는 단도직입적으로 말한다.|N1
가타카나|katakana|ストロー|すとろー|빨대|ジュースをストローで飲む。|주스를 빨대로 마시다.|null|ストロー すとろー 빨대 ジュースをストローで飲む。 주스를 빨대로 마시다.|N1
가타카나|katakana|セクション|せくしょん|섹션, 부문, 부서|営業セクションで働いている。|영업부문에서 일하고 있다.|null|セクション せくしょん 섹션, 부문, 부서 営業セクションで働いている。 영업부문에서 일하고 있다.|N1
가타카나|katakana|セレモニー|せれもにー|세레모니, 의식, 식전|創立30周年のセレモニーを行う。|창립 30주년 기념행사를 거행하다.|null|セレモニー せれもにー 세레모니, 의식, 식전 創立30周年のセレモニーを行う。 창립 30주년 기념행사를 거행하다.|N1
가타카나|katakana|センス|せんす|센스, 감각|服を選ぶセンスがない。|옷을 고르는 센스가 없다.|{"year":"2016"}|センス 2016 せんす 센스, 감각 服を選ぶセンスがない。 옷을 고르는 센스가 없다.|N1
가타카나|katakana|タイトな|たいとな|타이트한, 꼭 끼는|タイトなスカートをはく。|꼭 끼는 치마를 입다.|null|タイトな たいとな 타이트한, 꼭 끼는 タイトなスカートをはく。 꼭 끼는 치마를 입다.|N1
가타카나|katakana|タイマー|たいまー|타이머|タイマーを7時にセットする。|타이머를 7시로 맞추다.|null|タイマー たいまー 타이머 タイマーを7時にセットする。 타이머를 7시로 맞추다.|N1
가타카나|katakana|タイミング|たいみんぐ|타이밍, 시기|タイミングが悪い。|타이밍이 나쁘다.|null|タイミング たいみんぐ 타이밍, 시기 タイミングが悪い。 타이밍이 나쁘다.|N1
가타카나|katakana|タイムリーな|たいむりーな|시의 적절한, 적시인|タイムリーな話題。|시의 적절한 화제.|null|タイムリーな たいむりーな 시의 적절한, 적시인 タイムリーな話題。 시의 적절한 화제.|N1
가타카나|katakana|ダウンロード|だうんろーど|다운로드|データをダウンロードする。|데이터를 다운로드하다.|null|ダウンロード だうんろーど 다운로드 データをダウンロードする。 데이터를 다운로드하다.|N1
가타카나|katakana|ダブル|だぶる|더블, 두 배|ダブルスコアで勝つ。|더블 스코어로 이기다.|null|ダブル だぶる 더블, 두 배 ダブルスコアで勝つ。 더블 스코어로 이기다.|N1
가타카나|katakana|タレント|たれんと|탤런트|人気タレントが引退する。|인기 탤런트가 은퇴하다.|null|タレント たれんと 탤런트 人気タレントが引退する。 인기 탤런트가 은퇴하다.|N1
가타카나|katakana|タワー|たわー|타워, 탑|東京タワーがそびえている。|도쿄 타워가 우뚝 솟아 있다.|null|タワー たわー 타워, 탑 東京タワーがそびえている。 도쿄 타워가 우뚝 솟아 있다.|N1
가타카나|katakana|ダンプカー|だんぷかー|덤프트럭|大型のダンプカーが道路を走っている。|대형 덤프트럭이 도로를 달리고 있다.|null|ダンプカー だんぷかー 덤프트럭 大型のダンプカーが道路を走っている。 대형 덤프트럭이 도로를 달리고 있다.|N1
가타카나|katakana|チームワーク|ちーむわーく|팀워크|目標を達成するためにはチームワークが不可欠だ。|목표를 달성하기 위해서는 팀워크가 불가결하다.|null|チームワーク ちーむわーく 팀워크 目標を達成するためにはチームワークが不可欠だ。 목표를 달성하기 위해서는 팀워크가 불가결하다.|N1
가타카나|katakana|チョイス|ちょいす|선택|それがベストチョイスだ。|그것이 최선의 선택이다.|null|チョイス ちょいす 선택 それがベストチョイスだ。 그것이 최선의 선택이다.|N1
가타카나|katakana|データベース|でーたべーす|데이터베이스|多くの企業がデータベースを活用している。|많은 기업이 데이터베이스를 활용하고 있다.|null|データベース でーたべーす 데이터베이스 多くの企業がデータベースを活用している。 많은 기업이 데이터베이스를 활용하고 있다.|N1
가타카나|katakana|デコレーション|でこれーしょん|데코레이션, 장식|この店はデコレーションケーキが売れ筋だ。|이 가게는 데코레이션 케이크가 히트상품이다.|null|デコレーション でこれーしょん 데코레이션, 장식 この店はデコレーションケーキが売れ筋だ。 이 가게는 데코레이션 케이크가 히트상품이다.|N1
가타카나|katakana|デジタル|でじたる|디지털|すっかりデジタルの時代になった。|완전히 디지털 시대가 되었다.|null|デジタル でじたる 디지털 すっかりデジタルの時代になった。 완전히 디지털 시대가 되었다.|N1
가타카나|katakana|デビュー|でびゅー|데뷔, 첫등장|華々しくデビューする。|화려하게 데뷔하다.|null|デビュー でびゅー 데뷔, 첫등장 華々しくデビューする。 화려하게 데뷔하다.|N1
가타카나|katakana|デモンストレーション|でもんすとれーしょん|시위, 시연, 발표|新車発売に際して、デモンストレーションをする。|신차 발매에 즈음하여, 발표행사를 하다.|null|デモンストレーション でもんすとれーしょん 시위, 시연, 발표 新車発売に際して、デモンストレーションをする。 신차 발매에 즈음하여, 발표행사를 하다.|N1
가타카나|katakana|デリケートな|でりけーとな|섬세한, 미묘한, 민감한|これは非常にデリケートな問題だ。|이것은 매우 미묘한 문제다.|null|デリケートな でりけーとな 섬세한, 미묘한, 민감한 これは非常にデリケートな問題だ。 이것은 매우 미묘한 문제다.|N1
가타카나|katakana|トラブル|とらぶる|트러블, 문제, 분쟁|金銭上のトラブルを起こす。|금전상의 분쟁을 일으키다.|null|トラブル とらぶる 트러블, 문제, 분쟁 金銭上のトラブルを起こす。 금전상의 분쟁을 일으키다.|N1
가타카나|katakana|ドリル|どりる|드릴, 반복 연습|英語のドリルをする。|영어를 반복 연습하다.|null|ドリル どりる 드릴, 반복 연습 英語のドリルをする。 영어를 반복 연습하다.|N1
가타카나|katakana|トレンド|とれんど|트렌드, 유행|秋のファッショントレンドを教えてください。|가을의 패션 트렌드를 가르쳐 주세요.|null|トレンド とれんど 트렌드, 유행 秋のファッショントレンドを教えてください。 가을의 패션 트렌드를 가르쳐 주세요.|N1
가타카나|katakana|ナイター|ないたー|야간 시합|ナイターを見に行く。|야간 시합을 보러 가다.|null|ナイター ないたー 야간 시합 ナイターを見に行く。 야간 시합을 보러 가다.|N1
가타카나|katakana|ナチュラルな|なちゅらるな|내추럴한, 천연의|ナチュラルな素材を使用する。|천연 소재를 사용하다.|null|ナチュラルな なちゅらるな 내추럴한, 천연の ナチュラルな素材を使用する。 천연 소재를 사용하다.|N1
가타카나|katakana|ナンセンス|なんせんす|넌센스, 무의미함, 어리석은|そんな議論はナンセンスだ。|그런 논의는 무의미하다.|null|ナンセンス なんせんす 넌센스, 무의미함, 어리석은 そんな議論はナンセンスだ。 그런 논의는 무의미하다.|N1
가타카나|katakana|ニュアンス|にゅあんす|뉘앙스, 느낌, 미묘한 차이|表現のニュアンスを説明する。|표현의 뉘앙스를 설명하다.|{"year":"2011"}|ニュアンス 2011 にゅあんす 뉘앙스, 느낌, 미묘한 차이 表現のニュアンスを説明する。 표현의 뉘앙스를 설명하다.|N1
가타카나|katakana|ノイローゼ|のいろーぜ|노이로제, 신경질환, 신경증|ノイローゼに悩む。|노이로제로 고생하다.|null|ノイローゼ のいろーぜ 노이로제, 신경질환, 신경증 ノイローゼに悩む。 노이로제로 고생하다.|N1
가타카나|katakana|ノルマ|のるま|할당량|ノルマを果たす。|할당량을 채우다.|{"year":"2014"}|ノルマ 2014 のるま 할당량 ノルマを果たす。 할당량을 채우다.|N1
가타카나|katakana|パートナー|ぱーとなー|파트너, 동반자|よいパートナーとなる。|좋은 파트너가 되다.|null|パートナー ぱーとなー 파트너, 동반자 よいパートナーとなる。 좋은 파트너가 되다.|N1
가타카나|katakana|ハードル|はーどる|허들, 장애물|目の前にあるハードルを越える。|눈 앞에 있는 장애물을 넘다.|{"year":"2012"}|ハードル 2012 はーどる 허들, 장애물 目の前にあるハードルを越える。 눈 앞에 있는 장애물을 넘다.|N1
가타카나|katakana|バックアップ|ばっくあっぷ|백업, 지원|立候補者をバックアップする。|입후보자를 지원하다.|null|バックアップ ばっくあっぷ 백업, 지원 立候補者をバックアップする。 입후보자를 지원하다.|N1
가타카나|katakana|バッテリー|ばってりー|배터리, 전지|バッテリーが上がる。|배터리가 소진되다.|null|バッテリー ばってりー 배터리, 전지 バッテリーが上がる。 배터리가 소진되다.|N1
가타카나|katakana|パトカー|ぱとかー|경찰차, 순찰차|パトカーがサイレンを鳴らす。|경찰차가 사이렌을 올리다.|null|パトカー ぱとかー 경찰차, 순찰차 パトカーがサイレンを鳴らす。 경찰차가 사이렌을 올리다.|N1
가타카나|katakana|ハンガー|はんがー|행거, 옷걸이|コートをハンガーにかける。|코트를 옷걸이에 걸다.|null|ハンガー はんがー 행거, 옷걸이 コートをハンガーにかける。 코트를 옷걸이에 걸다.|N1
가타카나|katakana|ビジネス|びじねす|비즈니스, 일, 업무|ビジネスに徹する。|비즈니스에 전념하다.|null|ビジネス びじねす 비즈니스, 일, 업무 ビジネスに徹する。 비즈니스에 전념하다.|N1
가타카나|katakana|ファイト|ふぁいと|투지|ファイトが足りない。|투지가 부족하다.|null|ファイト ふぁいと 투지 ファイトが足りない。 투지가 부족하다.|N1
가타카나|katakana|フィット|ふぃっと|핏, 몸에 꼭 맞음|このシャツは体にフィットする。|이 셔츠는 몸에 꼭 맞는다.|null|フィット ふぃっと 핏, 몸에 꼭 맞음 このシャツは体にフィットする。 이 셔츠는 몸에 꼭 맞는다.|N1
가타카나|katakana|フィルター|ふぃるたー|필터, 여과기|浄水器のフィルターを交換する。|정수기의 필터를 교환하다.|null|フィルター ふぃるたー 필터, 여과기 浄水器のフィルターを交換する。 정수기의 필터를 교환하다.|N1
가타카나|katakana|フォーム|ふぉーむ|폼, 형식, 양식|フォームに合わせて書類を作成する。|양식에 맞추어 서류를 작성하다.|null|フォーム ふぉーむ 폼, 형식, 양식 フォームに合わせて書類を作成する。 양식에 맞추어 서류를 작성하다.|N1
가타카나|katakana|フォロー|ふぉろー|지원, 원조|新入社員の業務をフォローする。|신입사원의 업무를 지원하다.|{"year":"2010"}|フォロー 2010 ふぉろー 지원, 원조 新入社員の業務をフォローする。 신입사원의 업무를 지원하다.|N1
가타카나|katakana|プライベート|ぷらいべーと|프라이빗, 개인적, 사적|プライベートの時間が欲しい。|개인적인 시간을 갖고 싶다.|null|プライベート ぷらいべーと 프라이빗, 개인적, 사적 プライベートの時間が欲しい。 개인적인 시간을 갖고 싶다.|N1
가타카나|katakana|ブランク|ぶらんく|공백|職歴にブランクがあることが心配だ。|경력에 공백이 있는 것이 걱정이다.|{"year":"2012"}|ブランク 2012 ぶらんく 공백 職歴にブランクがあることが心配だ。 경력에 공백이 있는 것이 걱정이다.|N1
가타카나|katakana|フロント|ふろんと|프런트, 접수처|フロントに荷物を預ける。|프런트에 짐을 맡기다.|null|フロント ふろんと 프런트, 접수처 フロントに荷物を預ける。 프런트에 짐을 맡기다.|N1
가타카나|katakana|ペア|ぺあ|페어, 한 조, 한 쌍|二人でペアになる。|둘이서 한 조가 되다.|null|ペア ぺあ 페어, 한 조, 한 쌍 二人でペアになる。 둘이서 한 조가 되다.|N1
가타카나|katakana|ペース|ぺーす|페이스, 걷는 속도|自分のペースで走る。|자신의 페이스로 달리다.|null|ペース ぺーす 페이스, 걷는 속도 自分のペースで走る。 자신의 페이스로 달리다.|N1
가타카나|katakana|ボイコット|ぼいこっと|보이콧, 참가 거부|投票をボイコットする。|투표를 거부하다.|null|ボイコット ぼいこっと 보이콧, 참가 거부 投票をボイコットする。 투표를 거부하다.|N1
가타카나|katakana|ポジション|ぽじしょん|포지션, 지위, 역할|ポジションを得る。|지위를 얻다.|null|ポジション ぽじしょん 포지션, 지위, 역할 ポジションを得る。 지위를 얻다.|N1
가타카나|katakana|ボランティア|ぼらんてぃあ|자원봉사|ボランティア活動をする。|자원봉사 활동을 하다.|null|ボランティア ぼらんてぃあ 자원봉사 ボランティア活動をする。 자원봉사 활동을 하다.|N1
가타카나|katakana|マスコミ|ますこみ|매스컴, 언론|マスコミに取り上げられる。|언론에 거론되다.|null|マスコミ ますこみ 매스컴, 언론 マスコミに取り上げられる。 언론에 거론되다.|N1
가타카나|katakana|マッサージ|まっさーじ|맛사지|全身をマッサージする。|전신을 마사지하다.|null|マッサージ まっさーじ 맛사지 全身をマッサージする。 전신을 마사지하다.|N1
가타카나|katakana|マニュアル|まにゅある|매뉴얼, 설명서|マニュアルを読む。|설명서를 읽다.|null|マニュアル まにゅある 매뉴얼, 설명서 マニュアルを読む。 설명서를 읽다.|N1
가타카나|katakana|メカニズム|めかにずむ|메커니즘|経済のメカニズムを研究する。|경제의 메커니즘을 연구하다.|{"year":"2013"}|メカニズム 2013 めかにずむ 메커니즘 経済のメカニズムを研究する。 경제의 메커니즘을 연구하다.|N1
가타카나|katakana|メディア|めでぃあ|미디어, 매체|新聞というメディア。|신문이라는 매체.|{"year":"2015"}|メディア 2015 めでぃあ 미디어, 매체 新聞というメディア。 신문이라는 매체.|N1
가타카나|katakana|メロディー|めろでぃー|멜로디|メロディーを奏でる。|멜로디를 연주하다.|null|メロディー めろでぃー 멜로디 メロディーを奏でる。 멜로디를 연주하다.|N1
가타카나|katakana|モニター|もにたー|모니터, 감시, 점검|番組をモニターする。|방송을 모니터하다.|null|モニター もにたー 모니터, 감시, 점검 番組をモニターする。 방송을 모니터하다.|N1
가타카나|katakana|モラル|もらる|모럴, 도덕성, 윤리|モラルに欠ける。|도덕성이 부족하다.|null|モラル もらる 모럴, 도덕성, 윤리 モラルに欠ける。 도덕성이 부족하다.|N1
가타카나|katakana|ユニークな|ゆにーくな|독창적인, 독특한|ユニークな発想。|독창적인 발상.|null|ユニークな ゆにーくな 독창적인, 독특한 ユニークな発想。 독창적인 발상.|N1
가타카나|katakana|ライバル|らいばる|라이벌, 경쟁 상대|ライバル意識を燃やす。|라이벌 의식을 불태우다.|null|ライバル らいばる 라이벌, 경쟁 상대 ライバル意識を燃やす。 라이벌 의식을 불태우다.|N1
가타카나|katakana|ラフな|らふな|거친, 엉성한|仕事ぶりがラフだ。|일하는 방식이 엉성하다.|null|ラフな らふな 거친, 엉성한 仕事ぶりがラフだ。 일하는 방식이 엉성하다.|N1
가타카나|katakana|ラベル|らべる|라벨, 상표|ラベルを貼る。|라벨을 붙이다.|null|ラベル らべる 라벨, 상표 ラベルを貼る。 라벨을 붙이다.|N1
가타카나|katakana|リアリティー|りありてぃー|리얼리티, 현실, 현실성|作品にリアリティーを持たせる。|작품에 리얼리티를 갖게 하다.|null|リアリティー りありてぃー 리얼리티, 현실, 현실성 作品にリアリティーを持たせる。 작품에 리얼리티를 갖게 하다.|N1
가타카나|katakana|リード|りーど|리드, 앞섬|時代をリードする。|시대를 리드하다.|null|リード りーど 리드, 앞섬 時代をリードする。 시대를 리드하다.|N1
가타카나|katakana|リクエスト|りくえすと|리퀘스트, 요구, 주문|リクエストに応じる。|요구에 응하다.|null|リクエスト りくえすと 리퀘스트, 요구, 주문 リクエストに応じる。 요구에 응하다.|N1
가타카나|katakana|リストアップ|りすとあっぷ|나열, 목록 작성|招待客のリストアップを行う。|초대 손님의 명부일람표를 만들다.|{"year":"2012"}|リストアップ 2012 りすとあっぷ 나열, 목록 작성 招待客のリストアップを行う。 초대 손님의 명부일람표를 만들다.|N1
가타카나|katakana|リセット|りせっと|리셋, 초기상태로 돌림|設定をリセットする。|설정을 리셋하다.|null|リセット りせっと 리셋, 초기상태로 돌림 設定をリセットする。 설정을 리셋하다.|N1
가타카나|katakana|ルーズな|るーずな|느슨한, 헐렁한, 칠칠치 못한|時間にルーズな人。|시간 개념이 없는 사람.|{"year":"2018"}|ルーズな 2018 るーずな 느슨한, 헐렁한, 칠칠치 못한 時間にルーズな人。 시간 개념이 없는 사람.|N1
가타카나|katakana|レース|れーす|레이스, 경주|ボートレースを見に行く。|보트 경주를 보러 가다.|null|レース れーす 레이스, 경주 ボートレースを見に行く。 보트 경주를 보러 가다.|N1
가타카나|katakana|レギュラー|れぎゅらー|레귤러, 정규의|レギュラーメンバーになる。|정규 멤버가 되다.|null|レギュラー れぎゅらー 레귤러, 정규의 レギュラーメンバーになる。 정규 멤버가 되다.|N1
가타카나|katakana|レバー|ればー|레버, 손잡이|サイドブレーキのレバーを引く。|사이드 브레이크의 손잡이를 당기다.|null|レバー ればー 레버, 손잡이 サイドブレーキのレバーを引く。 사이드 브레이크의 손잡이를 당기다.|N1
가타카나|katakana|レンタカー|れんたかー|렌트카, 임대 자동차|レンタカーを借りる。|렌트카를 빌리다.|null|レンタカー れんたかー 렌트카, 임대 자동차 レンタカーを借りる。 렌트카를 빌리다.|N1
가타카나|katakana|レントゲン|れんとげん|엑스레이, 엑스선|レントゲン写真をとる。|엑스레이 사진을 찍다.|null|レントゲン れんとげん 엑스레이, 엑스선 レントゲン写真をとる。 엑스레이 사진을 찍다.|N1
가타카나|katakana|ロマン|ろまん|로망, 낭만|ロマンを追う。|낭만을 쫓다.|null|ロマン ろまん 로망, 낭만 ロマンを追う。 낭만을 쫓다.|N1