section,entry_type,jp,kana,meaning,example_jp,example_ko,extra_json,raw_ocr,level
명사,noun,愛好,あいこう,"애호, 좋아함",,,,"愛好 애호, 좋아함 あいこう",N1
명사,noun,愛想,あいそう,"붙임성, 상냥함",,,"{""note"": ""あいそ로도 읽음""}","愛想 붙임성, 상냥함(あいそ로도 읽음) あいそう",N1
명사,noun,間柄,あいだがら,관계,,,,間柄 관계 あいだがら,N1
명사,noun,あお向け,あおむけ,위를 향한 상태,,,,あお向け 위를 향한 상태 あおむけ,N1
명사,noun,証,あかし,증거,,,,証 증거 あかし,N1
명사,noun,悪臭,あくしゅう,악취,,,,悪臭 악취 あくしゅう,N1
명사,noun,朝飯前,あさめしまえ,식은 죽 먹기(매우 쉬운 일),,,,朝飯前 식은 죽 먹기(매우 쉬운 일) あさめしまえ,N1
명사,noun,斡旋,あっせん,알선,,,,斡旋 알선 あっせん,N1
명사,noun,圧倒,あっとう,압도,,,,圧倒 압도 あっとう,N1
명사,noun,圧迫,あっぱく,압박,,,,圧迫 압박 あっぱく,N1
명사,noun,圧力,あつりょく,압력,,,,圧力 압력 あつりょく,N1
명사,noun,後片付け,あとかたづけ,뒷정리,,,,後片付け 뒷정리 あとかたづけ,N1
명사,noun,跡継,あとつぎ,후계자,,,,跡継 후계자 あとつぎ,N1
명사,noun,後回し,あとまわし,"뒤로 미룸, 보류",,,,"後回し 뒤로 미룸, 보류 あとまわし",N1
명사,noun,油絵,あぶらえ,유화,,,,油絵 유화 あぶらえ,N1
명사,noun,天下り,あまくだ리,낙하산 인사,,,,天下り 낙하산 인사 あまくだり,N1
명사,noun,ありきたり,ありきたり,아주 흔함,,,,ありきたり 아주 흔함 ありきたり,N1
명사,noun,ありのまま,ありのまま,있는 그대로임,,,"{""year"": ""2011""}",ありのまま 2011 있는 그대로임,N1
명사,noun,暗算,あんざん,암산,,,,暗算 암산 あんざん,N1
명사,noun,暗示,あんじ,암시,,,,暗示 암시 あんじ,N1
명사,noun,安静,안세이,안정,,,"{""year"": ""2015""}",安静 2015 안정 あんせい,N1
명사,noun,安堵,あんど,"안도, 안심",,,"{""year"": ""2016""}","安堵 2016 안도, 안심 あんど",N1
명사,noun,言い分,いいぶん,"할말, 주장하고 싶은 말",,,,"言い分 할말, 주장하고 싶은 말 いいぶん",N1
명사,noun,遺憾,いかん,유감,,,,遺憾 유감 いかん,N1
명사,noun,異議,いぎ,"이의, 다른 의견",,,,"異議 이의, 다른 의견 いぎ",N1
명사,noun,生甲斐,いきがい,살의 보람,,,,生甲斐 살의 보람 いきがい,N1
명사,noun,憤り,いきどおり,분노,,,"{""year"": ""2013""}",憤り 2013 분노 いきどおり,N1
명사,noun,偉業,いぎょう,위업,,,,偉業 위업 いぎょう,N1
명사,noun,意気地,いくじ,"패기, 의지",,,,"意気地 패기, 의지 いくじ",N1
명사,noun,憩い,いこい,휴식,,,"{""year"": ""2013""}",憩い 2013 휴식 いこい,N1
명사,noun,意向,いこう,의향,,,,意向 의향 いこう,N1
명사,noun,居心地,いごこち,"안락함, 기분",,,,"居心地 (어떤 장소나 지위에 있을 때의) 느낌, 기분 いごこち",N1
명사,noun,意地,いじ,"고집, 오기",,,"{""year"": ""2010""}","意地 2010 고집, 오기 いじ",N1
명사,noun,衣装,いしょう,의상,,,,衣装 의상 いしょう,N1
명사,noun,異色,いしょく,"이색, 매우 특이함",,,"{""year"": ""2014""}","異色 2014 이색, 매우 특이함 いしょく",N1
명사,noun,遺跡,いせき,유적,,,,遺跡 유적 いせき,N1
명사,noun,依存,いぞん,의존,,,"{""note"": ""いそん으로도 읽음""}",依存 의존(いそん으로도 읽음) いぞん,N1
명사,noun,委託,いたく,위탁,,,,委託 위탁 いたく,N1
명사,noun,頂,いただき,"꼭대기, 정상",,,,"頂 꼭대기, 정상 いただき",N1
명사,noun,一丸,いちがん,"한 덩어리, 하나",,,,"一丸 한 덩어리, 하나 いちがん",N1
명사,noun,一任,いちにん,일임,,,"{""year"": ""2013""}",一任 2013 일임 いちにん,N1
명사,noun,一律,いちりつ,일률,,,"{""year"": ""2014""}",一律 2014 일률 いちりつ,N1
명사,noun,一括,いっかつ,일괄,,,,一括 일괄 いっかつ,N1
명사,noun,一刻,いっこく,"일각, 짧은 시간",,,,"一刻 일각, 짧은 시간 いっこく",N1
명사,noun,逸材,いつざい,"일재, 인재",,,"{""year"": ""2011""}","逸材 2011 일재, 인재 いつざい",N1
명사,noun,意図,いと,의도,,,,意図 의도 いと,N1
명사,noun,異動,いどう,이동 (인사 이동 등),,,,異動 이동(人事異動 인사 이동) いどう,N1
명사,noun,糸口,いとぐち,"실마리, 단서",,,"{""year"": ""2015""}","糸口 2015 실마리, 단서 いとぐち",N1
명사,noun,いやみ,いやみ,"불쾌감, 비아냥",,,"{""year"": ""2010""}","いやみ 2010 불쾌감, 비아냥",N1
명사,noun,依頼,いらい,의뢰,,,,依頼 의뢰 いらい,N1
명사,noun,威力,いりょく,위력,,,,威力 위력 いりょく,N1
명사,noun,色合い,いろあい,"색조, 색상",,,,"色合い 색조, 색상 いろあい",N1
명사,noun,違和感,いわかん,위화감,,,,違和感 위화감 いわかん,N1
명사,noun,印鑑,いんかん,인감,,,,印鑑 인감 いんかん,N1
명사,noun,隠居,いんきょ,은거,,,,隠居 은거 いんきょ,N1
명사,noun,引率,いんそつ,인솔,,,,引率 인솔 いんそつ,N1
명사,noun,渦,うず,소용돌이,,,,渦 소용돌이 우즈,N1
명사,noun,内訳,うちわけ,"내역, 명세",,,"{""year"": ""2016""}","内訳 2016 내역, 명세 うちわけ",N1
명사,noun,器,うつわ,그릇,,,,器 그릇 うつわ,N1
명사,noun,裏づけ,うらづけ,"뒷받침, 증거",,,"{""year"": ""2013""}","裏づけ 2013 뒷받침, 증거 うらづけ",N1
명사,noun,裏腹,うらはら,정반대,,,"{""year"": ""2014""}",裏腹 2014 정반대 うらはら,N1
명사,noun,売れ筋,うれすじ,히트 상품,,,,売れ筋 히트 상품 うれすじ,N1
명사,noun,運搬,うんぱん,운반,,,,運搬 운반 うんぱん,N1
명사,noun,運命,うんめい,운명,,,,運命 운명 うんめい,N1
명사,noun,映像,えいぞう,영상,,,,映像 영상 えいぞ우,N1
명사,noun,英雄,えいゆう,영웅,,,,英雄 영웅 えいゆう,N1
명사,noun,閲覧,えつらん,열람,,,"{""year"": ""2011""}",閲覧 2011 열람 えつらん,N1
명사,noun,獲物,えもの,사냥감,,,,獲物 사냥감 えもの,N1
명사,noun,襟,えり,옷깃,,,,襟 옷깃 えり,N1
명사,noun,遠隔,えんかく,원격,,,,遠隔 원격 えんかく,N1
명사,noun,沿岸,えんがん,연안,,,,沿岸 연안 えんがん,N1
명사,noun,演出,えんしゅつ,연출,,,,演出 연출 えんしゅつ,N1
명사,noun,延滞,えんたい,연체,,,,延滞 연체 えんたい,N1
명사,noun,縁談,えんだん,혼담,,,,縁談 혼담 えんだん,N1
명사,noun,生い立ち,おいたち,성장 과정,,,,生い立ち 성장 과정 おいたち,N1
명사,noun,黄金,おうごん,황금,,,,黄金 황금 おうごん,N1
명사,noun,大筋,おおすじ,"대략적인 줄거리, 대강",,,"{""year"": ""2012""}","大筋 2012 대략적인 줄거리, 대강 おおすじ",N1
명사,noun,公,おおやけ,"공공, 사회, 정부",,,,"公 공공, 사회, 정부 おおやけ",N1
명사,noun,お世辞,おせじ,아첨,,,,お世辞 아첨 おせじ,N1
명사,noun,お手上げ,おてあげ,"포기, 어쩔 도리가 없음",,,"{""year"": ""2014""}","お手上げ 2014 포기, 어쩔 도리가 없음 おてあげ",N1
명사,noun,同い年,おないどし,동갑,,,,同い年 동갑 おないどし,N1
명사,noun,思惑,おもわく,"생각, 의도",,,,"思惑 생각, 의도 おもわく",N1
명사,noun,折り返し,おりかえし,"즉시, 바로",,,,"折り返し 즉시, 바로 おりかえし",N1
명사,noun,俺,おれ,나,,,,俺 나 おれ,N1
명사,noun,卸売り,おろしうり,도매,,,,卸売り 도매 おろしう리,N1
명사,noun,改革,かいかく,개혁,,,"{""year"": ""2012""}",改革 2012 개혁 かいかく,N1
명사,noun,外観,がいかん,"외관, 겉보기",,,,"外観 외관, 겉보기 がいかん",N1
명사,noun,階級,かいきゅう,계급,,,,階級 계급 かいきゅう,N1
명사,noun,解雇,かいこ,해고,,,,解雇 해고 かいこ,N1
명사,noun,介護,かいご,"간호, 간병",,,"{""year"": ""2018""}","介護 2018 간호, 간병 かいご",N1
명사,noun,改修,かいしゅう,"개수, 수리",,,,"改修 개수, 수리 かいしゅう",N1
명사,noun,怪獣,かいじゅう,괴수,,,,怪獣 괴수 かいじゅう,N1
명사,noun,解除,かいじょ,해제,,,"{""year"": ""2018""}",解除 2018 해제 かいじょ,N1
명사,noun,会心,かいしん,"회심, 만족스러움",,,"{""year"": ""2011""}","会心 2011 회심, 만족스러움 かいしん",N1
명사,noun,概説,がいせつ,개설,,,,概説 개설 がいせつ,N1
명사,noun,回想,かいそう,회상,,,"{""year"": ""2014""}",回想 2014 회상 かいそう,N1
명사,noun,階層,かいそう,계층,,,,階層 계층 かいそう,N1
명사,noun,開拓,かいたく,개척,,,"{""year"": ""2017""}",開拓 2017 개척 かいたく,N1
명사,noun,怪談,かいだん,괴담,,,,怪談 괴담 かいだん,N1
명사,noun,害虫,がいちゅう,해충,,,,害虫 해충 がいちゅう,N1
명사,noun,改定,かいてい,개정(기존의 규칙 등을 다시 정하는 것),,,,改定 개정(기존의 규칙 등을 다시 정하는 것) かいてい,N1
명사,noun,改訂,かいてい,개정(책이나 문서의 결점 등 내용을 고치는 것),,,"{""year"": ""2012""}",改訂 2012 개정(책이나 문서의 결점 등 내용을 고치는 것) かいてい,N1
명사,noun,街頭,がいとう,"가두, 길거리",,,,"街頭 가두, 길거리 がいとう",N1
명사,noun,該当,がいとう,해당,,,"{""year"": ""2015""}",該当 2015 해당 がいとう,N1
명사,noun,介入,かいにゅう,개입,,,,介入 개입 かいにゅう,N1
명사,noun,海抜,かいばつ,해발,,,,海抜 해발 かいばつ,N1
명사,noun,回避,かいひ,회피,,,,回避 회피 かいひ,N1
명사,noun,介抱,かいほう,간호,,,,介抱 간호 かいほう,N1
명사,noun,解剖,かいぼう,해부,,,,解剖 해부 かいぼう,N1
명사,noun,概要,がいよう,개요,,,,概要 개요 がいよう,N1
명사,noun,回覧,かいらん,회람,,,,回覧 회람 かいらん,N1
명사,noun,概略,がいりゃく,"개략, 대략",,,"{""year"": ""2014""}","概略 2014 개략, 대략 がいりゃく",N1
명사,noun,改良,かいりょう,개량,,,,改良 개량 かいりょう,N1
명사,noun,かかりつけ,かかりつけ,"담당, 특히 항상 같은 의사에게 진료를 받는 것을 말함",,,"{""year"": ""2019""}","かかりつけ 2019 담당, 특히 항상 같은 의사에게 진료를 받는 것을 말함",N1
명사,noun,核,かく,핵,,,,核 핵 かく,N1
명사,noun,額,がく,액자,,,,額 액자 がく,N1
명사,noun,格差,かくさ,격차,,,,格差 격차 かくさ,N1
명사,noun,拡散,かくさん,확산,,,,拡散 확산 かくさん,N1
명사,noun,各種,かくしゅ,각종,,,,各種 각종 かくしゅ,N1
명사,noun,隔週,かくしゅう,격주,,,,隔週 격주 かくしゅう,N1
명사,noun,革新,かくしん,혁신,,,,革新 혁신 かくしん,N1
명사,noun,確信,かくしん,확신,,,,確信 확신 かくしん,N1
명사,noun,確定,かくてい,확정,,,,確定 확정 かくてい,N1
명사,noun,獲得,かくとく,획득,,,,獲得 획득 かくとく,N1
명사,noun,楽譜,がくふ,악보,,,,楽譜 악보 がくふ,N1
명사,noun,革命,かくめい,혁명,,,,革命 혁명 かくめい,N1
명사,noun,確立,かくりつ,확립,,,,確立 확립 かくりつ,N1
명사,noun,学歴,がくれき,학력,,,,学歴 학력 がくれき,N1
명사,noun,崖,がけ,"절벽, 벼랑",,,,"崖 절벽, 벼랑 がけ",N1
명사,noun,家計,かけい,"가계, 살림살이",,,,"家計 가계, 살림살이 かけい",N1
명사,noun,駆け引き,かけひき,"흥정, 술수",,,,"駆け引き 흥정, 술수 かけひき",N1
명사,noun,下限,かげん,"하한, 최저한도",,,,"下限 하한, 최저한도 かげん",N1
명사,noun,加工,かこう,가공,,,"{""year"": ""2012""}",加工 2012 가공 かこう,N1
명사,noun,箇条書き,かじょうがき,항목별로 쓰기,,,,箇条書き 항목별로 쓰기 かじょうがき,N1
명사,noun,過疎,かそ,"과소, 지나치게 적음",,,,"過疎 과소, 지나치게 적음 かそ",N1
명사,noun,片思い,かたおもい,짝사랑,,,,片思い 짝사랑 かたおもい,N1
명사,noun,片言,かたこと,서투른 말씨,,,,片言 서투른 말씨 かたこと,N1
명사,noun,片隅,かたすみ,한쪽 구석,,,,片隅 한쪽 구석 かたすみ,N1
명사,noun,傍ら,かたわら,"옆, 곁",,,,"傍ら 옆, 곁 かたわら",N1
명사,noun,加担,かたん,가담,,,,加担 가담 かたん,N1
명사,noun,花壇,かだん,화단,,,,花壇 화단 かだん,N1
명사,noun,家畜,かちく,가축,,,,家畜 가축 かちく,N1
명사,noun,合致,がっち,"합치, 일치",,,"{""year"": ""2013""}","合致 2013 합치, 일치 がっち",N1
명사,noun,合併,がっぺい,합병,,,"{""year"": ""2011""}",合併 2011 합병 がっぺい,N1
명사,noun,稼働,かどう,가동,,,"{""year"": ""2015""}",稼働 2015 가동 かどう,N1
명사,noun,株式,かぶしき,주식,,,,株式 주식 かぶしき,N1
명사,noun,株主,かぶぬし,주주,,,,株主 주주 かぶぬし,N1
명사,noun,花粉,かふん,꽃가루,,,,花粉 꽃가루 かふん,N1
명사,noun,貨幣,かへい,화폐,,,,貨幣 화폐 かへい,N1
명사,noun,加味,かみ,가미,,,"{""year"": ""2013""}",加味 2013 가미 かみ,N1
명사,noun,過密,かみつ,과밀,,,"{""year"": ""2016""}",過密 2016 과밀 かみつ,N1
명사,noun,狩り,かり,사냥,,,,狩り 사냥 かり,N1
명사,noun,過労,かろう,과로,,,,過労 과로 かろう,N1
명사,noun,勘,かん,"육감, 직감력",,,,"勘 육감, 직감력 かん",N1
명사,noun,完結,かんけつ,완결,,,"{""year"": ""2010""}",完結 2010 완결 かんけつ,N1
명사,noun,還元,かんげん,환원,,,"{""year"": ""2016""}",還元 2016 환원 かんげん,N1
명사,noun,看護,かんご,간호,,,,看護 간호 かんご,N1
명사,noun,刊行,かんこう,간행,,,,刊行 간행 かんこう,N1
명사,noun,慣行,かんこう,관행,,,,慣行 관행 かんこう,N1
명사,noun,勧告,かんこく,권고,,,,勧告 권고 かんこく,N1
명사,noun,換算,かんさん,환산,,,,換算 환산 かんさん,N1
명사,noun,感受性,かんじゅせい,감수성,,,,感受性 감수성 かんじゅせい,N1
명사,noun,願書,がんしょ,원서,,,,願書 원서 がんしょ,N1
명사,noun,干渉,かんしょう,간섭,,,,干渉 간섭 かんしょう,N1
명사,noun,感触,かんしょく,감촉,,,,感触 감촉 かんしょく,N1
명사,noun,関税,かんぜい,관세,,,,関税 관세 かんぜい,N1
명사,noun,感染,かんせん,감염,,,,感染 감염 かんせん,N1
명사,noun,元旦,がんたん,설날 아침,,,,元旦 설날 아침 がんたん,N1
명사,noun,幹部,かんぶ,간부,,,,幹部 간부 かんぶ,N1
명사,noun,勘弁,かんべん,용서,,,,勘弁 용서 かんべん,N1
명사,noun,関与,かんよ,관여,,,,関与 관여 かんよ,N1
명사,noun,観覧,かんらん,관람,,,,観覧 관람 かんらん,N1
명사,noun,官僚,かんりょう,관료,,,,官僚 관료 かんりょう,N1
명사,noun,慣例,かんれい,관례,,,,慣례 관례 かんれい,N1
명사,noun,貫禄,かんろく,"관록, 오랜 경력으로 생긴 위엄이나 권위",,,,貫禄 관록 かんろく,N1
명사,noun,緩和,かんわ,완화,,,"{""year"": ""2013""}",緩和 2013 완화 かんわ,N1
명사,noun,器械,きかい,기계(단순하고 소규모인 것),,,,器械 기계(단순하고 소규모인 것) きかい,N1
명사,noun,危害,きがい,"위해, 위협",,,,"危害 위해, 위협 きがい",N1
명사,noun,気掛かり,きがかり,"걱정, 마음에 걸림",,,"{""year"": ""2019""}","気掛かり 2019 걱정, 마음에 걸림 きがかり",N1
명사,noun,規格,きかく,규격,,,,規格 규격 きかく,N1
명사,noun,気兼ね,きがね,"어렵게 여김, 스스럼",,,,"気兼ね 어렵게 여김, 스스럼 きがね",N1
명사,noun,器官,きかん,기관(인간의 신체기관),,,,器官 기관(인간의 신체기관) きかん,N1
명사,noun,効き目,ききめ,"효력, 효과",,,,"効き目 효력, 효과 ききめ",N1
명사,noun,戯曲,ぎきょく,희곡,,,,戯曲 희곡 ぎきょく,N1
명사,noun,基金,ききん,기금,,,,基金 기금 ききん,N1
명사,noun,危惧,きぐ,"걱정, 염려",,,,"危惧 걱정, 염려 きぐ",N1
명사,noun,喜劇,きげき,희극,,,,喜劇 희극 きげき,N1
명사,noun,議決,ぎけつ,의결,,,,議決 의결 ぎけつ,N1
명사,noun,棄権,きけん,기권,,,,棄権 기권 きけん,N1
명사,noun,起源,きげん,"기원, 근원",,,,"起源 기원, 근원 きげん",N1
명사,noun,機構,きこう,"기구, 구조",,,,"機構 기구, 구조 きこう",N1
명사,noun,気心,きごころ,"기질, 속마음",,,,"気心 기질, 속마음 きごころ",N1
명사,noun,既婚,きこん,기혼,,,,既婚 기혼 きこん,N1
명사,noun,記載,きさい,기재,,,,記載 기재 きさい,N1
명사,noun,兆し,きざし,"징조, 조짐",,,"{""year"": ""2011""}","兆し 2011 징조, 조짐 きざし",N1
명사,noun,気性,きしょう,"천성, 기질",,,,"気性 천성, 기질 きしょう",N1
명사,noun,犠牲,ぎせい,희생,,,,犠牲 희생 ぎせい,N1
명사,noun,奇跡,きせき,기적,,,,奇跡 기적 きせき,N1
명사,noun,寄贈,きぞう,기증,,,,寄贈 기증 きぞう,N1
명사,noun,偽造,ぎぞう,위조,,,,偽造 위조 ぎぞう,N1
명사,noun,規定,きてい,규정,,,,規定 규정 きてい,N1
명사,noun,機転,きてん,"재치, 임기응변",,,,"機転 재치, 임기응변 きてん",N1
명사,noun,軌道,きどう,궤도,,,"{""year"": ""2015""}",軌道 2015 궤도 きどう,N1
명사,noun,技能,ぎのう,"기능, 기술",,,,"技能 기능, 기술 ぎのう",N1
명사,noun,規範,きはん,규범,,,,規範 규범 きはん,N1
명사,noun,気品,きひん,기품,,,,気品 기품 きひん,N1
명사,noun,気風,きふう,기풍,,,,気風 기풍 きふう,N1
명사,noun,起伏,きふく,기복,,,"{""year"": ""2015""}",起伏 2015 기복 きふく,N1
명사,noun,決め手,きめて,결정적 수단,,,,決め手 결정적 수단 きめて,N1
명사,noun,規約,きやく,규약,,,,規約 규약 きやく,N1
명사,noun,逆上,ぎゃくじょう,"흥분함, 이성을 잃음",,,,"逆上 흥분함, 이성을 잃음 ぎゃくじょう",N1
명사,noun,逆転,ぎゃくてん,역전,,,,逆転 역전 ぎゃくてん,N1
명사,noun,脚本,きゃくほん,각본,,,,脚本 각본 きゃくほん,N1
명사,noun,却下,きゃっか,"각하, 기각",,,,"却下 각하, 기각 きゃっか",N1
명사,noun,救急,きゅうきゅう,구급,,,,救急 구급 きゅうきゅう,N1
명사,noun,究極,きゅうきょく,궁극,,,,究極 궁극 きゅうきょく,N1
명사,noun,救済,きゅうさい,구제,,,,救済 구제 きゅうさい,N1
명사,noun,宮殿,きゅうでん,궁전,,,,宮殿 궁전 きゅうでん,N1
명사,noun,窮乏,きゅうぼう,궁핍,,,,窮乏 궁핍 きゅうぼう,N1
명사,noun,丘陵,きゅうりょう,"구릉, 언덕",,,"{""year"": ""2018""}","丘陵 2018 구릉, 언덕 きゅうりょう",N1
명사,noun,寄与,きよ,기여,,,"{""year"": ""2012""}",寄与 2012 기여 きよ,N1
명사,noun,驚異,きょうい,경이,,,,驚異 경이 きょうい,N1
명사,noun,脅威,きょうい,위협,,,,脅威 위협 きょうい,N1
명사,noun,業界,ぎょうかい,업계,,,,業界 업계 ぎょうかい,N1
명사,noun,恐喝,きょうかつ,"공갈, 협박",,,,"恐喝 공갈, 협박 きょうかつ",N1
명사,noun,共感,きょうかん,공감,,,,共感 공감 きょうかん,N1
명사,noun,協議,きょうぎ,협의,,,,協議 협의 きょうぎ,N1
명사,noun,境遇,きょうぐう,"경우, 처지, 환경",,,,"境遇 경우, 처지, 환경 きょうぐう",N1
명사,noun,教訓,きょうくん,교훈,,,"{""year"": ""2016""}",教訓 2016 교훈 きょうくん,N1
명사,noun,強行,きょうこう,강행,,,,強行 강행 きょうこう,N1
명사,noun,教材,きょうざい,교재,,,,教材 교재 きょうざい,N1
명사,noun,凶作,きょうさく,흉작,,,,凶作 흉작 きょうさく,N1
명사,noun,享受,きょうじゅ,"향유, 음미하고 즐김",,,,"享受 향유, 음미하고 즐김 きょうじゅ",N1
명사,noun,教習,きょうしゅう,교습,,,,教習 교습 きょうしゅう,N1
명사,noun,郷愁,きょうしゅう,"향수, 고향을 그리워함",,,,"郷愁 향수, 고향을 그리워함 きょうしゅう",N1
명사,noun,凝縮,ぎょうしゅく,"응축, 응집",,,"{""year"": ""2014""}","凝縮 2014 응축, 응집 ぎょうしゅく",N1
명사,noun,強制,きょうせい,강제,,,"{""year"": ""2015""}",強制 2015 강제 きょうせい,N1
명사,noun,行政,ぎょうせい,행정,,,,行政 행정 ぎょうせい,N1
명사,noun,業績,ぎょうせき,"업적, 실적",,,,"業績 업적, 실적 ぎょうせき",N1
명사,noun,共存,きょうぞん,공존,,,"{""note"": ""きょうそん으로도 읽음""}",共存 공존(きょうそん으로도 읽음) きょうぞん,N1
명사,noun,協定,きょうてい,협정,,,,協定 협정 きょうてい,N1
명사,noun,仰天,ぎょうてん,"기겁함, 몹시 놀람",,,"{""year"": ""2013""}","仰天 2013 기겁함, 몹시 놀람 ぎょうてん",N1
명사,noun,郷土,きょうど,향토,,,,郷土 향토 きょうど,N1
명사,noun,脅迫,きょうはく,협박,,,,脅迫 협박 きょうはく,N1
명사,noun,業務,ぎょうむ,업무,,,,業務 업무 ぎょうむ,N1
명사,noun,共鳴,きょうめ이,"공명, 공감",,,,"共鳴 공명, 공감 きょうめい",N1
명사,noun,業者,ぎょうしゃ,업자,,,,業者 업자 ぎょうしゃ,N1
명사,noun,郷里,きょうり,고향,,,,郷里 고향 きょうり,N1
명사,noun,局面,きょくめん,국면,,,,局面 국면 きょくめん,N1
명사,noun,漁船,ぎょせん,어선,,,,漁船 어선 ぎょせん,N1
명사,noun,許容,きょよう,허용,,,,許容 허용 きょよう,N1
명사,noun,疑惑,ぎわく,의혹,,,,疑惑 의혹 ぎわく,N1
명사,noun,近眼,きんがん,근시,,,,近眼 근시 きんがん,N1
명사,noun,均衡,きんこう,균형,,,,均衡 균형 きんこう,N1
명사,noun,緊迫,きんぱく,긴박,,,,緊迫 긴박 きんぱく,N1
명사,noun,吟味,ぎんみ,"음미, 엄선",,,"{""year"": ""2010""}","吟味 2010 음미, 엄선 ぎんみ",N1
명사,noun,禁物,きんもつ,금물,,,"{""year"": ""2019""}",禁物 2019 금물 きんもつ,N1
명사,noun,勤労,きんろう,근로,,,,勤労 근로 きんろう,N1
명사,noun,空腹,くうふく,공복,,,,空腹 공복 くうふく,N1
명사,noun,苦境,くきょう,"괴로운 처지, 역경",,,,"苦境 괴로운 처지, 역경 くきょう",N1
명사,noun,苦言,くげん,"고언, 쓴소리",,,,"苦言 고언, 쓴소리 くげん",N1
명사,noun,駆使,くし,"구사, 자유자재로 사용함",,,"{""year"": ""2014""}","駆使 2014 구사, 자유자재로 사용함 くし",N1
명사,noun,駆逐,くちく,"구축, 몰아냄, 축출함",,,,"駆逐 구축, 몰아냄, 축출함 くちく",N1
명사,noun,口出し,くちだし,말참견,,,"{""year"": ""2013""}",口出し 2013 말참견 くちだし,N1
명사,noun,くちばし,くちばし,부리,,,,くちばし 부리,N1
명사,noun,口元,くちもと,입가,,,,口元 입가 くちもと,N1
명사,noun,口調,くちょう,"어조, 말투",,,,"口調 어조, 말투 くちょう",N1
명사,noun,工面,くめん,"마련, 자금 회전",,,"{""year"": ""2014""}","工面 2014 마련, 자금 회전 くめん",N1
명사,noun,愚問,ぐもん,"우문, 어리석은 질문",,,,"愚問 우문, 어리석은 질문 ぐもん",N1
명사,noun,暗闇,くらやみ,"어둠, 암흑",,,,"暗闇 어둠, 암흑 くらやみ",N1
명사,noun,玄人,くろうと,전문가,,,,玄人 전문가 くろうと,N1
명사,noun,群衆,ぐんしゅう,군중,,,"{""year"": ""2012""}",群衆 2012 군중 ぐんしゅう,N1
명사,noun,経緯,けいい,"① 경위, 자초지종 ② 경도와 위도",,,"{""year"": ""2016""}","経緯 2016 ① 경위, 자초지종 ② 경도와 위도 けいい",N1
명사,noun,経過,けいか,경과,,,,経過 경과 けいか,N1
명사,noun,警戒,けいかい,경계,,,,警戒 경계 けいかい,N1
명사,noun,軽減,けいげん,경감,,,,軽減 경감 けいげん,N1
명사,noun,掲載,けいさい,게재,,,,掲載 게재 けいさい,N1
명사,noun,軽視,けいし,경시,,,,軽視 경시 けいし,N1
명사,noun,傾斜,けいしゃ,경사,,,"{""year"": ""2017""}",傾斜 2017 경사 けいしゃ,N1
명사,noun,形状,けいじょう,형상,,,,形状 형상 けいじょう,N1
명사,noun,形勢,けいせい,형세,,,,形勢 형세 けいせい,N1
명사,noun,形態,けいたい,형태,,,,形態 형태 けいたい,N1
명사,noun,刑罰,けいばつ,형벌,,,,刑罰 형벌 けいばつ,N1
명사,noun,経費,けいひ,경비,,,,経費 경비 けいひ,N1
명사,noun,啓蒙,けいもう,계몽,,,,啓蒙 계몽 けいもう,N1
명사,noun,経歴,けいれき,경력,,,,経歴 경력 けいれき,N1
명사,noun,経路,けいろ,경로,,,,経路 경로 けいろ,N1
명사,noun,激減,げきげん,격감,,,,激減 격감 げきげん,N1
명사,noun,劇団,げきだん,"극단, 연극단",,,,"劇団 극단, 연극단 げきだん",N1
명사,noun,激励,げきれい,격려,,,,激励 격려 げきれい,N1
명사,noun,決意,けつい,"결의, 결심",,,"{""year"": ""2017""}","決意 2017 결의, 결심 けつい",N1
명사,noun,決行,けっこう,"결행, 단행",,,,"決行 결행, 단행 けっこう",N1
명사,noun,血行,けっこう,"혈행, 혈액순환",,,,"血行 혈행, 혈액순환 けっこう",N1
명사,noun,結合,けつごう,결합,,,,結合 결합 けつごう,N1
명사,noun,決算,けっさん,결산,,,,決算 결산 けっさん,N1
명사,noun,月謝,げっしゃ,월 수업료,,,,月謝 월 수업료 げっしゃ,N1
명사,noun,欠如,けつじょ,결여,,,,欠如 결여 けつじょ,N1
명사,noun,決勝,けっしょう,결승,,,,決勝 결승 けっしょう,N1
명사,noun,結晶,けっしょう,결정,,,,結晶 결정 けっしょう,N1
명사,noun,結成,けっせい,결성,,,,結成 결성 けっせい,N1
명사,noun,結束,けっそく,결속,,,"{""year"": ""2010""}",結束 2010 결속 けっそく,N1
명사,noun,決断,けつだん,결단,,,,決断 결단 けつだん,N1
명사,noun,月賦,げっぷ,"월부, 달불기",,,,"月賦 월부, 달불기 げっぷ",N1
명사,noun,欠乏,けつぼう,결핍,,,,欠乏 결핍 けつぼう,N1
명사,noun,獣,けもの,짐승,,,,獣 짐승 けもの,N1
명사,noun,権威,けんい,권위,,,,権威 권위 けんい,N1
명사,noun,嫌悪,けんお,혐오,,,,嫌悪 혐오 けんお,N1
명사,noun,原形,げんけい,원형(원래의 형태),,,,原形 원형(원래의 형태) げんけい,N1
명사,noun,懸賞,けんしょう,"현상, 상금을 제공함",,,,"懸賞 현상, 상금을 제공함 けんしょう",N1
명사,noun,厳選,げんせん,엄선,,,,厳選 엄선 げんせん,N1
명사,noun,幻想,げんそう,환상,,,,幻想 환상 げんそう,N1
명사,noun,原則,げんそく,원칙,,,,原則 원칙 げんそく,N1
명사,noun,減点,げんてん,감점,,,,減点 감점 げんてん,N1
명사,noun,健闘,けんとう,건투,,,,健闘 건투 けんとう,N1
명사,noun,原動力,げんどうりょく,원동력,,,,原動力 원동력 げんどうりょく,N1
명사,noun,圏内,けんない,권내,,,,圏内 권내 けんない,N1
명사,noun,倹約,けんやく,검약,,,,倹約 검약 けんやく,N1
명사,noun,兼用,けんよう,겸용,,,,兼用 겸용 けんよう,N1
명사,noun,原論,げんろん,원론,,,,原論 원론 げんろん,N1
명사,noun,行為,こうい,행위,,,,行為 행위 こうい,N1
명사,noun,合意,ごう이,합의,,,"{""year"": ""2015""}",合意 2015 합의 ごうい,N1
명사,noun,公益,こうえき,공익,,,,公益 공익 こうえき,N1
명사,noun,交易,こうえき,교역,,,,交易 교역 こうえき,N1
명사,noun,航海,こうかい,항해,,,,航海 항해 こうかい,N1
명사,noun,後悔,こうかい,후회,,,,後悔 후회 こうかい,N1
명사,noun,抗議,こうぎ,항의,,,,抗議 항의 こうぎ,N1
명사,noun,合議,ごうぎ,합의,,,,合議 합의 ごうぎ,N1
명사,noun,好況,こうきょう,호황,,,,好況 호황 こうきょう,N1
명사,noun,高原,こうげん,고원,,,,高原 고원 こうげん,N1
명사,noun,公言,こうげん,"공언, 당당하게 말함",,,,"公言 공언, 당당하게 말함 こうげん",N1
명사,noun,考古学,こうこがく,고고학,,,,考古学 고고학 こうこがく,N1
명사,noun,鉱山,こうざん,광산,,,,鉱山 광산 こうざん,N1
명사,noun,口述,こうじゅつ,구술,,,,口述 구술 こうじゅつ,N1
명사,noun,控除,こうじょ,공제,,,,控除 공제 こうじょ,N1
명사,noun,交渉,こうしょう,교섭,,,,交渉 교섭 こうしょう,N1
명사,noun,香辛料,こうしんりょう,향신료,,,,香辛料 향신료 こうしんりょう,N1
명사,noun,降水,こうすい,강수,,,,降水 강수 こうすい,N1
명사,noun,洪水,こうずい,홍수,,,,洪水 홍수 こうずい,N1
명사,noun,公然,こうぜん,공공연함,,,,公然 공공연함 こうぜん,N1
명사,noun,構想,こうそう,구상,,,,構想 구상 こうそう,N1
명사,noun,抗争,공소,항쟁,,,,抗争 항쟁 こうそう,N1
명사,noun,拘束,こうそく,구속,,,,拘束 구속 こうそく,N1
명사,noun,後退,こうたい,후퇴,,,,後退 후퇴 こうたい,N1
명사,noun,光沢,こうたく,광택,,,,光沢 광택 こうたく,N1
명사,noun,構築,こうちく,"구축, 쌓아 올려 만듦",,,,"構築 구축, 쌓아 올려 만듦 こうちく",N1
명사,noun,高低,こうてい,"고저, 높낮이",,,,"高低 고저, 높낮이 こうてい",N1
명사,noun,好転,こうてん,"호전, 상태가 좋아짐",,,,"好転 호전, 상태가 좋아짐 こうてん",N1
명사,noun,口頭,こうとう,"구두, 입으로 말함",,,,"口頭 구두, 입으로 말함 こうとう",N1
명사,noun,購読,こうどく,구독,,,,購読 구독 こうどく,N1
명사,noun,購入,こうにゅう,구입,,,,購入 구입 こうにゅう,N1
명사,noun,公認,こうにん,공인,,,,公認 공인 こうにん,N1
명사,noun,荒廃,こうはい,황폐,,,,荒廃 황폐 こうはい,N1
명사,noun,購買,こうばい,구매,,,,購買 구매 こうばい,N1
명사,noun,好評,こうひょう,호평,,,,好評 호평 こうひょう,N1
명사,noun,交付,こうふ,교부,,,,交付 교부 こうふ,N1
명사,noun,興奮,こうふん,흥분,,,"{""year"": ""2015""}",興奮 2015 흥분 こうふん,N1
명사,noun,公募,こうぼ,공모,,,,公募 공모 こうぼ,N1
명사,noun,合法,ごうほう,합법,,,,合法 합법 ごうほう,N1
명사,noun,効率,こうりつ,효율,,,,効率 효율 こうりつ,N1
명사,noun,口論,こうろん,말다툼,,,,口論 말다툼 こうろん,N1
명사,noun,護衛,ごえい,호위,,,,護衛 호위 ごえい,N1
명사,noun,互角,ごかく,"호각, 대등함",,,"{""year"": ""2019""}","互角 2019 호각, 대등함 ごかく",N1
명사,noun,小切手,こぎって,수표,,,,小切手 수표 こぎって,N1
명사,noun,顧客,こきゃく,"고객, 단골손님",,,,"顧客 고객, 단골손님 こきゃく",N1
명사,noun,酷使,こくし,혹사,,,,酷使 혹사 こくし,N1
명사,noun,告白,こくはく,고백,,,,告白 고백 こくはく,N1
명사,noun,極秘,ごくひ,극비,,,,極秘 극비 ごくひ,N1
명사,noun,極楽,ごくらく,극락,,,,極楽 극락 ごくらく,N1
명사,noun,心得,こころえ,① 소양 ② 마음가짐,,,,心得 ① 소양 ② 마음가짐 こころえ,N1
명사,noun,心掛け,こころがけ,① 소양 ② 마음가짐,,,,心掛け ① 소양 ② 마음가짐 こころがけ,N1
명사,noun,心構え,こころがまえ,"마음가짐, 각오",,,"{""year"": ""2014""}","心構え 2014 마음가짐, 각오 こころ가まえ",N1
명사,noun,志,こころざし,"포부, 뜻",,,,"志 포부, 뜻 こころざし",N1
명사,noun,誤差,ごさ,오차,,,,誤差 오차 ごさ,N1
명사,noun,孤児,こじ,고아,,,,孤児 고아 こじ,N1
명사,noun,故人,こじん,고인,,,,故人 고인 こじん,N1
명사,noun,個性,こせい,개성,,,,個性 개성 こせい,N1
명사,noun,小銭,こぜに,잔돈,,,,小銭 잔돈 こぜに,N1
명사,noun,古代,こだい,고대,,,,古代 고대 こだい,N1
명사,noun,誇張,こちょう,과장,,,,誇張 과장 こちょう,N1
명사,noun,国交,こっこう,국교,,,,国交 국교 こっこう,N1
명사,noun,骨董品,こっとうひん,골동품,,,,骨董品 골동품 こっとうひん,N1
명사,noun,事柄,ことがら,"사항, 내용",,,,"事柄 사항, 내용 ことがら",N1
명사,noun,固有,こゆう,고유,,,,固有 고유 こゆう,N1
명사,noun,雇用,こよう,고용,,,,雇用 고용 こよう,N1
명사,noun,暦,こよみ,달력,,,,暦 달력 こよみ,N1
명사,noun,孤立,こりつ,고립,,,,孤立 고립 こりつ,N1
명사,noun,根気,こんき,끈기,,,,根気 끈기 こんき,N1
명사,noun,根拠,こんきょ,근거,,,"{""year"": ""2011""}",根拠 2011 근거 こんきょ,N1
명사,noun,根性,こんじょう,근성,,,,根性 근성 こんじょう,N1
명사,noun,昆虫,こんちゅう,곤충,,,,昆虫 곤충 こんちゅう,N1
명사,noun,根底,こんてい,"근저, 밑바탕",,,,"根底 근저, 밑바탕 こんてい",N1
명사,noun,混同,こんどう,혼동,,,,混同 혼동 こんどう,N1
명사,noun,根本,こんぽん,근본,,,,根本 근본 こんぽん,N1
명사,noun,最悪,さいあく,최악,,,,最悪 최악 さいあく,N1
명사,noun,災害,さいがい,재해,,,,災害 재해 さいがい,N1
명사,noun,才覚,さいかく,"재치, 기지",,,,"才覚 재치, 기지 さいかく",N1
명사,noun,細工,さいく,세공,,,,細工 세공 さいく,N1
명사,noun,採掘,さいくつ,채굴,,,,採掘 채굴 さいくつ,N1
명사,noun,採決,さいけつ,"채결, 표결",,,,"採決 채결, 표결 さいけつ",N1
명사,noun,歳月,さいげつ,세월,,,,歳月 세월 さいげつ,N1
명사,noun,再建,さいけん,재건,,,,再建 재건 さいけん,N1
명사,noun,再現,さいげん,재현,,,,再現 재현 さいげん,N1
명사,noun,財源,ざ이げん,"재원, 수입원",,,,"財源 재원, 수입원 ざいげん",N1
명사,noun,在庫,ざいこ,재고,,,"{""year"": ""2018""}",在庫 2018 재고 ざいこ,N1
명사,noun,採算,さいさん,채산,,,,採算 채산 さいさん,N1
명사,noun,採取,さいしゅ,채취,,,,採取 채취 さいしゅ,N1
명사,noun,細心,さいしん,세심함,,,,細心 세심함 さいしん,N1
명사,noun,財政,ざいせい,재정,,,,財政 재정 ざいせい,N1
명사,noun,在籍,ざいせき,재적,,,"{""year"": ""2017""}",在籍 2017 재적 ざいせき,N1
명사,noun,最善,さいぜん,최선,,,,最善 최선 さいぜん,N1
명사,noun,採択,さいたく,채택,,,,採択 채택 さいたく,N1
명사,noun,財団,ざいだん,재단(단체),,,,財団 재단(단체) ざいだん,N1
명사,noun,栽培,さいばい,재배,,,"{""year"": ""2019""}",栽培 2019 재배 さいばい,N1
명사,noun,再発,さいはつ,재발,,,,再발 재발 さいはつ,N1
명사,noun,細胞,さいぼう,세포,,,,細胞 세포 さいぼう,N1
명사,noun,採用,さいよう,채용,,,,採用 채용 さいよう,N1
명사,noun,最良,さいりょう,최선,,,,最良 최선 さいりょう,N1
명사,noun,詐欺,さぎ,사기,,,,詐欺 사기 さぎ,N1
명사,noun,削減,さくげん,삭감,,,,削減 삭감 さくげん,N1
명사,noun,錯誤,さくご,착오,,,,錯誤 착오 さくご,N1
명사,noun,搾取,さくしゅ,착취,,,,搾取 착취 さくしゅ,N1
명사,noun,挿絵,さしえ,삽화,,,,挿絵 삽화 さしえ,N1
명사,noun,指図,さしず,지시,,,"{""year"": ""2017""}",指図 2017 지시 さしず,N1
명사,noun,差し引き,さしひき,차감,,,,差し引き 차감 さしひき,N1
명사,noun,座談会,ざだんかい,좌담회,,,,座談会 좌담회 ざだんかい,N1
명사,noun,錯覚,さっかく,착각,,,"{""year"": ""2015""}",錯覚 2015 착각 さっかく,N1
명사,noun,殺菌,さっきん,살균,,,"{""year"": ""2017""}",殺菌 2017 살균 さっきん,N1
명사,noun,察知,さっち,알아차림,,,"{""year"": ""2012""}",察知 2012 알아차림 さっち,N1
명사,noun,殺到,さっとう,"쇄도, 일시에 밀려듦",,,"{""year"": ""2015""}","殺到 2015 쇄도, 일시에 밀려듦 さっとう",N1
명사,noun,雑踏,ざっとう,"혼잡, 붐빔",,,"{""year"": ""2013""}","雑踏 2013 혼잡, 붐빔 ざっとう",N1
명사,noun,座標,ざひょう,좌표,,,,座標 좌표 ざひょう,N1
명사,noun,作用,さよう,작용,,,,作用 작용 さよう,N1
명사,noun,山岳,さんがく,산악,,,,山岳 산악 さんがく,N1
명사,noun,残金,ざんきん,잔금,,,,残金 잔금 ざんきん,N1
명사,noun,惨事,さんじ,참사,,,,惨事 참사 さんじ,N1
명사,noun,算出,さんしゅつ,산출,,,,算出 산출 さんしゅつ,N1
명사,noun,参照,さんしょう,참조,,,"{""year"": ""2016""}",参照 2016 참조 さんしょう,N1
명사,noun,残高,ざんだか,잔고,,,,残高 잔고 ざんだか,N1
명사,noun,産物,さんぶつ,산물,,,,産物 산물 さんぶつ,N1
명사,noun,酸味,さんみ,"산미, 산맛",,,,"酸味 산미, 산맛 さんみ",N1
명사,noun,山脈,さんみゃく,산맥,,,,山脈 산맥 さんみゃく,N1
명사,noun,仕上げ,しあげ,마무리,,,,仕上げ 마무리 しあげ,N1
명사,noun,支援,しえん,지원,,,"{""year"": ""2013""}",支援 2013 지원 しえん,N1
명사,noun,歯科,しか,치과,,,,歯科 치과 しか,N1
명사,noun,視覚,しかく,시각,,,,視覚 시각 しかく,N1
명사,noun,資格,しかく,자격,,,,資格 자격 しかく,N1
명사,noun,仕掛け,しかけ,"장치, 구조",,,,"仕掛け 장치, 구조 しかけ",N1
명사,noun,指揮,しき,지휘,,,,指揮 지휘 しき,N1
명사,noun,磁気,じき,"자기, 자력",,,,"磁気 자기, 자력 じき",N1
명사,noun,色彩,しきさい,색채,,,,色彩 색채 しきさい,N1
명사,noun,しきたり,しきたり,관례,,,,しきたり 관례,N1
명사,noun,資金,しきん,자금,,,,資金 자금 しきん,N1
명사,noun,しぐさ,しぐさ,행동,,,,しぐさ 행동,N1
명사,noun,仕組み,しくみ,"구조, 장치, 기구",,,"{""year"": ""2013""}","仕組み 2013 구조, 장치, 기구 しくみ",N1
명사,noun,施行,しこう,"시행, 실시",,,,"施行 시행, 실시 しこう",N1
명사,noun,試行,しこう,"시행, 시험적으로 행함",,,,"試行 시행, 시험적으로 행함 しこう",N1
명사,noun,志向,しこう,지향,,,,志向 지향 しこう,N1
명사,noun,事項,じこう,사항,,,,事項 사항 じこう,N1
명사,noun,自業自得,じごうじとく,자업자득,,,,自業自得 자업자득 じごうじとく,N1
명사,noun,嗜好品,しこうひん,기호품,,,,嗜好品 기호품 しこうひん,N1
명사,noun,示唆,しさ,"시사, 암시, 귀띔",,,,"示唆 시사, 암시, 귀띔 しさ",N1
명사,noun,自在,じざ이,"자재, 자유자재",,,,"自在 자재, 자유자재 じざい",N1
명사,noun,思索,しさく,사색,,,,思索 사색 しさく,N1
명사,noun,視察,しさつ,시찰,,,,視察 시찰 しさつ,N1
명사,noun,資産,しさん,자산,,,,資産 자산 しさん,N1
명사,noun,資質,ししつ,"자질, 천성",,,,"資質 자질, 천성 ししつ",N1
명사,noun,刺繍,ししゅう,"자수, 수를 놓은 것",,,,"刺繍 자수, 수를 놓은 것 ししゅう",N1
명사,noun,支障,ししょう,지장,,,"{""year"": ""2013""}",支障 2013 지장 ししょう,N1
명사,noun,辞職,じしょく,사직,,,,辞職 사직 じしょく,N1
명사,noun,施設,しせつ,시설,,,,施設 시설 しせつ,N1
명사,noun,視線,しせん,시선,,,,視선 시선 しせん,N1
명사,noun,自尊心,じそんしん,자존심,,,"{""year"": ""2016""}",自尊心 2016 자존심 じそんしん,N1
명사,noun,自他,じた,"자타, 자신과 남",,,,"自他 자타, 자신과 남 じた",N1
명사,noun,事態,じたい,사태,,,,事態 사태 じたい,N1
명사,noun,下心,したごころ,"속마음, 본심",,,,"下心 속마음, 본심 したごころ",N1
명사,noun,下地,したじ,"소질, 소양",,,,"下地 소질, 소양 したじ",N1
명사,noun,下調べ,したしらべ,예비 조사,,,,下調べ 예비 조사 したしらべ,N1
명사,noun,下取り,したどり,"보상 회수, 보상 판매",,,,"下取り 보상 회수, 보상 판매 したどり",N1
명사,noun,下火,したび,기세가 약해짐,,,,下火 기세가 약해짐 したび,N1
명사,noun,失格,しっかく,실격,,,,失格 실격 しっかく,N1
명사,noun,質疑,しつぎ,질의,,,,質疑 질의 しつぎ,N1
명사,noun,失脚,しっきゃく,실각,,,,失脚 실각 しっきゃく,N1
명사,noun,しつけ,しつけ,예의범절,,,,しつけ 예의범절,N1
명사,noun,実質,じっしつ,실질,,,,実質 실질 じっしつ,N1
명사,noun,実情,じつじょう,실정,,,"{""year"": ""2011""}",実情 2011 실정 じつじょう,N1
명사,noun,実践,じっせん,실천,,,,実践 실천 じっせん,N1
명사,noun,実態,じったい,실태,,,,実態 실태 じったい,N1
명사,noun,嫉妬,しっと,질투,,,,嫉妬 질투 しっと,N1
명사,noun,実費,じっぴ,"실비, 실제 비용",,,,"実費 실비, 실제 비용 じっぴ",N1
명사,noun,疾病,しっぺい,질병,,,,疾病 질병 しっぺい,N1
명사,noun,視点,してん,시점,,,,視点 시점 してん,N1
명사,noun,品揃え,しなぞろえ,"구색 갖추기, 여러 종류의 상품을 준비함",,,,"品揃え 구색 갖추기, 여러 종류의 상품을 준비함 しなぞろえ",N1
명사,noun,辞任,じにん,사임,,,"{""year"": ""2015""}",辞任 2015 사임 じにん,N1
명사,noun,地主,じぬし,"지주, 땅주인",,,,"地主 지주, 땅주인 じぬし",N1
명사,noun,司法,しほう,사법,,,,司法 사법 しほう,N1
명사,noun,志望,しぼう,지망,,,,志望 지망 しぼう,N1
명사,noun,脂肪,しぼう,지방,,,,脂肪 지방 しぼ우,N1
명사,noun,始末,しまつ,"경위, 자초지종, 전말",,,,"始末 경위, 자초지종, 전말 しまつ",N1
명사,noun,始末書,しまつしょ,시말서,,,,始末書 시말서 しまつしょ,N1
명사,noun,使命,しめい,사명,,,,使命 사명 しめい,N1
명사,noun,釈明,しゃくめい,해명,,,"{""year"": ""2011""}",釈明 2011 해명 しゃくめい,N1
명사,noun,社交,しゃこう,사교,,,,社交 사교 しゃこう,N1
명사,noun,謝罪,しゃざい,사죄,,,,謝罪 사죄 しゃざい,N1
명사,noun,謝絶,しゃぜつ,사절,,,,謝絶 사절 しゃぜつ,N1
명사,noun,斜面,しゃめん,경사면,,,,斜面 경사면 しゃめん,N1
명사,noun,収益,しゅうえき,수익,,,,収益 수익 しゅうえき,N1
명사,noun,就業,しゅうぎょう,취업,,,,就業 취업 しゅうぎょう,N1
명사,noun,従業員,じゅうぎょういん,종업원,,,,従業員 종업원 じゅうぎょういん,N1
명사,noun,襲撃,しゅうげき,습격,,,,襲撃 습격 しゅうげき,N1
명사,noun,収支,しゅうし,"수지, 수입과 지출",,,,"収支 수지, 수입과 지출 しゅうし",N1
명사,noun,従事,じゅうじ,종사,,,"{""year"": ""2019""}",従事 2019 종사 じゅうじ,N1
명사,noun,充実,じゅうじつ,충실,,,,充実 충실 じゅうじつ,N1
명사,noun,収集,しゅうしゅう,수집,,,,収集 수집 しゅうしゅう,N1
명사,noun,従順,じゅうじゅん,순종,,,,従順 순종 じゅうじゅん,N1
명사,noun,修飾,しゅうしょく,수식,,,,修飾 수식 しゅうしょく,N1
명사,noun,習性,しゅうせい,습성,,,,習性 습성 しゅうせい,N1
명사,noun,執着,しゅうちゃく,집착,,,"{""note"": ""しゅうじゃく으로도 읽음""}",執着 집착(しゅうじゃく으로도 읽음) しゅうちゃく,N1
명사,noun,修復,しゅうふく,"수복, 복원",,,"{""year"": ""2011""}","修復 2011 수복, 복원 しゅうふく",N1
명사,noun,重複,じゅうふく,중복,,,"{""year"": ""2017"", ""note"": ""ちょうふく으로도 읽음""}",重複 2017 중복(ちょうふく으로도 읽음) じゅうふく,N1
명사,noun,充満,じゅうまん,"충만, 가득함",,,,"充満 충만, 가득함 じゅうまん",N1
명사,noun,収容,しゅうよう,수용,,,,収容 수용 しゅうよう,N1
명사,noun,従来,じゅうらい,"종래, 종전",,,"{""year"": ""2013""}","従来 2013 종래, 종전 じゅうらい",N1
명사,noun,収録,しゅうろく,수록,,,,収録 수록 しゅうろく,N1
명사,noun,守衛,しゅえい,수위,,,,守衛 수위 しゅえい,N1
명사,noun,修行,しゅぎょう,수행,,,,修行 수행 しゅぎょう,N1
명사,noun,塾,じゅく,학원,,,,塾 학원 じゅく,N1
명사,noun,宿命,しゅくめい,숙명,,,,宿命 숙명 しゅくめい,N1
명사,noun,主催,しゅさい,주최,,,,主催 주최 しゅさい,N1
명사,noun,趣旨,しゅし,취지,,,"{""year"": ""2013""}",趣旨 2013 취지 しゅし,N1
명사,noun,種々,しゅじゅ,"여러 가지, 각종",,,,"種々 여러 가지, 각종 しゅじゅ",N1
명사,noun,受賞,じゅしょう,"수상, 상을 받음",,,,"受賞 수상, 상을 받음 じゅしょう",N1
명사,noun,主題,しゅだい,주제,,,,主題 주제 しゅだい,N1
명사,noun,出演,しゅつえん,출연,,,,出演 출연 しゅつえん,N1
명사,noun,出資,しゅっし,출자,,,,出資 출자 しゅっし,N1
명사,noun,出費,しゅっぴ,"지출, 비용",,,,"出費 지출, 비용 しゅっぴ",N1
명사,noun,出没,しゅつぼつ,출몰,,,,出没 출몰 しゅつぼつ,N1
명사,noun,主導権,しゅどうけん,주도권,,,,主導権 주도권 しゅどうけん,N1
명사,noun,首脳,しゅのう,수뇌,,,,首脳 수뇌 しゅのう,N1
명사,noun,樹木,じゅもく,수목,,,"{""year"": ""2016""}",樹木 2016 수목 じゅもく,N1
명사,noun,樹立,じゅりつ,"수립, 확립",,,,"樹立 수립, 확립 じゅりつ",N1
명사,noun,主力,しゅりょく,주력,,,,主力 주력 しゅりょく,N1
명사,noun,手腕,しゅわん,수완,,,,手腕 수완 しゅわん,N1
명사,noun,循環,じゅんかん,순환,,,,循環 순환 じゅんかん,N1
명사,noun,順応,じゅんおう,순응,,,,順応 순응 じゅんおう,N1
명사,noun,瞬発力,しゅんぱつりょく,순발력,,,,瞬発力 순발력 しゅんぱつりょく,N1
명사,noun,仕様,しよう,① 방법 ② 사양(기계 등의 구조),,,,仕様 ① 방법 ② 사양(기계 등의 구조) しよう,N1
명사,noun,浄化,じょうか,정화,,,,浄化 정화 じょうか,N1
명사,noun,生涯,しょうがい,"생애, 평생",,,,"生涯 생애, 평생 しょうがい",N1
명사,noun,消去,しょうきょ,소거,,,,消去 소거 しょうきょ,N1
명사,noun,情景,じょうけい,"정경, 광경",,,,"情景 정경, 광경 じょうけい",N1
명사,noun,衝撃,しょうげき,충격,,,,衝撃 충격 しょうげき,N1
명사,noun,証言,しょうげん,증언,,,,証言 증언 しょうげん,N1
명사,noun,証拠,しょうこ,증거,,,"{""year"": ""2013""}",証拠 2013 증거 しょうこ,N1
명사,noun,照合,しょうごう,"조회, 어떤 사항이나 내용이 맞는지 알아봄",,,,"照合 조회, 어떤 사항이나 내용이 맞는지 알아봄 しょうごう",N1
명사,noun,昇進,しょうしん,승진,,,"{""year"": ""2017""}",昇進 2017 승진 しょうしん,N1
명사,noun,情勢,じょうせい,정세,,,,情勢 정세 じょうせい,N1
명사,noun,上層,じょうそう,"상층, 상층부",,,,"上層 상층, 상층부 じょうそう",N1
명사,noun,消息,しょうそく,"소식, 연락, 편지",,,,"消息 소식, 연락, 편지 しょうそく",N1
명사,noun,正体,しょうたい,정체,,,,正体 정체 しょうたい,N1
명사,noun,承諾,しょうだく,승낙,,,"{""year"": ""2015""}",承諾 2015 승낙 しょうだく,N1
명사,noun,情緒,じょうちょ,정서,,,"{""note"": ""じょうしょ로도 읽음""}",情緒 정서(じょうしょ로도 읽음) じょうちょ,N1
명사,noun,情熱,じょうねつ,정열,,,,情熱 정열 じょうねつ,N1
명사,noun,譲歩,じょうほ,양보,,,,譲歩 양보 じょうほ,N1
명사,noun,照明,しょうめい,조명,,,,照明 조명 しょうめい,N1
명사,noun,条約,じょうやく,조약,,,,条約 조약 じょうやく,N1
명사,noun,奨励,しょうれい,장려,,,,奨励 장려 しょうれい,N1
명사,noun,除外,じょがい,제외,,,,除外 제외 じょがい,N1
명사,noun,職員,しょくいん,직원,,,,職員 직원 しょくいん,N1
명사,noun,触発,しょく하つ,"촉발, 자극을 줌",,,"{""year"": ""2012""}","触発 2012 촉발, 자극을 줌 しょくはつ",N1
명사,noun,職務,しょくむ,직무,,,,職務 직무 しょくむ,N1
명사,noun,諸君,しょくん,"제군, 여러분",,,,"諸君 제군, 여러분 しょくん",N1
명사,noun,徐行,じょこう,서행,,,,徐行 서행 じょこう,N1
명사,noun,所在,しょざい,소재,,,,所在 소재 しょざい,N1
명사,noun,所持,しょじ,소지,,,,所持 소지 しょじ,N1
명사,noun,所属,しょぞく,소속,,,,所属 소속 しょぞく,N1
명사,noun,処置,しょち,"처치, 조치",,,"{""year"": ""2013""}","処置 2013 처치, 조치 しょち",N1
명사,noun,処罰,しょばつ,처벌,,,,処罰 처벌 しょばつ,N1
명사,noun,処分,しょぶん,처분,,,,処分 처분 しょぶん,N1
명사,noun,庶民,しょみん,서민,,,,庶民 서민 しょみん,N1
명사,noun,指令,しれい,지령,,,,指令 지령 しれい,N1
명사,noun,仕業,しわざ,"소행, 짓",,,"{""year"": ""2012""}","仕業 2012 소행, 짓 しわざ",N1
명사,noun,人員,じんいん,인원,,,,人員 인원 じんいん,N1
명사,noun,人格,じんかく,인격,,,,人格 인격 じんかく,N1
명사,noun,新型,しんがた,신형,,,,新型 신형 しん가た,N1
명사,noun,審議,しんぎ,심의,,,,審議 심의 しんぎ,N1
명사,noun,人権,じんけん,인권,,,,人権 인권 じんけん,N1
명사,noun,振興,しんこう,"진흥, 번성",,,,"振興 진흥, 번성 しんこう",N1
명사,noun,新婚,しんこん,신혼,,,,新婚 신혼 しんこん,N1
명사,noun,審査,신사,심사,,,,審査 심사 しんさ,N1
명사,noun,真珠,しんじゅ,진주,,,,真珠 진주 しんじゅ,N1
명사,noun,伸縮,しんしゅく,"신축, 늘리고 줄임",,,,"伸縮 신축, 늘리고 줄임 しんしゅく",N1
명사,noun,心情,しんじょう,심정,,,,心情 심정 しんじょう,N1
명사,noun,親善,しんぜん,"친선, 사이가 좋게 함",,,,"親善 친선, 사이가 좋게 함 しんぜん",N1
명사,noun,深層,しんそう,심층,,,,深層 심층 しんそう,N1
명사,noun,真相,しんそう,진상,,,,真相 진상 しんそう,N1
명사,noun,新築,しんちく,"신축, 새로 지음",,,,"新築 신축, 새로 지음 しんちく",N1
명사,noun,進呈,しんてい,"증정, 드림",,,,"進呈 증정, 드림 しんてい",N1
명사,noun,進展,しんてん,진전,,,,進展 진전 しんてん,N1
명사,noun,振動,しんどう,진동,,,,振動 진동 しんどう,N1
명사,noun,信任,しんにん,신임,,,,信任 신임 しんにん,N1
명사,noun,神秘,しんぴ,신비,,,,神秘 신비 しんぴ,N1
명사,noun,辛抱,しんぼう,"인내, 참음",,,,"辛抱 인내, 참음 しんぼう",N1
명사,noun,侵略,しんりゃく,침략,,,,侵略 침략 しんりゃく,N1
명사,noun,診療,しんりょう,진료,,,,診療 진료 しんりょう,N1
명사,noun,進路,しんろ,진로,,,,進路 진로 しんろ,N1
명사,noun,神話,しんわ,신화,,,,神話 신화 しんわ,N1
명사,noun,親和,しんわ,"친화, 사이좋게 잘 어울림",,,,"親和 친화, 사이좋게 잘 어울림 しんわ",N1
명사,noun,推移,すいい,추이,,,"{""year"": ""2019""}",推移 2019 추이 すいい,N1
명사,noun,水源,すいげん,수원,,,,水源 수원 すいげん,N1
명사,noun,遂行,すいこう,"수행, 완수",,,"{""year"": ""2014""}","遂行 2014 수행, 완수 すいこう",N1
명사,noun,推進,すいしん,추진,,,,推進 추진 すいしん,N1
명사,noun,吹奏,すいそう,"취주, 관악기 연주",,,,"吹奏 취주, 관악기 연주 すいそう",N1
명사,noun,推測,すいそく,추측,,,,推測 추측 すいそく,N1
명사,noun,衰退,すいたい,쇠퇴,,,,衰退 쇠퇴 すいたい,N1
명사,noun,水田,すいでん,논,,,,水田 논 すいでん,N1
명사,noun,推理,すいり,추리,,,"{""year"": ""2010""}",推理 2010 추리 すいり,N1
명사,noun,数値,すうち,수치,,,,数値 수치 すうち,N1
명사,noun,崇拝,すうはい,숭배,,,,崇拝 숭배 すうはい,N1
명사,noun,ずぶ濡れ,ずぶぬれ,흠뻑 젖음,,,,ずぶ濡れ 흠뻑 젖음 ずぶぬれ,N1
명사,noun,術,すべ,"방법, 수단",,,"{""year"": ""2013""}","術 2013 방법, 수단 すべ",N1
명사,noun,ずれ,ずれ,어긋남,,,,ずれ 어긋남,N1
명사,noun,擦れ違い,すれちがい,"스쳐 지나감, 엇갈림",,,,"擦れ違い 스쳐 지나감, 엇갈림 すれちがい",N1
명사,noun,寸前,すんぜん,직전,,,,寸前 직전 すんぜん,N1
명사,noun,誠意,せいい,성의,,,,誠意 성의 せいい,N1
명사,noun,生育,せいいく,"생육, 생물이 나서 자람",,,,"生育 생육, 생물이 나서 자람 せいいく",N1
명사,noun,精鋭,せいえい,"정예, 선택된 소수의 인재",,,,"精鋭 정예, 선택된 소수의 인재 せいえい",N1
명사,noun,正規,せいき,정규,,,,正規 정규 せいき,N1
명사,noun,制裁,せいさい,제재,,,,制裁 제재 せいさい,N1
명사,noun,政策,せいさく,정책,,,,政策 정책 せいさく,N1
명사,noun,精算,せいさん,정산,,,"{""year"": ""2018""}",精算 2018 정산 せいさん,N1
명사,noun,生死,せいし,"생사, 삶과 죽음",,,,"生死 생사, 삶과 죽음 せいし",N1
명사,noun,成熟,せいじゅく,성숙,,,,成熟 성숙 せいじゅく,N1
명사,noun,盛装,せいそう,"성장, 화려하게 단장함",,,,"盛装 성장, 화려하게 단장함 せいそう",N1
명사,noun,生息,せいそく,"생식, 서식, 생존",,,,"生息 생식, 서식, 생존 せいそく",N1
명사,noun,制定,せいてい,제정,,,,制定 제정 せいてい,N1
명사,noun,征服,せいふく,"정복, 무력으로 복종시킴, 어려움을 이겨냄",,,,"征服 정복, 무력으로 복종시킴, 어려움을 이겨냄 せいふく",N1
명사,noun,税率,ぜいりつ,세율,,,,税率 세율 ぜいりつ,N1
명사,noun,勢力,せいりょく,세력,,,,勢力 세력 せいりょく,N1
명사,noun,責務,せきむ,"책무, 책임과 의무",,,,"責務 책무, 책임과 의무 せきむ",N1
명사,noun,世間知らず,せけんしらず,"세상 물정에 어두움, 철부지",,,,"世間知らず 세상 물정에 어두움, 철부지 せけんしらず",N1
명사,noun,世間体,せけんてい,"세상에 대한 체면, 이목, 평판",,,,"世間体 세상에 대한 체면, 이목, 평판 せけんてい",N1
명사,noun,世間話,せけんばなし,"세상 이야기, 잡담",,,,"世間話 세상 이야기, 잡담 せけんばなし",N1
명사,noun,是正,ぜせい,"시정, 잘못된 것을 바로 잡음",,,,"是正 시정, 잘못된 것을 바로 잡음 ぜせい",N1
명사,noun,世相,せそう,"세상, 세태",,,,"世相 세상, 세태 せそう",N1
명사,noun,世帯,せたい,"세대, 가구(가족의 단위)",,,,"世帯 세대, 가구(가족의 단위) せたい",N1
명사,noun,接触,せっしょく,접촉,,,,接触 접촉 せっしょく,N1
명사,noun,折衷,せっちゅう,"절충, 여러 의견을 알맞게 조합해 정리함",,,,"折衷 절충, 여러 의견을 알맞게 조합해 정리함 せっちゅう",N1
명사,noun,切望,せつぼう,"절망, 간절히 바람",,,,"切望 절망, 간절히 바람 せつぼう",N1
명사,noun,絶望,ぜつぼう,"절망, 좌절감",,,,"絶望 절망, 좌절감 ぜつぼう",N1
명사,noun,世論,せろん,여론,,,"{""note"": ""ぜろん, よろん으로도 읽음""}","世論 여론(ぜろん, よろん으로도 읽음) せろん",N1
명사,noun,善悪,ぜんあく,선악,,,,善悪 선악 ぜんあく,N1
명사,noun,繊維,せんい,섬유,,,,繊維 섬유 せんい,N1
명사,noun,宣言,せんげん,선언,,,,宣言 선언 せんげん,N1
명사,noun,選考,せんこう,"전형, 능력이나 자질 등을 고려해 적임자를 뽑는 것",,,,"選考 전형, 능력이나 자질 등을 고려해 적임자를 뽑는 것 せんこう",N1
명사,noun,戦災,せんさい,"전재, 전쟁으로 인한 재앙",,,,"戦災 전재, 전쟁으로 인한 재앙 せんさい",N1
명사,noun,全集,ぜんしゅう,전집,,,,全集 전집 ぜんしゅう,N1
명사,noun,選出,せんしゅつ,선출,,,,選出 선출 せんしゅつ,N1
명사,noun,戦術,せんじゅつ,전술,,,,戦術 전술 せんじゅつ,N1
명사,noun,前提,ぜんてい,전제,,,,前提 전제 ぜんてい,N1
명사,noun,戦闘,せんとう,전투,,,,戦闘 전투 せんとう,N1
명사,noun,潜入,せんにゅう,잠입,,,,潜入 잠입 せんにゅう,N1
명사,noun,船舶,せんぱく,선박,,,,船舶 선박 せんぱく,N1
명사,noun,先方,せんぽう,상대방,,,"{""year"": ""2012""}",先方 2012 상대방 せんぽう,N1
명사,noun,全滅,ぜんめつ,전멸,,,,全滅 전멸 ぜんめつ,N1
명사,noun,占領,せんりょう,점령,,,,占領 점령 せんりょう,N1
명사,noun,憎悪,ぞうお,증오,,,,憎悪 증오 ぞうお,N1
명사,noun,相応,そうおう,"상응, 알맞음",,,,"相応 상응, 알맞음 そうおう",N1
명사,noun,総額,そうがく,총액,,,"{""year"": ""2018""}",総額 2018 총액 そうがく,N1
명사,noun,増強,ぞうきょう,"증강, 수나 양을 늘려 더 강하게 함",,,,増強 증강 ぞうきょう,N1
명사,noun,走行,そうこう,주행,,,,走行 주행 そうこう,N1
명사,noun,喪失,そうしつ,상실,,,,喪失 상실 そうしつ,N1
명사,noun,操縦,そうじゅう,"조종, 생각대로 부려 움직임",,,,"操縦 조종, 생각대로 부려 움직임 そうじゅう",N1
명사,noun,装飾,そうしょく,장식,,,,装飾 장식 そうしょく,N1
명사,noun,増進,ぞうしん,"증진, 기운이나 세력이 점점 늘어남",,,,増進 증진 ぞうしん,N1
명사,noun,遭難,そうなん,"조난, 등산이나 항해 중 재난을 만남",,,,遭難 조난 ぞうなん,N1
명사,noun,相場,そうば,"시가, 시장에서 상품이 거래되는 가격",,,"{""year"": ""2016""}",相場 2016 시가 そうば,N1
명사,noun,装備,そうび,장비,,,,装備 장비 そうび,N1
명사,noun,双方,そうほう,쌍방,,,,双方 쌍방 そうほう,N1
명사,noun,促進,そくしん,촉진,,,,促進 촉진 そくしん,N1
명사,noun,束縛,そくばく,"속박, 한데 묶음, 구속",,,,"束縛 속박, 한데 묶음, 구속 そくばく",N1
명사,noun,側面,そくめん,측면,,,,側面 측면 そくめん,N1
명사,noun,素材,そざい,소재,,,"{""year"": ""2019""}",素材 2019 소재 そざい,N1
명사,noun,阻止,そし,저지,,,,阻止 저지 そし,N1
명사,noun,訴訟,そしょう,소송,,,,訴訟 소송 そしょう,N1
명사,noun,措置,そち,"조치, 대책",,,,"措置 조치, 대책 そち",N1
명사,noun,率先,そっせん,솔선,,,,率先 솔선 そっせん,N1
명사,noun,そっぽ,そっぽ,다른 쪽,,,,そっぽ 다른 쪽,N1
명사,noun,素養,そよう,소양,,,,素養 소양 そよう,N1
명사,noun,尊厳,そんげん,존엄,,,,尊厳 존엄 そんげん,N1
명사,noun,損失,そんしつ,손실,,,,損失 손실 そんしつ,N1
명사,noun,存続,そんぞく,존속,,,,存続 존속 そんぞく,N1
명사,noun,隊員,たいいん,대원,,,,隊員 대원 たいいん,N1
명사,noun,対応,たいおう,대응,,,,対応 대응 たいおう,N1
명사,noun,大家,たいか,"대가, 권위자",,,,"大家 대가, 권위자 たいか",N1
명사,noun,退化,たいか,퇴화,,,,退化 퇴화 たいか,N1
명사,noun,大金,たいきん,"거금, 큰 돈",,,,"大金 거금, 큰 돈 たいきん",N1
명사,noun,待遇,たいぐう,대우,,,,待遇 대우 たいぐう,N1
명사,noun,体験,たいけん,체험,,,,体験 체험 たいけん,N1
명사,noun,対抗,たいこう,대항,,,,対抗 대항 たいこう,N1
명사,noun,代行,だいこう,대행,,,,代行 대행 だいこう,N1
명사,noun,退治,たいじ,퇴치,,,,退治 퇴치 たいじ,N1
명사,noun,大衆,たいしゅう,대중,,,,大衆 대중 たいしゅう,N1
명사,noun,対処,たいしょ,대처,,,,対処 대처 たいしょ,N1
명사,noun,態勢,たいせい,태세,,,,態勢 태세 たいせい,N1
명사,noun,大地,だいち,대지,,,,大地 대지 だいち,N1
명사,noun,体調,たいちょう,"컨디션, 몸 상태",,,,"体調 컨디션, 몸 상태 たいちょう",N1
명사,noun,台無し,だいなし,"엉망이 됨, 형편없음",,,,"台無し 엉망이 됨, 형편없음 だいなし",N1
명사,noun,滞納,たいのう,체납,,,,滞納 체납 たいのう,N1
명사,noun,待望,たいぼう,대망,,,,待望 대망 たいぼう,N1
명사,noun,台本,だいほん,대본,,,,台本 대본 だいほん,N1
명사,noun,怠慢,たいまん,태만,,,,怠慢 태만 たいまん,N1
명사,noun,対面,たいめん,대면,,,,対面 대면 たいめん,N1
명사,noun,大役,たいやく,"중임, 큰 역할",,,,"大役 중임, 큰 역할 たいやく",N1
명사,noun,太陽光,たいようこう,태양광,,,,太陽光 태양광 たいようこう,N1
명사,noun,打開,だかい,타개,,,"{""year"": ""2013""}",打開 2013 타개 だかい,N1
명사,noun,宝くじ,たからくじ,복권,,,,宝くじ 복권 たからくじ,N1
명사,noun,妥協,だきょう,타협,,,"{""year"": ""2012""}",妥協 2012 타협 だきょう,N1
명사,noun,類,たぐい,"같은 종류의 것, 등류",,,,"類 같은 종류의 것, 등류 たぐい",N1
명사,noun,打撃,だげき,타격,,,,打撃 타격 だげき,N1
명사,noun,妥結,だけつ,타결,,,,妥結 타결 だけつ,N1
명사,noun,駄作,ださく,"졸작, 시시한 작품",,,,"駄作 졸작, 시시한 작품 ださく",N1
명사,noun,多数決,たすうけつ,다수결,,,,多数決 다수결 たすうけつ,N1
명사,noun,脱出,だっしゅつ,탈출,,,,脱出 탈출 だっしゅつ,N1
명사,noun,達成,たっせい,달성,,,,達成 달성 たっせい,N1
명사,noun,脱退,だったい,탈퇴,,,,脱退 탈퇴 だったい,N1
명사,noun,建前,たてまえ,"표면상의 방침, 원칙",,,,"建前 (표면상의) 방침, 원칙 たてまえ",N1
명사,noun,魂,たましい,영혼,,,,魂 영혼 たましい,N1
명사,noun,堕落,だらく,타락,,,,堕落 타락 だらく,N1
명사,noun,単価,たんか,"단가, 개당 가격",,,,"単価 단가, 개당 가격 たんか",N1
명사,noun,探検,たんけん,탐험,,,,探検 탐험 たんけん,N1
명사,noun,断言,だんげん,단언,,,,断言 단언 だんげん,N1
명사,noun,短縮,たんしゅく,단축,,,,短縮 단축 たんしゅく,N1
명사,noun,単身,たんしん,단신,,,,単身 단신 たんしん,N1
명사,noun,探知,たんち,"탐지, 찾아 알아냄",,,,"探知 탐지, 찾아 알아냄 たんち",N1
명사,noun,単独,たんどく,단독,,,,単独 단독 たんどく,N1
명사,noun,断念,だんねん,단념,,,"{""year"": ""2012""}",断念 2012 단념 だんねん,N1
명사,noun,たんぱく質,たんぱくしつ,단백질,,,,たんぱく質 단백질,N1
명사,noun,弾力,だんりょく,탄력,,,,弾力 탄력 だんりょく,N1
명사,noun,蓄積,ちくせき,축적,,,,蓄積 축적 ちくせき,N1
명사,noun,地中,ちちゅう,"지하, 땅속",,,,"地中 지하, 땅속 ちちゅう",N1
명사,noun,秩序,ちつじょ,질서,,,,秩序 질서 ちつじょ,N1
명사,noun,窒息,ちっそく,질식,,,,窒息 질식 ちっそく,N1
명사,noun,着手,ちゃくしゅ,착수,,,,着手 착수 ちゃくしゅ,N1
명사,noun,着目,ちゃくもく,"착목, 착안, 주목",,,,"着目 착목, 착안, 주목 ちゃくもく",N1
명사,noun,宙返り,ちゅうがえり,"공중 회전, 공중제비",,,,"宙返り 공중 회전, 공중제비 ちゅうがえり",N1
명사,noun,忠告,ちゅうこく,충고,,,,忠告 충고 ちゅうこく,N1
명사,noun,抽出,ちゅうしゅつ,"추출, 뽑아냄",,,,"抽出 추출, 뽑아냄 ちゅうしゅつ",N1
명사,noun,中傷,ちゅうしょう,"중상, 비방, 모략",,,,"中傷 중상, 비방, 모략 ちゅうしょう",N1
명사,noun,中枢,ちゅうすう,"중추, 중심",,,"{""year"": ""2014""}","中枢 2014 중추, 중심 ちゅうすう",N1
명사,noun,抽選,ちゅうせん,추첨,,,"{""year"": ""2016""}",抽選 2016 추첨 ちゅうせん,N1
명사,noun,中毒,ちゅう독,중독,,,,中毒 중독 ちゅうどく,N1
명사,noun,調印,ちょういん,"조인, 약정서 등에 도장을 찍음",,,,"調印 조인, 약정서 등에 도장을 찍음 ちょういん",N1
명사,noun,聴覚,ちょうかく,청각,,,,聴覚 청각 ちょうかく,N1
명사,noun,長寿,ちょうじゅ,장수,,,,長寿 장수 ちょうじゅ,N1
명사,noun,徴収,ちょうしゅう,징수,,,,徴収 징수 ちょうしゅう,N1
명사,noun,挑戦,ちょうせん,도전,,,,挑戦 도전 ちょうせん,N1
명사,noun,調達,ちょうたつ,조달,,,"{""year"": ""2010""}",調達 2010 조달 ちょうたつ,N1
명사,noun,調停,ちょうてい,"조정, 중재",,,,"調停 조정, 중재 ちょうてい",N1
명사,noun,重宝,ちょうほう,"보물, 소중히 여김",,,"{""year"": ""2011"", ""note"": ""じゅうほう로도 읽음""}","重宝 2011 보물, 소중히 여김(じゅうほう로도 읽음) ちょうほう",N1
명사,noun,調和,ちょうわ,조화,,,,調和 조화 ちょうわ,N1
명사,noun,直面,ちょくめん,직면,,,"{""year"": ""2015""}",直面 2015 직면 ちょくめん,N1
명사,noun,著作権,ちょさくけん,저작권,,,,著作権 저작권 ちょさくけん,N1
명사,noun,貯蓄,ちょちく,저축,,,,貯蓄 저축 ちょちく,N1
명사,noun,直感,ちょっかん,직감,,,,直感 직감 ちょっかん,N1
명사,noun,珍味,ちんみ,"진미, 고귀하고 맛이 좋은 음식",,,,"珍味 진미, 고귀하고 맛이 좋은 음식 ちんみ",N1
명사,noun,沈黙,ちんもく,침묵,,,,沈黙 침묵 ちんもく,N1
명사,noun,陳列,ちんれつ,진열,,,"{""year"": ""2016""}",陳列 2016 진열 ちんれつ,N1
명사,noun,追及,ついきゅう,추궁,,,,追及 추궁 ついきゅう,N1
명사,noun,追跡,ついせき,추적,,,,追跡 추적 ついせき,N1
명사,noun,墜落,ついらく,추락,,,,墜落 추락 ついらく,N1
명사,noun,痛感,つうかん,통감,,,,痛感 통감 つうかん,N1
명사,noun,束の間,つかのま,"잠깐 사이, 짧은 시간",,,"{""year"": ""2018""}","束の間 2018 잠깐 사이, 짧은 시간 つかのま",N1
명사,noun,つじつま,つじつま,"사리, 이치",,,"{""note"": ""つじつまが合う 이치가 맞다""}","つじつま 사리, 이치",N1
명사,noun,都度,つど,"매번, 매회",,,,"都度 매번, 매회 つど",N1
명사,noun,粒状,りゅうじょう,"입자 상태, 알갱이 모양",,,"{""note"": ""りゅうじょう로도 읽음""}","粒状 입자 상태, 알갱이 모양(りゅうじょう로도 읽음) つぶじょう",N1
명사,noun,つぼみ,つぼみ,꽃봉오리,,,,つぼみ 꽃봉오리,N1
명사,noun,露,つゆ,이슬,,,,露 이슬 つゆ,N1
명사,noun,強火,つよび,센 불,,,"{""year"": ""2017""}",強火 2017 센 불 つよび,N1
명사,noun,手当て,てあて,"① 치료, 처치 ② 수당",,,,"手当て ① 치료, 처치 ② 수당 てあて",N1
명사,noun,提供,ていきょう,제공,,,"{""year"": ""2016""}",提供 2016 제공 ていきょう,N1
명사,noun,提携,ていけい,제휴,,,,提携 제휴 ていけい,N1
명사,noun,体裁,ていさい,"체재, 형식",,,,"体裁 체재, 형식 ていさい",N1
명사,noun,提示,ていじ,제시,,,,提示 제시 ていじ,N1
명사,noun,停滞,ていたい,정체,,,,停滞 정체 ていたい,N1
명사,noun,邸宅,ていたく,저택,,,,邸宅 저택 ていたく,N1
명사,noun,手遅れ,ておくれ,"때늦음, 시기를 놓침",,,,"手遅れ 때늦음, 시기를 놓침 ておくれ",N1
명사,noun,手掛かり,てがかり,"실마리, 단서",,,"{""year"": ""2011""}","手掛かり 2011 실마리, 단서 てがかり",N1
명사,noun,出来,でき,"완성, 성과, 결과, 완성도",,,,"出来 완성, 성과, 결과, 완성도 でき",N1
명사,noun,適応,てきおう,적응,,,,適応 적응 てきおう,N1
명사,noun,手際,てぎわ,"솜씨, 수완",,,"{""year"": ""2012""}","手際 2012 솜씨, 수완 てぎわ",N1
명사,noun,手ごたえ,てごたえ,"반응, 보람",,,,"手ごたえ 반응, 보람",N1
명사,noun,手順,てじゅん,"순서, 차례",,,,"手順 순서, 차례 てじゅん",N1
명사,noun,手違い,てちがい,"착오, 차질, 실책",,,,"手違い 착오, 차질, 실책 てちがい",N1
명사,noun,てっぺん,てっぺん,꼭대기,,,,てっぺん 꼭대기,N1
명사,noun,出直し,でなおし,"재출발, 다시 시작함",,,,"出直し 재출발, 다시 시작함 でなおし",N1
명사,noun,手抜き,てぬき,"부실, 날림",,,,"手抜き 부실, 날림 てぬき",N1
명사,noun,手配,てはい,"① 준비, 채비 ② 수배(체포 활동)",,,,"手配 ① 준비, 채비 ② 수배(체포 활동) てはい",N1
명사,noun,手筈,てはず,"준비, 계획",,,,"手筈 준비, 계획 てはず",N1
명사,noun,手引き,てびき,"안내, 안내서",,,,"手引き 안내, 안내서 てびき",N1
명사,noun,手本,てほん,"표본, 모범",,,,"手本 표본, 모범 てほん",N1
명사,noun,手回し,てまわし,① 수동식 ② 준비,,,,手回し ① 수동식 ② 준비 てまわし,N1
명사,noun,手分け,てわけ,분담,,,"{""year"": ""2014""}",手分け 2014 분담 てわけ,N1
명사,noun,田園,でんえん,전원(시골),,,,田園 전원(시골) でんえん,N1
명사,noun,転換,てんかん,전환,,,,転換 전환 てんかん,N1
명사,noun,転居,てんきょ,이사,,,,転居 이사 てんきょ,N1
명사,noun,点検,てんけん,점검,,,"{""year"": ""2019""}",点検 2019 점검 てんけん,N1
명사,noun,転校,てんこう,전학,,,,転校 전학 てんこう,N1
명사,noun,天災,てんさい,"천재, 자연의 변화로 일어나는 재난",,,,"天災 천재, 자연의 변화로 일어나는 재난 てんさい",N1
명사,noun,伝承,でんしょう,"전승, 계승",,,,"伝承 전승, 계승 でんしょう",N1
명사,noun,転職,てんしょく,"전직, 이직",,,,"転職 전직, 이직 てんしょく",N1
명사,noun,転覆,てんぷく,"(열차·배 등의) 전복, 뒤집힘",,,,"転覆 (열차·배 등의) 전복, 뒤집힘 てんぷく",N1
명사,noun,展望,てんぼう,전망,,,,展望 전망 てんぼう,N1
명사,noun,転落,てんらく,전락,,,,転落 전락 てんらく,N1
명사,noun,胴,どう,"몸통, 동체",,,,"胴 몸통, 동체 どう",N1
명사,noun,陶器,とうき,"도기, 도자기",,,,"陶器 도기, 도자기 とうき",N1
명사,noun,討議,とうぎ,토의,,,,討議 토의 とうぎ,N1
명사,noun,動機,どうき,동기,,,,動機 동기 どうき,N1
명사,noun,同級生,どうきゅうせい,동급생,,,,同級生 동급생 どうきゅうせい,N1
명사,noun,当局,とうきょく,당국,,,,当局 당국 とうきょく,N1
명사,noun,統合,とうごう,통합,,,"{""year"": ""2015""}",統合 2015 통합 とうごう,N1
명사,noun,搭載,とうさい,탑재,,,,搭載 탑재 とうさい,N1
명사,noun,倒産,とうさん,도산,,,,倒産 도산 とうさん,N1
명사,noun,投資,とうし,투자,,,,投資 투자 とうし,N1
명사,noun,同士,どうし,"같은 부류, ~끼리",,,,"同士 같은 부류, ~끼리 どうし",N1
명사,noun,踏襲,とうしゅう,"답습, 그대로 계승함",,,"{""year"": ""2012""}","踏襲 2012 답습, 그대로 계승함 とうしゅう",N1
명사,noun,当初,とうしょ,당초,,,,当初 당초 とうしょ,N1
명사,noun,同情,どうじょう,동정,,,"{""year"": ""2019""}",同情 2019 동정 どうじょう,N1
명사,noun,統制,とうせい,통제,,,,統制 통제 とうせい,N1
명사,noun,当選,とうせん,당선,,,,当選 당선 とうせん,N1
명사,noun,同然,どうぜん,"똑같음, 다름없음",,,,"同然 똑같음, 다름없음 どうぜん",N1
명사,noun,闘争,とうそう,투쟁,,,,闘争 투쟁 とうそう,N1
명사,noun,統率,とうそつ,통솔,,,,統率 통솔 とうそつ,N1
명사,noun,到達,とうたつ,도달,,,,到達 도달 とうたつ,N1
명사,noun,統治,とうち,통치,,,,統治 통치 とうち,N1
명사,noun,同調,どうちょう,"동조, 동의",,,,"同調 동조, 동의 どうちょう",N1
명사,noun,同等,どうとう,동등,,,,同等 동등 どうとう,N1
명사,noun,投入,とうにゅう,투입,,,,投入 투입 とうにゅう,N1
명사,noun,導入,どうにゅう,도입,,,,導入 도입 どうにゅう,N1
명사,noun,党派,とうは,당파,,,,党派 당파 とうは,N1
명사,noun,同封,どうふう,동봉,,,,同封 동봉 どうふう,N1
명사,noun,逃亡,とうぼう,도망,,,,逃亡 도망 とうぼう,N1
명사,noun,同盟,どうめい,동맹,,,,同盟 동맹 どうめい,N1
명사,noun,当面,とうめん,당분간,,,"{""year"": ""2012""}",当면 2012 당분간 とうめん,N1
명사,noun,投与,とうよ,투여,,,,投与 투여 とうよ,N1
명사,noun,動揺,どうよう,동요,,,"{""year"": ""2019""}",動揺 2019 동요 どうよう,N1
명사,noun,同類,どうるい,동류,,,,同類 동류 どうるい,N1
명사,noun,特技,とくぎ,특기,,,,特技 특기 とくぎ,N1
명사,noun,独裁,독사이,독재,,,,独裁 독재 どくさい,N1
명사,noun,特設,とくせつ,특설,,,,特設 특설 とくせつ,N1
명사,noun,独占,どくせん,독점,,,,独占 독점 どくせん,N1
명사,noun,独創性,どくそうせい,독창성,,,,独創性 독창성 どくそうせい,N1
명사,noun,督促,とくそく,독촉,,,"{""year"": ""2014""}",督促 2014 독촉 とくそく,N1
명사,noun,得点,とくてん,득점,,,,得点 득점 とくてん,N1
명사,noun,匿名,とくめい,익명,,,,匿名 익명 とくめい,N1
명사,noun,戸締り,とじまり,문단속,,,,戸締り 문단속 とじまり,N1
명사,noun,土台,どだい,"토대, 기초",,,,"土台 토대, 기초 どだい",N1
명사,noun,特許,とっきょ,특허,,,,特許 특허 とっきょ,N1
명사,noun,特権,とっけん,특권,,,,特権 특권 とっけん,N1
명사,noun,突破,とっぱ,돌파,,,,突破 돌파 とっぱ,N1
명사,noun,土手,どて,"둑, 제방",,,,"土手 둑, 제방 どて",N1
명사,noun,扉,とびら,"문짝, 문",,,,"扉 문짝, 문 とびら",N1
명사,noun,土木,どぼく,"토목, 토목공사",,,,"土木 토목, 토목공사 どぼく",N1
명사,noun,取り返し,とりかえし,"되찾음, 만회",,,,"取り返し 되찾음, 만회 とりかえし",N1
명사,noun,取り締まり,とりしまり,"단속, 감독, 관리",,,,"取り締まり 단속, 감독, 관리 とりしまり",N1
명사,noun,度忘れ,どわすれ,깜빡 잊음,,,,度忘れ 깜빡 잊음 どわすれ,N1
명사,noun,問屋,とんや,"도매상, 도맡아 함",,,,"問屋 도매상, 도맡아 함 とんや",N1
명사,noun,内閣,ないかく,내각,,,,内閣 내각 ないかく,N1
명사,noun,内心,ないしん,"내심, 마음 속",,,,"内心 내심, 마음 속 ないしん",N1
명사,noun,内臓,ないぞう,내장,,,,内臓 내장 ないぞう,N1
명사,noun,苗,なえ,모종,,,,苗 모종 なえ,N1
명사,noun,仲間入り,なかまいり,"동참, 합류",,,,"仲間入り 동참, 합류 なかまいり",N1
명사,noun,仲人,なこうど,중매인,,,,仲人 중매인 なこうど,N1
명사,noun,名残,なごり,"자취, 여운, 여파",,,,"名残 자취, 여운, 여파 なごり",N1
명사,noun,雪崩,나다れ,눈사태,,,,雪崩 눈사태 なだれ,N1
명사,noun,名札,나ふだ,"명찰, 명함",,,,"名札 명찰, 명함 なふだ",N1
명사,noun,怠け者,나마케모노,게으름뱅이,,,,怠け者 게으름뱅이 なまけもの,N1
명사,noun,難,なん,"어려움, 재난, 결점",,,,"難 어려움, 재난, 결점 なん",N1
명사,noun,苦味,にがみ,쓴맛,,,,苦味 쓴맛 にがみ,N1
명사,noun,憎しみ,にくしみ,"미움, 증오",,,,"憎しみ 미움, 증오 にくしみ",N1
명사,noun,肉親,にくしん,육친,,,,肉親 육친 にくしん,N1
명사,noun,偽物,にせもの,"가짜, 위조품",,,,"偽物 가짜, 위조품 にせもの",N1
명사,noun,日夜,にち야,"주야, 밤낮",,,"{""year"": ""2013""}","日夜 2013 주야, 밤낮 にちや",N1
명사,noun,二の次,にのつぎ,"나중 문제, 뒷전",,,,"二の次 나중 문제, 뒷전 にのつぎ",N1
명사,noun,乳児,にゅうじ,"유아, 젖먹이",,,,"乳児 유아, 젖먹이 にゅうじ",N1
명사,noun,認識,にんしき,인식,,,,認識 인식 にんしき,N1
명사,noun,人情,にんじょう,인정,,,,人情 인정 にんじょう,N1
명사,noun,妊娠,にんしん,임신,,,,妊娠 임신 にんしん,N1
명사,noun,忍耐,にんたい,인내,,,"{""year"": ""2016""}",忍耐 2016 인내 にんたい,N1
명사,noun,認知,にんち,인지,,,,認知 인지 にんち,N1
명사,noun,任務,にんむ,임무,,,,任務 임무 にんむ,N1
명사,noun,任命,にんめい,임명,,,,任命 임명 にんめい,N1
명사,noun,沼,ぬま,"늪, 습지",,,,"沼 늪, 습지 ぬま",N1
명사,noun,音色,ねいろ,음색,,,,音色 음색 ねいろ,N1
명사,noun,値打ち,ねうち,"값어치, 가치, 가격",,,,"値打ち 값어치, 가치, 가격 ねうち",N1
명사,noun,熱意,ねつい,열의,,,,熱意 열의 ねつい,N1
명사,noun,熱帯夜,ねったいや,열대야,,,,熱帯夜 열대야 ねったいや,N1
명사,noun,熱湯,ねっとう,"열탕, 끓는 물",,,,"熱湯 열탕, 끓는 물 ねっとう",N1
명사,noun,根回し,ねまわし,"사전 교섭, 밑작업",,,,"根回し 사전 교섭, 밑작업 ねまわし",N1
명사,noun,年鑑,ねんかん,연감,,,,年鑑 연감 ねんかん,N1
명사,noun,念願,ねんがん,염원,,,"{""year"": ""2017""}",念願 2017 염원 ねんがん,N1
명사,noun,年次,ねんじ,연차,,,,年次 연차 ねんじ,N1
명사,noun,燃焼,ねんしょう,"연소, 불탐, 불사름",,,,"燃焼 연소, 불탐, 불사름 ねんしょう",N1
명사,noun,年長,ねんちょう,"연장자, 연상",,,,"年長 연장자, 연상 ねんちょう",N1
명사,noun,念頭,ねんとう,염두,,,"{""year"": ""2013""}",念頭 2013 염두 ねんとう,N1
명사,noun,燃料,ねんりょう,연료,,,,燃料 연료 ねんりょう,N1
명사,noun,濃縮,のうしゅく,농축,,,,濃縮 농축 のうしゅく,N1
명사,noun,農地,のうち,농지,,,,農地 농지 のうち,N1
명사,noun,納入,のうにゅう,"납입, 납부, 냄",,,,"納入 납입, 납부, 냄 のうにゅう",N1
명사,noun,能面,のうめん,전통극 가면,,,,能面 전통극 가면 のうめん,N1
명사,noun,延べ,のべ,"연, 합계",,,,"延べ 연, 합계 のべ",N1
명사,noun,飲み込み,のみこみ,"납득, 이해",,,,"飲み込み 납득, 이해 のみこみ",N1
명사,noun,派,は,"~파(부류, 그룹)",,,,"派 ~파(부류, 그룹) は",N1
명사,noun,把握,はあく,파악,,,"{""year"": ""2013""}",把握 2013 파악 はあく,N1
명사,noun,敗因,はいいん,패인,,,,敗인 패인 はいいん,N1
명사,noun,廃棄,はいき,폐기,,,,廃棄 폐기 はいき,N1
명사,noun,配給,はいきゅう,배급,,,,配給 배급 はいきゅう,N1
명사,noun,配偶者,はいぐうしゃ,배우자,,,,配偶者 배우자 はいぐうしゃ,N1
명사,noun,背後,はいご,배후,,,,背後 배후 はいご,N1
명사,noun,排除,はいじょ,배제,,,,排除 배제 はいじょ,N1
명사,noun,賠償,ばいしょう,배상,,,,賠償 배상 ばいしょう,N1
명사,noun,排水,はいすい,"배수, 물 빼기",,,,"排水 배수, 물 빼기 はいすい",N1
명사,noun,敗戦,はいせん,패전,,,,敗戦 패전 はいせん,N1
명사,noun,配当,はいとう,배당,,,,配当 배당 はいとう,N1
명사,noun,配布,はいふ,배포,,,"{""year"": ""2017""}",配布 2017 배포 はいふ,N1
명사,noun,敗北,はいぼく,패배,,,"{""antonym"": ""勝利 (승리)""}",敗北 패배 はいぼく,N1
명사,noun,配慮,はいりょ,배려,,,,配慮 배려 はいりょ,N1
명사,noun,破壊,はかい,파괴,,,,破壊 파괴 はかい,N1
명사,noun,破棄,はき,파기,,,,破棄 파기 はき,N1
명사,noun,波及,はきゅう,파급,,,,波及 파급 はきゅう,N1
명사,noun,迫害,はくがい,박해,,,,迫害 박해 はくがい,N1
명사,noun,白状,はくじょう,"자백, 진술",,,,"白状 자백, 진술 はくじょう",N1
명사,noun,爆弾,ばくだん,폭탄,,,,爆弾 폭탄 ばくだん,N1
명사,noun,爆破,ばくは,폭파,,,,爆破 폭파 ばくは,N1
명사,noun,暴露,ばくろ,폭로,,,"{""year"": ""2017""}",暴露 2017 폭로 ばくろ,N1
명사,noun,派遣,はけん,파견,,,,派遣 파견 はけん,N1
명사,noun,橋渡し,はしわたし,중개,,,,橋渡し 중개 はしわたし,N1
명사,noun,破損,はそん,파손,,,"{""year"": ""2015""}",破損 2015 파손 はそん,N1
명사,noun,裸足,はだし,맨발,,,,裸足 맨발 はだし,N1
명사,noun,蜂蜜,はちみつ,벌꿀,,,,蜂蜜 벌꿀 はちみつ,N1
명사,noun,発芽,はつが,발아,,,,発芽 발아 はつが,N1
명사,noun,抜群,ばつぐん,"뛰어남, 출중함",,,"{""year"": ""2013""}","抜群 2013 뛰어남, 출중함 ばつぐん",N1
명사,noun,発散,はっさん,발산,,,"{""year"": ""2012""}",発散 2012 발산 はっさん,N1
명사,noun,抜粋,ばっすい,발췌,,,"{""year"": ""2018""}",抜粋 2018 발췌 ばっすい,N1
명사,noun,発病,はつびょう,발병,,,,発病 발병 はつびょう,N1
명사,noun,初耳,はつみみ,"초문, 처음 들음",,,,"初耳 초문, 처음 들음 はつみみ",N1
명사,noun,浜,はま,바닷가,,,,浜 바닷가 はま,N1
명사,noun,張り紙,はりがみ,벽보,,,,張り紙 벽보 はりがみ,N1
명사,noun,破裂,はれつ,파열,,,,破裂 파열 はれつ,N1
명사,noun,繁栄,はんえい,번영,,,,繁栄 번영 はんえい,N1
명사,noun,半額,はんがく,반값,,,,半額 반값 はんがく,N1
명사,noun,反感,はんかん,반감,,,,反感 반감 はんかん,N1
명사,noun,反響,はんきょう,반향,,,,反響 반향 はんきょう,N1
명사,noun,反撃,はんげき,반격,,,,反撃 반격 はんげき,N1
명사,noun,判決,はんけつ,판결,,,,判決 판결 はんけつ,N1
명사,noun,万事,ばんじ,"만사, 매사, 모든 일",,,,"万事 만사, 매사, 모든 일 ばんじ",N1
명사,noun,反射,はんしゃ,반사,,,,反射 반사 はんしゃ,N1
명사,noun,繁盛,はんじょう,"번성, 번창",,,"{""year"": ""2019""}","繁盛 2019 번성, 번창 はんじょう",N1
명사,noun,伴奏,ばんそう,(음악) 반주,,,"{""year"": ""2010""}",伴奏 2010 (음악) 반주 ばんそう,N1
명사,noun,判定,はんてい,판정,,,,判定 판정 はんてい,N1
명사,noun,万人,ばんにん,"모든 사람, 만인",,,,"万人 모든 사람, 만인 ばんにん",N1
명사,noun,晩年,ばんねん,"만년, 늘그막",,,,"晩年 만년, 늘그막 ばんねん",N1
명사,noun,万能,ばんのう,만능,,,,万能 만능 ばんのう,N1
명사,noun,反発,はんぱつ,반발,,,,反発 반발 はんぱつ,N1
명사,noun,判別,はんべつ,"판별, 식별, 구별",,,,"判別 판별, 식별, 구별 はんべつ",N1
명사,noun,氾濫,はんらん,범람,,,,氾濫 범람 はんらん,N1
명사,noun,ひいき,ひいき,"편애, 편을 듦, 후원",,,,"ひいき 편애, 편을 듦, 후원",N1
명사,noun,控え室,ひかえしつ,대기실,,,,控え室 대기실 ひかえしつ,N1
명사,noun,悲観,ひかん,비관,,,,悲観 비관 ひかん,N1
명사,noun,悲願,ひがん,"비원, 비장한 소원",,,,"悲願 비원, 비장한 소원 ひがん",N1
명사,noun,引き換え,ひきかえ,교환,,,,引き換え 교환 ひきかえ,N1
명사,noun,秘訣,ひけつ,비결,,,,秘訣 비결 ひけつ,N1
명사,noun,非行,ひこう,"비행, 잘못되거나 그릇된 행위",,,,"非行 비행, 잘못되거나 그릇된 행위 ひこう",N1
명사,noun,比重,ひじゅう,비중,,,,比重 비중 ひじゅう,N1
명사,noun,微笑,びしょう,미소,,,,微笑 미소 びしょう,N1
명사,noun,微生物,びせいぶつ,미생물,,,,微生物 미생물 びせいぶつ,N1
명사,noun,左利き,ひだりきき,왼손잡이,,,,左利き 왼손잡이 ひだりきき,N1
명사,noun,必修,ひっしゅう,"필수, 필수과목",,,,"必修 필수, 필수과목 ひっしゅう",N1
명사,noun,必然,ひつぜん,필연,,,,必然 필연 ひつぜん,N1
명사,noun,匹敵,ひってき,"필적, 맞먹음",,,,"匹敵 필적, 맞먹음 ひってき",N1
명사,noun,一息,ひといき,"한숨 돌림, 짧은 휴식",,,,"一息 한숨 돌림, 짧은 휴식 ひといき",N1
명사,noun,人影,ひとかげ,"사람의 그림자, 인적",,,,"人影 사람의 그림자, 인적 ひとかげ",N1
명사,noun,人柄,ひとがら,"인품, 성품",,,,"人柄 인품, 성품 ひとがら",N1
명사,noun,人気,ひとけ,인기척,,,,人気 인기척 ひとけ,N1
명사,noun,人質,ひとじち,인질,,,,人質 인질 ひとじち,N1
명사,noun,一筋,ひとすじ,"한 줄기, 일편단심, 일직, 일파",,,,"一筋 한 줄기, 일편단심, 일직, 일파 ひとすじ",N1
명사,noun,人出,ひとで,"인파, 군중",,,"{""year"": ""2012""}","人出 2012 인파, 군중 ひとで",N1
명사,noun,人波,ひとなみ,인파,,,,人波 인파 ひとなみ,N1
명사,noun,避難,ひなん,피난,,,,避難 피난 ひなん,N1
명사,noun,皮肉,ひにく,"비꼼, 비아냥",,,"{""year"": ""2010""}","皮肉 2010 비꼼, 비아냥 ひにく",N1
명사,noun,ひび,ひび,금(가는 틈새),,,,ひび 금(가는 틈새),N1
명사,noun,悲鳴,ひめ이,비명,,,,悲鳴 비명 ひめい,N1
명사,noun,票,ひょう,표,,,,票 표 ひょう,N1
명사,noun,標語,ひょうご,표어,,,,標語 표어 ひょうご,N1
명사,noun,拍子,ひょうし,"박자, 장단",,,"{""year"": ""2013""}","拍子 2013 박자, 장단 ひょうし",N1
명사,noun,描写,びょうしゃ,묘사,,,,描写 묘사 びょうしゃ,N1
명사,noun,非力,ひりき,"무력함, 무능함",,,,"非力 무력함, 무능함 ひりき",N1
명사,noun,肥料,ひりょう,비료,,,,肥料 비료 ひりょう,N1
명사,noun,微量,びりょう,"미량, 아주 적은 양",,,,"微量 미량, 아주 적은 양 びりょう",N1
명사,noun,昼下がり,ひるさがり,오후,,,,昼下がり 오후 ひるさがり,N1
명사,noun,披露,ひろう,"피로, 공개함, 널리 알림",,,"{""year"": ""2019""}","披露 2019 피로, 공개함, 널리 알림 ひろう",N1
명사,noun,品質,ひんしつ,품질,,,,品質 품질 ひんしつ,N1
명사,noun,頻度,ひんど,빈도,,,,頻度 빈도 ひんど,N1
명사,noun,貧富,ひんぷ,빈부,,,"{""year"": ""2013""}",貧富 2013 빈부 ひんぷ,N1
명사,noun,不意,ふい,갑작스러움,,,,不意 갑작스러움 ふい,N1
명사,noun,吹聴,ふいちょう,"말을 퍼뜨림, 소문을 냄",,,,"吹聴 말을 퍼뜨림, 소문을 냄 ふいちょう",N1
명사,noun,封鎖,ふうさ,봉쇄,,,,封鎖 봉쇄 ふうさ,N1
명사,noun,風習,ふうしゅう,풍습,,,,風習 풍습 ふうしゅう,N1
명사,noun,風土,ふうど,풍토,,,,風土 풍토 ふうど,N1
명사,noun,不朽,ふきゅう,"불후, 불멸",,,,"不朽 불후, 불멸 ふきゅう",N1
명사,noun,不況,ふきょう,불황,,,,不況 불황 ふきょう,N1
명사,noun,布巾,ふきん,행주,,,,布巾 행주 ふきん,N1
명사,noun,複合,ふくごう,복합,,,,複合 복합 ふくごう,N1
명사,noun,覆面,ふくめん,복면,,,,覆面 복면 ふくめん,N1
명사,noun,不景気,ふけいき,불경기,,,,不景気 불경기 ふけいき,N1
명사,noun,富豪,ふごう,부호,,,,富豪 부호 ふごう,N1
명사,noun,布告,부고쿠,"포고, 선포",,,,"布告 포고, 선포 ふこく",N1
명사,noun,負債,ふさい,부채,,,,負債 부채 ふさい,N1
명사,noun,扶助,ふじょ,"부조, 보조, 원조, 구호",,,,"扶助 부조, 보조, 원조, 구호 ふじょ",N1
명사,noun,負傷,ふしょう,"부상, 상처를 입음",,,,"負傷 부상, 상처를 입음 ふしょう",N1
명사,noun,侮辱,ぶじょく,모욕,,,,侮辱 모욕 ぶじょく,N1
명사,noun,不振,ふしん,부진,,,,不振 부진 ふしん,N1
명사,noun,武装,ぶそう,무장,,,,武装 무장 ぶそう,N1
명사,noun,復活,ふっかつ,부활,,,,復活 부활 ふっかつ,N1
명사,noun,物議,ぶつぎ,물의,,,,物議 물의 ぶつぎ,N1
명사,noun,復旧,ふっきゅう,복구,,,"{""year"": ""2014""}",復旧 2014 복구 ふっきゅう,N1
명사,noun,復興,ふっこう,부흥,,,"{""year"": ""2017""}",復興 2017 부흥 ふっこう,N1
명사,noun,物資,ぶっし,물자,,,,物資 물자 ぶっし,N1
명사,noun,沸騰,ふっとう,"비등, 끓어오름",,,"{""year"": ""2016""}","沸騰 2016 비등, 끓어오름 ふっとう",N1
명사,noun,不手際,ふてぎわ,"솜씨가 서투름, 실수",,,,"不手際 솜씨가 서투름, 실수 ふてぎわ",N1
명사,noun,無難,ぶなん,무난,,,,無難 무난 ぶなん,N1
명사,noun,赴任,ふにん,부임,,,"{""year"": ""2011""}",赴任 2011 부임 ふにん,N1
명사,noun,腐敗,ふはい,"부패, 상함",,,,"腐敗 부패, 상함 ふはい",N1
명사,noun,不備,ふび,미비,,,"{""year"": ""2011"", ""note"": ""antonym: 完備 (완비)""}",不備 2011 미비 ふび,N1
명사,noun,不評,ふひょう,악평,,,,不評 악평 ふひょう,N1
명사,noun,不服,ふふく,"불복, 납득이 가지 않음",,,"{""year"": ""2011""}","不服 2011 불복, 납득이 가지 않음 ふふく",N1
명사,noun,普遍,ふへん,보편,,,,普遍 보편 ふへん,N1
명사,noun,扶養,ふよう,부양,,,,扶養 부양 ふよう,N1
명사,noun,~ふり,~ふ리,"~하는 체, ~하는 척",,,,"~ふり ~하는 체, ~하는 척",N1
명사,noun,振り出し,ふりだし,"원점, 출발점",,,,"振り出し 원점, 출발점 ふりだし",N1
명사,noun,浮力,ふりょく,부력,,,,浮力 부력 ふりょく,N1
명사,noun,振る舞い,ふるまい,행동,,,,振る舞い 행동 ふるまい,N1
명사,noun,付録,ふろく,부록,,,,付録 부록 ふろく,N1
명사,noun,憤慨,ふんがい,분개,,,,憤慨 분개 ふんがい,N1
명사,noun,分際,ぶんざい,"신분의 정도, 분수, 주제",,,,"分際 신분의 정도, 분수, 주제 ぶんざい",N1
명사,noun,分散,ぶんさん,분산,,,,分散 분산 ぶんさん,N1
명사,noun,紛失,ふんしつ,분실,,,,紛失 분실 ふんしつ,N1
명사,noun,噴出,ふんしゅつ,"분출, 내뿜음",,,,"噴出 분출, 내뿜음 ふんしゅつ",N1
명사,noun,紛争,ふんそう,분쟁,,,,紛争 분쟁 ふんそう,N1
명사,noun,分担,ぶんたん,분담,,,"{""year"": ""2019""}",分担 2019 분담 ぶんたん,N1
명사,noun,奮闘,ふんとう,분투,,,,奮闘 분투 ふんとう,N1
명사,noun,文献,ぶんけん,문헌,,,,文献 문헌 ぶんけん,N1
명사,noun,粉末,ふんまつ,"분말, 가루",,,,"粉末 분말, 가루 ふんまつ",N1
명사,noun,分裂,ぶんれつ,분열,,,,分裂 분열 ぶんれつ,N1
명사,noun,兵器,へいき,병기,,,,兵器 병기 へいき,N1
명사,noun,並行,へいこう,병행,,,"{""year"": ""2011""}",並行 2011 병행 へいこう,N1
명사,noun,閉口,へいこう,"질림, 손듦, 함구",,,,"閉口 질림, 손듦, 함구 へいこう",N1
명사,noun,閉鎖,へいさ,폐쇄,,,,閉鎖 폐쇄 へいさ,N1
명사,noun,平常,へいじょう,"평상, 평소",,,,"平常 평상, 평소 へいじょう",N1
명사,noun,平静,へいせい,"평정, 평온",,,,"平静 평정, 평온 へいせい",N1
명사,noun,辟易,へきえ기,"기가 죽음, 질림",,,,"辟易 ① 기가 죽음 ② 질림, 손듦 へきえき",N1
명사,noun,弁解,べんかい,변명,,,"{""year"": ""2015""}",弁解 2015 변명 べんかい,N1
명사,noun,変革,へんかく,변혁,,,,変革 변혁 へんかく,N1
명사,noun,返還,へんかん,반환,,,,返還 반환 へんかん,N1
명사,noun,便宜,べんぎ,"편의, 편리",,,,"便宜 편의, 편리 べんぎ",N1
명사,noun,返金,へんきん,"돈을 갚음, 변제",,,,"返金 돈을 갚음, 변제 へんきん",N1
명사,noun,変形,へんけい,변형,,,,変形 변형 へんけい,N1
명사,noun,偏見,へんけん,편견,,,,偏見 편견 へんけん,N1
명사,noun,返済,へんさい,"상환, 갚음",,,,"返済 상환, 갚음 へんさい",N1
명사,noun,弁償,べんしょう,변상,,,,弁償 변상 べんしょう,N1
명사,noun,変遷,へんせん,변천,,,"{""year"": ""2015""}",変遷 2015 변천 へんせん,N1
명사,noun,変容,へんよう,"변용, 변모",,,,"変容 변용, 변모 へんよう",N1
명사,noun,防衛,ぼうえい,"방위, 방어",,,,"防衛 방위, 방어 ぼうえい",N1
명사,noun,崩壊,ほうかい,붕괴,,,,崩壊 붕괴 ほうかい,N1
명사,noun,放棄,ほうき,포기,,,,放棄 포기 ほうき,N1
명사,noun,忘却,ぼうきゃく,"망각, 잊어버림",,,,"忘却 망각, 잊어버림 ぼうきゃく",N1
명사,noun,方策,ほうさく,방책,,,,方策 방책 ほうさく,N1
명사,noun,奉仕,ほうし,봉사,,,,奉仕 봉사 ほうし,N1
명사,noun,放射能,ほうしゃのう,방사능,,,,放射能 방사능 ほうしゃのう,N1
명사,noun,報酬,ほうしゅう,보수(대가),,,,報酬 보수(대가) ほうしゅう,N1
명사,noun,紡績,ぼうせき,방적(실을 만듦),,,,紡績 방적(실을 만듦) ぼうせき,N1
명사,noun,膨張,ぼうちょう,팽창,,,,膨張 팽창 ぼうちょう,N1
명사,noun,法廷,ほうてい,법정,,,,法廷 법정 ほうてい,N1
명사,noun,冒頭,ぼうとう,"벽두, 모두, 첫머리",,,,"冒頭 벽두, 모두, 첫머리 ぼうとう",N1
명사,noun,暴動,ぼうどう,폭동,,,,暴動 폭동 ぼうどう,N1
명사,noun,褒美,ほうび,"상, 포상",,,,"褒美 상, 포상 ほうび",N1
명사,noun,暴風,ぼうふう,폭풍,,,,暴風 폭풍 ぼうふう,N1
명사,noun,飽和,ほうわ,"포화, 가득 참",,,,"飽和 포화, 가득 참 ほうわ",N1
명사,noun,捕獲,ほかく,포획,,,,捕獲 포획 ほかく,N1
명사,noun,保管,ほかん,보관,,,,保管 보관 ほかん,N1
명사,noun,補給,ほきゅう,보급,,,,補給 보급 ほきゅう,N1
명사,noun,補強,ほきょう,보강,,,,補強 보강 ほきょう,N1
명사,noun,募金,ぼきん,모금,,,,募金 모금 ぼきん,N1
명사,noun,保険,ほけん,보험,,,,保険 보험 ほけん,N1
명사,noun,干し物,ほしもの,건어물,,,,干し物 건어물 ほしもの,N1
명사,noun,補充,ほじゅう,보충,,,,補充 보충 ほじゅう,N1
명사,noun,補助,ほじょ,보조,,,,補助 보조 ほじょ,N1
명사,noun,補償,ほしょう,"보상, 배상",,,,"補償 보상, 배상 ほしょう",N1
명사,noun,保障,ほしょう,보장,,,,保障 보장 ほしょう,N1
명사,noun,舗装,ほそう,(도로) 포장,,,,舗装 (도로) 포장 ほそう,N1
명사,noun,墓地,ぼち,묘지,,,,墓地 묘지 ぼち,N1
명사,noun,発作,ほっさ,발작,,,,発作 발작 ほっさ,N1
명사,noun,没収,ぼっしゅう,몰수,,,,没収 몰수 ぼっしゅう,N1
명사,noun,発足,ほっそく,발족,,,"{""year"": ""2016""}",発足 2016 발족 ほっそく,N1
명사,noun,発端,ほったん,발단,,,,발端 발단 ほったん,N1
명사,noun,没頭,ぼっとう,몰두,,,"{""year"": ""2015""}",没頭 2015 몰두 ぼっとう,N1
명사,noun,没落,ぼつらく,몰락,,,,没落 몰락 ぼつらく,N1
명사,noun,畔,ほとり,"부근, 근처, 가장자리",,,,"畔 부근, 근처, 가장자리 ほとり",N1
명사,noun,捕虜,ほりょ,포로,,,,捕虜 포로 ほりょ,N1
명사,noun,本質,ほんしつ,본질,,,,本質 본질 ほんしつ,N1
명사,noun,本筋,ほんすじ,본론,,,"{""year"": ""2010""}",本筋 2010 본론 ほんすじ,N1
명사,noun,本音,ほんね,본심,,,"{""year"": ""2010""}",本音 2010 본심 ほんね,N1
명사,noun,本能,ほんのう,본능,,,,本能 본능 ほんのう,N1
명사,noun,本場,ほんば,"본고장, 주산지",,,,"本場 본고장, 주산지 ほんば",N1
명사,noun,本番,ほんばん,"실전, 본시, 본방송",,,,"本番 실전, 본시, 본방송 ほんばん",N1
명사,noun,本末転倒,ほんまつてんとう,본말 전도,,,,本末転倒 본말 전도 ほんまつてんとう,N1
명사,noun,埋蔵,まいぞう,매장,,,,埋蔵 매장 まいぞう,N1
명사,noun,前売り,まえうり,예매,,,,前売り 예매 まえうり,N1
명사,noun,前置き,まえおき,서론,,,,前置き 서론 まえおき,N1
명사,noun,真心,まごころ,"진심, 정성, 성의",,,,"真心 진심, 정성, 성의 まごころ",N1
명사,noun,麻酔,ますい,마취,,,,麻酔 마취 ますい,N1
명사,noun,まちまち,まちまち,가지각색,,,"{""year"": ""2017""}",まちまち 2017 가지각색,N1
명사,noun,末,まつ,끝,,,,末 끝 まつ,N1
명사,noun,目の当たり,まのあたり,"눈앞, 목전, 직접",,,,"目の当たり 눈앞, 목전, 직접 まのあたり",N1
명사,noun,麻痺,まひ,마비,,,,麻痺 마비 まひ,N1
명사,noun,幻,まぼろし,환상,,,,幻 환상 まぼろし,N1
명사,noun,蔓延,まんえん,"만연, 널리 퍼짐",,,,"蔓延 만연, 널리 퍼짐 まんえん",N1
명사,noun,満喫,まんきつ,만끽,,,"{""year"": ""2010""}",満喫 2010 만끽 まんきつ,N1
명사,noun,満月,まんげつ,만월,,,,満月 만월 まんげつ,N1
명사,noun,満載,まんさい,"가득 실음, 많이 게재함",,,,"満載 가득 실음, 많이 게재함 まんさい",N1
명사,noun,満場,まんじょう,"만장, 그 장소에 있는 모든 사람",,,,"満場 만장, 그 장소에 있는 모든 사람 まんじょう",N1
명사,noun,慢性,まんせい,만성,,,,慢性 만성 まんせい,N1
명사,noun,味覚,미카쿠,미각,,,,味覚 미각 みかく,N1
명사,noun,幹,みき,"줄기, 줄거리, 골자",,,,"幹 줄기, 줄거리, 골자 みき",N1
명사,noun,見込み,みこみ,"전망, 예상",,,"{""year"": ""2012""}","見込み 2012 전망, 예상 みこみ",N1
명사,noun,見た目,みため,"외형, 겉보기",,,,"見た目 외형, 겉보기 みため",N1
명사,noun,未知,みち,미지,,,,未知 미지 みち,N1
명사,noun,道筋,みちすじ,"이치, 도리",,,,"道筋 이치, 도리 みちすじ",N1
명사,noun,道端,みちばた,"길가, 도로변",,,,"道端 길가, 도로변 みちばた",N1
명사,noun,密集,みっしゅう,밀집,,,"{""year"": ""2010""}",密集 2010 밀집 みっしゅう,N1
명사,noun,密封,みっぷう,밀봉,,,,密封 밀봉 みっぷう,N1
명사,noun,密輸,みつゆ,"밀수, 밀수출, 밀수입",,,,"密輸 밀수, 밀수출, 밀수입 みつゆ",N1
명사,noun,未定,みてい,미정,,,,未定 미정 みてい,N1
명사,noun,見通し,みとおし,"전망, 내다봄",,,,"見通し 전망, 내다봄 みとおし",N1
명사,noun,源,みなもと,"근원, 기원",,,,"源 근원, 기원 みなもと",N1
명사,noun,峰,みね,봉우리,,,,峰 봉우리 みね,N1
명사,noun,身の上,みのうえ,"신상, 처지, 신세",,,,"身の上 신상, 처지, 신세 みのうえ",N1
명사,noun,身の回り,みのまわり,"신변, 소지품",,,,"身の回り 신변, 소지품 みのまわり",N1
명사,noun,見晴らし,みはらし,"전망, 조망",,,,"見晴らし 전망, 조망 みはらし",N1
명사,noun,身振り,みぶり,몸짓,,,,身振り 몸짓 みぶり,N1
명사,noun,未練,みれん,미련,,,,未練 미련 みれん,N1
명사,noun,民宿,みんしゅく,민박,,,,民宿 민박 みんしゅく,N1
명사,noun,民族,みんぞく,민족,,,,民族 민족 みんぞく,N1
명사,noun,無為,むい,"무위, 아무것도 하지 않음",,,,"無為 무위, 아무것도 하지 않음 むい",N1
명사,noun,無意識,むいしき,무의식,,,,無意識 무의식 むいしき,N1
명사,noun,無言,むごん,"무언, 침묵",,,,"無言 무언, 침묵 むごん",N1
명사,noun,無償,むしょう,"무상, 무료",,,"{""year"": ""2014""}","無償 2014 무상, 무료 むしょう",N1
명사,noun,無神経,むしんけい,"무신경, 둔감함",,,,"無神経 무신경, 둔감함 むしんけい",N1
명사,noun,無断,むだん,무단,,,,無단 무단 むだん,N1
명사,noun,無知,むち,무지,,,,無知 무지 むち,N1
명사,noun,無念,むねん,"유감, 원통함",,,,"無念 유감, 원통함 むねん",N1
명사,noun,無理強い,むりじい,"강요, 억지로 권함",,,,"無理強い 강요, 억지로 권함 むりじい",N1
명사,noun,明暗,めいあん,명암,,,,明暗 명암 めいあん,N1
명사,noun,命中,めいちゅう,명중,,,,命中 명중 めいちゅう,N1
명사,noun,名簿,めいぼ,명부,,,,名簿 명부 めいぼ,N1
명사,noun,名誉,めいよ,명예,,,"{""year"": ""2012""}",名誉 2012 명예 めいよ,N1
명사,noun,恵み,めぐみ,"은혜, 축복",,,,"恵み 은혜, 축복 めぐみ",N1
명사,noun,目先,めさき,"눈앞, 목전",,,"{""year"": ""2010""}","目先 2010 눈앞, 목전 めさき",N1
명사,noun,滅亡,めつぼう,멸망,,,,滅亡 멸망 めつぼう,N1
명사,noun,目鼻,めはな,"① 용모, 이목구비 ② 윤곽, 대강",,,,"目鼻 ① 용모, 이목구비 ② 윤곽, 대강 めはな",N1
명사,noun,目盛り,めもり,눈금,,,,目盛り 눈금 めもり,N1
명사,noun,免除,めんじょ,면제,,,"{""year"": ""2012""}",免除 2012 면제 めんじょ,N1
명사,noun,面目,めんぼく,"면목, 체면",,,"{""note"": ""めんもく로도 읽음""}","面目 면목, 체면(めんもく로도 읽음) めんぼく",N1
명사,noun,盲点,もうてん,"맹점, 허점",,,,"盲点 맹점, 허점 もうてん",N1
명사,noun,網羅,もうら,망라,,,"{""year"": ""2012""}",網羅 2012 망라 もうら,N1
명사,noun,猛烈,もうれつ,맹렬,,,"{""year"": ""2019""}",猛烈 2019 맹렬 もうれつ,N1
명사,noun,目録,もくろく,목록,,,,目録 목록 もくろく,N1
명사,noun,目論見,もくろみ,"계획, 의도",,,,"目論見 계획, 의도 もくろみ",N1
명사,noun,模型,もけい,모형,,,,模型 모형 もけい,N1
명사,noun,模索,もさく,모색,,,,模索 모색 もさく,N1
명사,noun,持ち切り,もちきり,"화제가 지속됨, 소문이 자자함",,,,"持ち切り 화제가 지속됨, 소문이 자자함 もちきり",N1
명사,noun,模倣,もほう,모방,,,,模倣 모방 もほう,N1
명사,noun,役員,やくいん,"임원, 간부, 중역",,,,"役員 임원, 간부, 중역 やくいん",N1
명사,noun,躍進,やくしん,약진,,,"{""year"": ""2014""}",躍進 2014 약진 やくしん,N1
명사,noun,屋敷,やしき,저택,,,,屋敷 저택 やしき,N1
명사,noun,野心,やしん,야심,,,,野心 야심 やしん,N1
명사,noun,野党,야토우,야당,,,,野党 야당 やとう,N1
명사,noun,闇,야미,어둠,,,,闇 어둠 やみ,N1
명사,noun,由緒,ゆいしょ,"유서, 내력",,,"{""year"": ""2012""}","由緒 2012 유서, 내력 ゆいしょ",N1
명사,noun,優位,ゆうい,"우위, 상위",,,"{""year"": ""2013""}","優位 2013 우위, 상위 ゆうい",N1
명사,noun,憂鬱,ゆううつ,우울,,,,憂鬱 우울 ゆううつ,N1
명사,noun,優越,ゆうえつ,"우월, 우수하고 뛰어남",,,,"優越 우월, 우수하고 뛰어남 ゆうえつ",N1
명사,noun,誘拐,ゆうかい,유괴,,,,誘拐 유괴 ゆうかい,N1
명사,noun,有機,ゆうき,유기,,,,有機 유기 ゆうき,N1
명사,noun,友好,ゆうこう,우호,,,,友好 우호 ゆうこう,N1
명사,noun,融資,ゆうし,융자,,,,融資 융자 ゆうし,N1
명사,noun,有数,ゆうすう,"유수, 손꼽음",,,"{""year"": ""2012""}","有数 2012 유수, 손꼽음 ゆうすう",N1
명사,noun,融通,ゆうずう,융통,,,,融通 융통 ゆうずう,N1
명사,noun,優勢,ゆうせい,우세,,,,優勢 우세 ゆうせい,N1
명사,noun,遊説,ゆうぜ이,유세,,,,遊説 유세 ゆうぜい,N1
명사,noun,優先,ゆうせん,우선,,,,優先 우선 ゆうせん,N1
명사,noun,誘導,ゆうどう,"유도, 꾐, 이끎",,,,"誘導 유도, 꾐, 이끎 ゆうどう",N1
명사,noun,夕闇,ゆう야미,"땅거미, 해질녘의 어둠",,,,"夕闇 땅거미, 해질녘의 어둠 ゆうやみ",N1
명사,noun,憂慮,ゆう리ょ,"우려, 걱정",,,,"憂慮 우려, 걱정 ゆうりょ",N1
명사,noun,幽霊,ゆうれい,유령,,,,幽霊 유령 ゆうれい,N1
명사,noun,誘惑,ゆうわく,유혹,,,,誘惑 유혹 ゆうわく,N1
명사,noun,ゆとり,유토리,여유,,,"{""year"": ""2017""}",ゆとり 2017 여유,N1
명사,noun,様式,ようしき,양식,,,,様式 양식 ようしき,N1
명사,noun,養成,ようせい,양성,,,,養成 양성 ようせい,N1
명사,noun,要請,ようせい,요청,,,,要請 요청 ようせい,N1
명사,noun,洋風,ようふう,"서양식, 서양풍",,,,"洋風 서양식, 서양풍 ようふう",N1
명사,noun,要望,ようぼう,"요망, 바람",,,"{""year"": ""2019""}","要望 2019 요망, 바람 ようぼう",N1
명사,noun,余暇,요카,"여가, 틈, 짬",,,,"余暇 여가, 틈, 짬 よか",N1
명사,noun,抑制,よくせい,억제,,,,抑制 억제 よくせい,N1
명사,noun,予言,よげん,예언,,,,予言 예언 よげん,N1
명사,noun,横綱,よこづな,스모(일본씨름)의 최고 지위,,,,横綱 스모(일본씨름)의 최고 지위 よこづな,N1
명사,noun,善し悪し,よしあし,"선악, 좋고 그름, 좋고 나쁨",,,,"善し悪し 선악, 좋고 그름, 좋고 나쁨 よしあし",N1
명사,noun,予断,よだん,"예단, 예측",,,"{""year"": ""2014""}","予断 2014 예단, 예측 よだん",N1
명사,noun,余地,よち,여지,,,,余地 여지 よち,N1
명사,noun,余白,よはく,"여백, 공백",,,,"余白 여백, 공백 よはく",N1
명사,noun,夜更かし,よふかし,늦게까지 깨어 있음,,,,夜更かし 늦게까지 깨어 있음 よふかし,N1
명사,noun,落胆,らくたん,낙담,,,"{""year"": ""2011""}",落胆 2011 낙담 らくたん,N1
명사,noun,酪農,らくのう,낙농,,,,酪農 낙농 らくのう,N1
명사,noun,落下,らっか,낙하,,,,落下 낙하 らっか,N1
명사,noun,濫用,らんよう,남용,,,,濫用 남용 らんよう,N1
명사,noun,理屈,りくつ,"도리, 이치",,,,"理屈 도리, 이치 りくつ",N1
명사,noun,利潤,りじゅん,"이윤, 이익",,,,"利潤 이윤, 이익 りじゅん",N1
명사,noun,利息,りそく,이자,,,,利息 이자 りそく,N1
명사,noun,離着陸,りちゃくりく,이착륙,,,,離着陸 이착륙 りちゃくりく,N1
명사,noun,立案,りつあん,입안,,,,立案 입안 りつあん,N1
명사,noun,立腹,りっぷく,"화를 냄, 역정",,,,"立腹 화를 냄, 역정 りっぷく",N1
명사,noun,立法,りっぽう,입법,,,,立法 입법 りっぽう,N1
명사,noun,略奪,りゃくだつ,"약탈, 강탈",,,,"略奪 약탈, 강탈 りゃくだつ",N1
명사,noun,流儀,りゅうぎ,"관례, 독특한 방식",,,,"流儀 관례, 독특한 방식 りゅうぎ",N1
명사,noun,領域,りょういき,영역,,,,領域 영역 りょういき,N1
명사,noun,了解,りょうかい,"이해, 양해, 승낙",,,,"了解 이해, 양해, 승낙 りょうかい",N1
명사,noun,了承,りょうしょう,"승낙, 양해",,,"{""year"": ""2017""}","了承 2017 승낙, 양해 りょうしょう",N1
명사,noun,領土,りょうど,영토,,,,領土 영토 りょうど,N1
명사,noun,履歴,りれき,이력,,,"{""year"": ""2019""}",履歴 2019 이력 りれき,N1
명사,noun,隣接,りんせつ,"인접, 이웃함",,,,"隣接 인접, 이웃함 りんせつ",N1
명사,noun,倫理,りんり,"윤리, 도덕",,,,"倫理 윤리, 도덕 りんり",N1
명사,noun,類似,るいじ,유사,,,,類似 유사 るいじ,N1
명사,noun,類推,るいすい,"유추, 추측",,,,"類推 유추, 추측 るいすい",N1
명사,noun,冷却,れいきゃく,"냉각, 식음, 차가워짐",,,,"冷却 냉각, 식음, 차가워짐 れいきゃく",N1
명사,noun,冷遇,れいぐう,"냉대, 푸대접",,,,"冷遇 냉대, 푸대접 れいぐう",N1
명사,noun,例年,れいねん,"매년, 매년",,,,"例年 매년, 매년 れいねん",N1
명사,noun,連携,れんけい,"제휴, 연계",,,"{""year"": ""2011""}","連携 2011 제휴, 연계 れんけい",N1
명사,noun,連帯,れんたい,연대,,,,連帯 연대 れんたい,N1
명사,noun,連中,れんじゅう,"무리(れんじゅう로도 읽음), 일행",,,"{""note"": ""れんちゅう로도 읽음""}","連中 무리(れんじゅう로도 읽음), 일행 れんじゅう",N1
명사,noun,連邦,れんぽう,연방,,,,連邦 연방 れんぽう,N1
명사,noun,連盟,れんめい,연맹,,,,連盟 연맹 れんめい,N1
명사,noun,老朽化,ろうきゅうか,노후화,,,,老朽化 노후화 ろうきゅうか,N1
명사,noun,老衰,ろうすい,노쇠,,,,老衰 노쇠 ろうすい,N1
명사,noun,朗読,ろうどく,낭독,,,,朗読 낭독 ろうどく,N1
명사,noun,浪費,ろうひ,낭비,,,,浪費 낭비 ろうひ,N1
명사,noun,朗報,ろうほう,"낭보, 희소식",,,"{""year"": ""2010""}","朗報 2010 낭보, 희소식 ろうほう",N1
명사,noun,論理,ろんり,논리,,,,論理 논리 ろんり,N1
명사,noun,賄賂,わいろ,뇌물,,,,賄賂 뇌물 わいろ,N1
명사,noun,和解,わかい,화해,,,,和解 화해 わかい,N1
명사,noun,若手,わかて,젊은이,,,,若手 젊은이 わかて,N1
명사,noun,枠,わく,"테두리, 틀",,,"{""year"": ""2012""}","枠 2012 테두리, 틀 わく",N1
명사,noun,惑星,わくせい,"행성, 혹성",,,,"惑星 혹성, 행성 わくせい",N1
명사,noun,技,わざ,"기술, 솜씨",,,,"技 기술, 솜씨 わざ",N1
명사,noun,和風,わふう,"일본식, 일본풍",,,,"和風 일본식, 일본풍 わふう",N1
명사,prefix,誤~,ご~,오(잘못)~,,,,誤~ 오(잘못)~ ご~,N1
명사,prefix,当~,とう~,당~,,,"{""year"": ""2010""}",当~ 2010 당~ とう~,N1
명사,prefix,不~,ふ~,불/부~,,,"{""year"": ""2017""}",不~ 2017 불/부~ ふ~,N1
명사,prefix,無~,む~,무(없음)~,,,,無~ 무(없음)~ む~,N1
명사,prefix,猛~,もう~,맹(맹렬함)~,,,"{""year"": ""2011""}",猛~ 2011 맹(맹렬함)~ もう~,N1
명사,suffix,~化,~か,~화,,,,~化 ~화 ~か,N1
명사,suffix,~圏,~けん,~권,,,,~圏 ~권 ~けん,N1
명사,suffix,~上,~じょう,~상,,,"{""year"": ""2010""}",~上 2010 ~상 ~じょう,N1
명사,suffix,~版,~ぱん,~판,,,,~版 ~판 ~ぱん,N1
명사,suffix,~まみれ,~まみれ,~투성이,,,"{""year"": ""2011""}",~まみれ 2011 ~투성이,N1
명사,suffix,~網,~もう,~망,,,,~網 ~망 ~もう,N1
동사,verb,明かす,あかす,"밝히다, 털어놓다",秘密を明かす。,비밀을 밝히다.,,"明かす 밝히다, 털어놓다 あかす",N1
동사,verb,欺く,あざむく,속이다,人を欺く。,사람을 속이다.,,欺く 속이다 あざむく,N1
동사,verb,あざ笑う,あざわらう,비웃다,人の失敗를 あざ笑う。,다른 사람의 실수를 비웃다.,,あざ笑う 비웃다 あざわらう,N1
동사,verb,褪せる,あせる,퇴색하다,色が褪せる。,색이 바래다.,,褪せる 퇴색하다 あせる,N1
동사,verb,値する,あたいする,"가치가 있다, ~할 만하다",彼の提案は検討に値する。,그의 제안은 검토할 만한 가치가 있다.,"{""year"": ""2015""}","値する 2015 가치가 있다, ~할 만하다 あたい하는",N1
동사,verb,誂える,あつらえる,"주문하다, 맞추다",背広を誂える。,신사복을 주문하다.,,"誂える 주문하다, 맞추다 あつらえる",N1
동사,verb,当てはめる,あてはめる,"적용시키다, 맞추다",校則に当てはめて処分する。,교칙을 적용하여 처분하다.,"{""year"": ""2013""}","当てはめる 2013 적용시키다, 맞추다 あてはめる",N1
동사,verb,甘える,あまえる,응석부리다,子供が親に甘える。,아이가 부모에게 응석을 부리다.,,甘える 응석부리다 あまえる,N1
동사,verb,操る,あやつる,조종하다,巧みにハンドルを操る。,능숙하게 핸들을 조종하다.,,操る 조종하다 あやつる,N1
동사,verb,危ぶむ,あやぶむ,"의심하다, 걱정하다",経済의 先行き가 危ぶまれる。,앞으로의 경제가 걱정된다.,"{""year"": ""2019""}","危ぶむ 2019 의심하다, 걱정하다 あ야부무",N1
동사,verb,誤る,あ야마루,"잘못하다, 실수하다",誤って隣の人の足を踏んでしまった。,잘못해서 옆 사람의 발을 밟아 버렸다.,,"誤る 잘못하다, 실수하다 あ야마루",N1
동사,verb,ありふれる,아리후레루,흔히 있다,ありふれた風景を写真に収める。,흔히 있는(일상적인) 풍경을 사진에 담다.,"{""year"": ""2015""}",ありふれる 2015 흔히 있다,N1
동사,verb,案じる,안지루,염려하다,病状を案じて見舞いに行く。,병의 상태를 염려하여 문병하러 간다.,,案じる 염려하다 あんじる,N1
동사,verb,言い放つ,いいはなつ,"단언하다, 공언하다",絶対に勝ってみせると言い放つ。,절대로 이기고 말겠다고 단언하다.,,"言い放つ 단언하다, 공언하다 いいはなつ",N1
동사,verb,言い張る,いいはる,"주장하다, 우기다",自分が正しいと言い張る。,자신이 맞다고 우기다.,"{""year"": ""2012""}","言い張る 2012 주장하다, 우기다 いいはる",N1
동사,verb,言い渡す,いいわたす,선고하다,裁判官は判決を言い渡した。,재판관은 판결을 선고했다.,,言い渡す 선고하다 いいわたす,N1
동사,verb,意気込む,いきごむ,"분발하다, 의욕을 보이다",今度こそ成功させようと意気込む。,이번이야말로 성공시키겠다고 의욕에 넘치다.,,"意気込む 분발하다, 의욕을 보이다 いきごむ",N1
동사,verb,憤る,いきどおる,분노하다,上司の無責任な態度に憤る。,상사의 무책임한 태도에 분노하다.,,憤る 분노하다 いきどおる,N1
동사,verb,いじる,いじる,만지작거리다,彼女は前髪をいじる癖がある。,그녀는 앞머리를 만지작거리는 버릇이 있다.,,いじる 만지작거리다 いじる,N1
동사,verb,急がす,いそがす,재촉하다,作品の完成を急がす。,작품의 완성을 재촉하다.,"{""year"": ""2013""}",急가스 2013 재촉하다 いそがす,N1
동사,verb,傷める,いためる,"손상시키다, 상하게 하다",果物を傷めないよう丁寧に扱う。,과일을 상하게 하지 않도록 조심스럽게 다룬다.,,"傷める 손상시키다, 상하게 하다 いためる",N1
동사,verb,いたわる,いたわる,"돌보다, 노고를 위로하다",社員の労をいたわり、ボーナスを出す。,"사원의 노고를 위로하여, 보너스를 주다.",,"いたわる 돌보다, 노고를 위로하다",N1
동사,verb,営む,いとなむ,"경영하다, 영위하다",定年後は喫茶店を営むつもりだ。,정년퇴직 후에는 찻집을 경영할 생각이다.,,"営む 경영하다, 영위하다 いとなむ",N1
동사,verb,挑む,いどむ,도전하다,マラソンの世界記録に挑む。,마라톤 세계 기록에 도전하다.,,挑む 도전하다 いどむ,N1
동사,verb,否む,いなむ,"부정하다, 거절하다",それは否むことのできない事実だ。,그것은 부인할 수 없는 사실이다.,"{""year"": ""2014""}","否む 2014 부정하다, 거절하다 いなむ",N1
동사,verb,戒める,いましめる,"훈계하다, 징계하다",無断欠勤を戒める。,무단결근을 징계하다.,"{""year"": ""2018""}","戒める 2018 훈계하다, 징계하다 いましめる",N1
동사,verb,忌み嫌う,いみきらう,"피하다, 꺼리다",みんなから忌み嫌われる。,모두로부터 따돌림을 받다.,,"忌み嫌う 피하다, 꺼리다 いみきらう",N1
동사,verb,癒す,いやす,"치유하다, 달래다",疲れを癒す。,피로를 풀다.,,"癒す 치유하다, 달래다 いやす",N1
동사,verb,浮かれる,うかれる,"들뜨다, 신나다",久しぶりのデートに浮かれている。,오랜만의 데이트에 들떠 있다.,,"浮かれる 들뜨다, 신나다 うかれる",N1
동사,verb,受け継ぐ,うけつぐ,계승하다,伝統を受け継ぐ。,전통을 계승하다.,,受け継ぐ 계승하다 うけつぐ,N1
동사,verb,受け止める,うけとめる,받아들이다,批判をまじめに受け止める。,비판을 진지하게 받아들이다.,,受け止める 받아들이다 うけとめる,N1
동사,verb,受け流す,うけながす,받아넘기다,記者の質問を巧みに受け流す。,기자의 질문을 교묘하게 받아넘기다.,,受け流す 받아넘기다 うけながす,N1
동사,verb,受け持つ,うけもつ,"맡다, 담임하다",一年生を受け持つ。,1학년을 담임하다.,,"受け持つ 맡다, 담임하다 うけもつ",N1
동사,verb,打ち明ける,うちあける,털어놓다,悩みを打ち明ける。,고민을 털어놓다.,,打ち明ける 털어놓다 うちあける,N1
동사,verb,打ち切る,うちきる,중지하다,交渉を打ち切る。,교섭을 중지하다.,,打ち切る 중지하다 うちきる,N1
동사,verb,打ち込む,うちこむ,"입력하다, 몰두하다",古典の研究に打ち込む。,고전 연구에 몰두하다.,"{""year"": ""2019""}","打ち込む 2019 입력하다, 몰두하다 うちこむ",N1
동사,verb,促す,うながす,재촉하다,発言を促してもだれもしゃべらない。,발언을 재촉해도 아무도 말하지 않는다.,,促す 재촉하다 うながす,N1
동사,verb,うぬ惚れる,うぬぼれる,"자부하다, 자만하다",自分が美人だとうぬ惚れる。,자신이 미인이라고 자부하다.,,"うぬ惚れる 자부하다, 자만하다",N1
동사,verb,潤う,うるおう,"촉촉해지다, 풍족해지다",ボーナスが入り、懐が潤った。,보너스가 들어와 주머니가 두둑해졌다.,"{""year"": ""2010""}","潤う 2010 촉촉해지다, 풍족해지다 うるおう",N1
동사,verb,うろたえる,うろたえる,"당황하다, 허둥대다",突然の知らせにうろたえる。,갑작스러운 소식에 당황하다.,"{""year"": ""2015""}","うろたえる 2015 당황하다, 허둥대다",N1
동사,verb,上回る,うわまわる,"웃돌다, 상회하다",予想를 上回る 人가 集まった。,예상을 웃도는 사람이 모였다.,,"上回る 웃돌다, 상회하다 うわまわる",N1
동사,verb,追い込む,おいこむ,"몰아넣다, 내몰다",窮地に追い込まれる。,궁지에 몰리다.,,"追い込む 몰아넣다, 내몰다 おいこむ",N1
동사,verb,追い出す,おいだす,내쫓다,猫を部屋から追い出す。,고양이를 방에서 내쫓다.,,追い出す 내쫓다 おいだす,N1
동사,verb,追い抜く,おいぬく,앞지르다,ゴール間際で追い抜く。,결승선 직전에서 앞지르다.,,追い抜く 앞지르다 おいぬく,N1
동사,verb,老いる,おいる,늙다,老いた両親の面倒を見る。,늙으신 부모님을 돌보다.,,老いる 늙다 おいる,N1
동사,verb,負う,おう,"업다, 지다, 부담하다",母が背に子を負う。,어머니가 등에 아이를 업다.,,"負う 업다, 지다, 부담하다 おう",N1
동사,verb,怠る,おこたる,게을리하다,上司への報告を怠る。,상사에 대한 보고를 게을리하다.,"{""year"": ""2017""}",怠る 2017 게을리하다 おこたる,N1
동사,verb,抑える,おさえる,"막다, 억제하다",被害を最小限に抑える。,피해를 최소한으로 막다.,,"抑える 막다, 억제하다 おさえる",N1
동사,verb,押し付ける,おしつける,"떠넘기다, 전가하다",部下に責任を押し付ける。,부하에게 책임을 전가하다.,,"押し付ける 떠넘기다, 전가하다 おしつける",N1
동사,verb,押し寄せる,おしよせる,밀려오다,高波が押し寄せる。,높은 파도가 밀려오다.,,押し寄せる 밀려오다 おしよせる,N1
동사,verb,襲う,おそう,"덮치다, 습격하다",強盗が銀行を襲った。,강도가 은행을 습격했다.,,"襲う 덮치다, 습격하다 おそう",N1
동사,verb,恐れ入る,おそれいる,송구스럽다,ご心配をかけて恐れ入ります。,걱정을 끼쳐 송구스럽습니다.,,恐れ入る 송구스럽다 おそれいる,N1
동사,verb,おだてる,おだてる,"치켜세우다, 부추기다",おだてて酒をおごらせる。,치켜세워서 술을 한턱 내게 하다.,,"오다테루 치켜세우다, 부추기다",N1
동사,verb,落ち込む,おちこむ,낙담하다,恋人に振られて落ち込んでいる,애인에게 차여 낙담하고 있다.,"{""year"": ""2019""}",落ち込む 2019 낙담하다 おちこむ,N1
동사,verb,脅す,おどす,위협하다,通行人を脅して金を奪う。,통행인을 위협하여 돈을 빼앗다.,,脅す 위협하다 おどす,N1
동사,verb,衰える,おとろえる,쇠약해지다,年を取ると体力が衰える。,나이를 먹으면 체력이 쇠약해진다.,"{""year"": ""2019""}",衰える 2019 쇠약해지다 おとろえる,N1
동사,verb,脅える,おびえる,무서워하다,子供が犬に脅えて泣く。,아이가 개가 무서워서 울다.,"{""year"": ""2016""}",脅える 2016 무서워하다 おびえる,N1
동사,verb,帯びる,おびる,"(분위기, 색깔을) 띠다",空が赤みを帯びている。,하늘이 붉은 빛을 띠고 있다.,"{""year"": ""2015""}","帯びる 2015 (분위기, 색깔을) 띠다 おびる",N1
동사,verb,思い返す,おもいかえす,"회상하다, 다시 생각하다",昔のことを思い返して懐かしい気持ちになる。,옛 일을 돌이켜 생각해 그리운 기분이 들었다.,"{""year"": ""2014""}","思い返す 2014 회상하다, 다시 생각하다 おもいかえす",N1
동사,verb,思い詰める,おもいつめる,"골몰하다, 고통스러워하다",進学のことで思い詰めている。,진학 일로 고민하고 있다.,"{""year"": ""2015""}","思い詰める 2015 골몰하다, 고통스러워하다 おもいつめる",N1
동사,verb,赴く,おもむく,향하여 가다,調査のため現地へ赴く。,조사를 위해 현지로 가다.,,赴く 향하여 가다 おもむく,N1
동사,verb,及ぶ,およぶ,"걸치다, 달하다, 미치다",交渉は8時間に及んだ。,교섭은 8시간에 이르렀다.,,"及ぶ 걸치다, 달하다, 미치다 およぶ",N1
동사,verb,買い替える,かいかえる,새 것으로 교체하다,車を買い替える。,차를 새 것으로 교체하다.,,買い替える 새 것으로 교체하다 かいかえる,N1
동사,verb,害する,がいする,해치다,健康を害する。,건강을 해치다.,,害する 해치다 がいする,N1
동사,verb,かいま見る,かいまみる,슬쩍 엿보다,ドアの間からかいま見る。,문틈으로 슬쩍 엿보다.,,かいま見る 슬쩍 엿보다 かいまみる,N1
동사,verb,顧みる,かえりみる,돌아보다,多事多難の一年を顧みる。,다사다난한 한 해를 돌아보다.,,顧みる 돌아보다 かえりみる,N1
동사,verb,省みる,かえりみる,반성하다,自らを省みて恥じる。,스스로를 반성하고 부끄러워하다.,,省みる 반성하다 かえ리みる,N1
동사,verb,抱え込む,かかえこむ,"끌어안다, 떠맡다",大きな荷物を抱え込む。,커다란 짐을 끌어안다.,"{""year"": ""2014""}","抱え込む 2014 끌어안다, 떠맡다 かかえこむ",N1
동사,verb,掲げる,かかげる,"달다, 내걸다",国旗を掲げる。,국기를 게양하다.,,"掲げる 달다, 내걸다 かかげる",N1
동사,verb,欠く,かく,"빠지다, 결여되다",集中力を欠く。,집중력이 부족하다.,,"欠く 빠지다, 결여되다 かく",N1
동사,verb,駆け寄る,かけよる,"달려오다, 달려가다",駆け寄って握手をする。,달려와서 악수를 하다.,,"駆け寄る 달려오다, 달려가다 かけよる",N1
동사,verb,賭ける,かける,"내기하다, 도박하다",競馬で大金を賭ける。,경마에서 큰 돈을 걸다.,,"賭ける 내기하다, 도박하다 かける",N1
동사,verb,かこつける,かこつける,핑계 삼다,病気にかこつけて学校を休む。,병을 핑계 삼아 학교를 쉬다.,,かこつける 핑계 삼다,N1
동사,verb,かさばる,かさばる,(부피가) 커지다,荷物がかさばる。,짐이 커지다.,"{""year"": ""2018""}",かさばる 2018 (부피가) 커지다,N1
동사,verb,かさむ,かさむ,"늘어나다(부피, 비용 등)",費用がかさむ。,비용이 늘어나다.,,かさむ 늘어나다 かさむ,N1
동사,verb,掠る,かする,스치다,車が電柱を掠った。,차가 전봇대를 스쳤다.,,掠る 스치다 かする,N1
동사,verb,傾ける,かたむける,기울이다,耳を傾ける。,귀를 기울이다.,,傾ける 기울이다 かたむける,N1
동사,verb,叶える,かなえる,"이루다, 만족시키다",長年の夢を叶える。,오랜 꿈을 이루다.,,"叶える 이루다, 만족시키다 かなえる",N1
동사,verb,かばう,かばう,"감싸다, 편들다",部下をかばう。,부하를 감싸다.,"{""year"": ""2013""}","かばう 2013 감싸다, 편들다",N1
동사,verb,かぶれる,かぶれる,"덧나다, 푹 빠지다",アメリカの文化にかぶれる。,미국 문화에 푹 빠지다.,,"かぶれる 덧나다, 푹 빠지다",N1
동사,verb,構える,か마에루,"갖추다, 태도를 취하다",都心に事務所を構える。,도심에 사무소를 마련하다.,,"構える 갖추다, 태도를 취하다 かまえ루",N1
동사,verb,噛み合う,かみあう,서로 맞물리다,話が噛み合わない。,이야기가 서로 맞지 않다.,,噛み合う 서로 맞물리다 かみあう,N1
동사,verb,絡む,からむ,"휘감기다, 관련되다",事件の裏には政治家が絡んでいる。,사건 뒤에는 정치가가 관련되어 있다.,,"絡む 휘감기다, 관련되다 からむ",N1
동사,verb,交わす,かわす,"주고받다, 나누다",握手を交わす。,악수를 주고받다.,,"交わす 주고받다, 나누다 かわす",N1
동사,verb,聞き流す,ききながす,흘려듣다,そんなうわさは聞き流すことだ。,그런 소문은 흘려들어야 한다.,,聞き流す 흘려듣다 ききながす,N1
동사,verb,きしむ,きしむ,삐걱거리다,座る度に椅子がきしむ。,앉을 때마다 의자가 삐걱거린다.,,きしむ 삐걱거리다,N1
동사,verb,築き上げる,きずきあげる,"구축하다, 쌓아 올리다",苦労して財産を築き上げる。,고생하여 재산을 쌓다.,,"築き上げる 구축하다, 쌓아 올리다 きずきあげる",N1
동사,verb,競う,きそう,"겨루다, 경쟁하다",市長選は2氏が激しく競っている。,시장 선거는 두 사람이 치열하게 경합하고 있다.,"{""year"": ""2016""}","競う 2016 겨루다, 경쟁하다 きそう",N1
동사,verb,鍛える,きたえる,단련하다,スポーツで体を鍛える。,스포츠로 몸을 단련하다.,,鍛える 단련하다 きたえる,N1
동사,verb,きたす,きたす,초래하다,支障をきたす。,지장을 초래하다.,,きたす 초래하다,N1
동사,verb,興じる,きょうじる,흥겨워하다,遊びに興じる。,놀이에 흥미를 느끼다.,,興じる 흥겨워하다 きょうじる,N1
동사,verb,切り替える,きりかえる,"바꾸다, 전환하다",冷房を暖房に切り替える。,냉방을 난방으로 전환하다.,,"切り替える 바꾸다, 전환하다 きりかえる",N1
동사,verb,極める,きわめる,"끝까지 이루다, 극에 달하다",復旧作業は困難を極めている。,복구 작업은 극도로 곤란한 상태이다.,"{""year"": ""2010""}","極める 2010 끝까지 이루다, 극에 달하다 きわめる",N1
동사,verb,食い違う,くいちがう,"어긋나다, 엇갈리다",両者の証言が食い違っている。,양자의 증언이 엇갈리고 있다.,"{""year"": ""2016""}","食い違う 2016 어긋나다, 엇갈리다 くいちがう",N1
동사,verb,食いつく,くいつく,"달려들다, 물고 늘어지다",もうけ話に食いつく。,돈벌이 이야기에 달려들다.,,"食いつく 달려들다, 물고 늘어지다",N1
동사,verb,食い止める,くいとめる,"막다, 저지하다",経営の悪化를 食い止める。,경영 악화를 막다.,"{""year"": ""2014""}","食い止める 2014 막다, 저지하다 くいとめる",N1
동사,verb,悔いる,くいる,"후회하다, 뉘우치다",自分の犯した過ちを悔いる。,자신이 범한 잘못을 뉘우치다.,,"悔いる 후회하다, 뉘우치다 くいる",N1
동사,verb,くぐる,くぐる,"빠져나가다, 뚫고 나가다",難関をくぐって試験に合格した。,난관을 헤치고 시험에 합격했다.,,"くぐる 빠져나가다, 뚫고 나가다",N1
동사,verb,口ずさむ,くちずさむ,흥얼거리다,歌を口ずさみながら歩く。,노래를 흥얼거리면서 걷다.,,口ずさむ 흥얼거리다 くちずさむ,N1
동사,verb,朽ちる,くちる,썩다,公園のベンチが朽ちている。,공원의 벤치가 썩어 있다.,,朽ちる 썩다 くちる,N1
동사,verb,覆す,くつがえす,뒤집다,予想を覆して新人が当選した。,예상을 뒤집고 신인이 당선되었다.,"{""year"": ""2019""}",覆す 2019 뒤집다 くつがえす,N1
동사,verb,けなす,けなす,"깎아내리다, 헐뜯다",他人の作品をけなす。,타인의 작품을 깎아내리다.,"{""year"": ""2012""}","けなす 2012 깎아내리다, 헐뜯다",N1
동사,verb,心掛ける,こころがける,"주의하다, 명심하다",安全第一を心掛ける。,안전 제일을 명심하다.,,"心掛ける 주의하다, 명심하다 こころがける",N1
동사,verb,試みる,こころみる,시도하다,新しいシステムの導入を試みる。,새로운 시스템의 도입을 시도하다.,,試みる 시도하다 こころみる,N1
동사,verb,こじれる,こじれる,악화되다,風邪がこじれて肺炎になった。,감기가 악화되어 폐렴이 되었다.,,こじれる 악화되다,N1
동사,verb,こだわる,こだわる,"얽매이다, 집착하다",形式にこだわる必要はない。,형식에 집착할 필요는 없다.,,"こだわる 얽매이다, 집착하다",N1
동사,verb,拒む,こばむ,거부하다,情報の公開を拒む。,정보의 공개를 거부하다.,"{""year"": ""2014""}",拒む 2014 거부하다 こばむ,N1
동사,verb,ごまかす,ごまかす,속이다,人をごまかしてお金を盗む。,남을 속여 돈을 훔치다.,,ごまかす 속이다,N1
동사,verb,籠もる,こもる,틀어박히다,子供は部屋に籠もったきり出て来ない。,아이는 방에 틀어박힌 채 나오지 않는다.,,籠もる 틀어박히다 こもる,N1
동사,verb,懲らしめる,こらしめる,"징계하다, 응징하다",悪人を懲らしめる。,악인을 응징하다.,,"懲らしめる 징계하다, 응징하다 こらしめる",N1
동사,verb,懲りる,こりる,"질리다, 데다",前の失敗に懲りて慎重になる。,이전의 실패에 데어서 신중해지다.,,"懲りる 질리다, 데다 こりる",N1
동사,verb,凝る,こる,① 뻐근하다 ② 열중하다,今、釣りに凝っている。,지금 낚시에 열중하고 있다.,,"凝る ① 뻐근하다, 결리다 ② 열중하다",N1
동사,verb,遮る,さえぎる,차단하다,カーテンで光を遮る。,커튼으로 빛을 차단하다.,"{""year"": ""2011""}",遮る 2011 차단하다 さえぎる,N1
동사,verb,さえずる,さえずる,지저귀다,鳥のさえずる声で目覚める。,새가 지저귀는 소리에 눈을 뜨다.,,사えずる (새가) 지저귀다,N1
동사,verb,冴える,さえり,"맑아지다, 선명해지다",夜空に星が冴える。,밤하늘에 별이 선명하다.,,"冴える 맑아지다, 선명해지다 さえる",N1
동사,verb,先駆ける,さきがける,(남보다) 앞서다,라이벌社에 先駆けて新製品を売り出す。,라이벌사에 앞서 신제품을 발매하다.,,先駆ける (남보다) 앞서다 さきがける,N1
동사,verb,先立つ,さきだつ,"앞장서다, 앞서다",試合に先立って開会式が行われた。,시합에 앞서 개회식이 거행되었다.,,"先立つ 앞장서다, 앞서다 さきだつ",N1
동사,verb,裂く,さく,찢다,布를 裂く。,천을 찢다.,,裂く 찢다 さく,N1
동사,verb,割く,さく,"할애하다, 내어주다",時間を割く。,시간을 할애하다.,,"割く 할애하다, 내어주다 さく",N1
동사,verb,捧げる,ささげる,바치다,医学の研究に一生を捧げる。,의학 연구에 일생을 바치다.,,捧げる 바치다 ささげる,N1
동사,verb,差し掛かる,さしかかる,접어들다,車が交差点に差し掛かる。,차가 교차로에 접어들다.,,差し掛かる 접어들다 さしかかる,N1
동사,verb,授ける,さずける,"하사하다, 수여하다",学位を授ける。,학위를 수여하다.,,"授ける 하사하다, 수여하다 さずける",N1
동사,verb,定まる,さだまる,"정해지다, 결정되다",会社の方針が定まる。,회사의 방침이 결정되다.,,"定まる 정해지다, 결정되다 さだまる",N1
동사,verb,定める,さ다める,정하다,合格者の基準を定める。,합격자의 기준을 정하다.,"{""year"": ""2019""}",定める 2019 정하다 さだめる,N1
동사,verb,察する,さっする,헤아리다,被害者の心情を察する。,피해자의 심정을 헤아리다.,"{""year"": ""2016""}",察する 2016 헤아리다 さっする,N1
동사,verb,悟る,さとる,깨닫다,事の重大さを悟る。,일의 중대함을 깨닫다.,,悟る 깨닫다 さとる,N1
동사,verb,裁く,さばく,재판하다,事件を公平に裁く。,사건을 공평하게 재판하다.,,裁く 재판하다 さばく,N1
동사,verb,さ迷う,さまよう,방황하다,生死의 境를 さ迷う。,생사의 경계를 방황하다.,,さ迷う 방황하다 さまよう,N1
동사,verb,障る,さわる,"지장을 초래하다, 해가 되다",夜更かしは体に障る。,밤샘은 몸에 해롭다.,,"障る 지장을 초래하다, 해가 되다 さわる",N1
동사,verb,強いる,しいる,강요하다,服従を強いる。,복종을 강요하다.,,強いる 강요하다 しいる,N1
동사,verb,仕入れる,しいれる,매입하다,食材を仕入れる。,식재료를 매입하다.,,仕入れる 매입하다 しいれる,N1
동사,verb,しがみつく,しがみつく,매달리다,子どもは泣きながら父親にしがみついている。,아이는 울면서 아버지에게 매달리고 있다.,"{""year"": ""2014""}",しが미つく 2014 매달리다,N1
동사,verb,しくじる,しくじる,"실패하다, 그르치다",試験を何回もしくじる。,시험을 몇 번이나 그르치다.,"{""year"": ""2018""}","しくじる 2018 실패하다, 그르치다",N1
동사,verb,慕う,したう,"그리워하다, 우러르다",故人の徳を慕う。,고인의 덕을 우러르다.,"{""year"": ""2015""}","慕う 2015 그리워하다, 우러르다 したう",N1
동사,verb,仕立てる,したてる,"① 만들다 ② 길러내다, 양성하다",ドレスを仕立てる。,드레스를 만들다.,,"仕立てる ① 만들다 ② 길러내다, 양성하다 したてる",N1
동사,verb,しのぐ,しのぐ,견디다,飢えをしのぐ。,굶주림을 견디다.,,しのぐ 견디다,N1
동사,verb,染みる,しみる,"① 번지다, 스며들다 ② 절실히 느끼다",味が染みる。,맛이 스며들다.,"{""year"": ""2019""}","染みる 2019 ① 번지다, 스며들다 ② 절실히 느끼다 しみる",N1
동사,verb,しゃれる,しゃれる,세련되다,デザインがしゃれている。,디자인이 세련되다.,,しゃれる 세련되다,N1
동사,verb,準ずる,じゅんずる,준하다,正職員に準ずる待遇をする。,정직원에 준하는 대우를 하다.,,準ずる 준하다 じゅんずる,N1
동사,verb,白ける,しらける,① 흥이 깨지다 ② 퇴색하다,座が白ける。,(그 장소의) 흥이 깨지다.,,白ける ① 흥이 깨지다 ② 퇴색하다 しらける,N1
동사,verb,退く,しりぞく,물러나다,政界から退く。,정계에서 물러나다.,"{""year"": ""2016""}",退く 2016 물러나다 しりぞく,N1
동사,verb,記す,しるす,기록하다,出来事を日記に記す。,사건을 일기에 기록하다.,,記す 기록하다 しるす,N1
동사,verb,据える,すえる,"① 고정시키다 ② (지위에) 앉히다, 모시다",部屋の真ん中にテーブルを据える。,방 한가운데에 테이블을 놓다.,,据える ① 고정시키다 ② 모시다 すえる,N1
동사,verb,過ぎ去る,すぎさる,지나가 버리다,過ぎ去った青春。,지나가 버린 청춘.,,過ぎ去る 지나가 버리다 すぎさる,N1
동사,verb,すすぐ,すすぐ,헹구다,洗濯物をすすぐ।,빨래를 헹구다.,,すすぐ 헹구다,N1
동사,verb,廃れる,すたれる,쇠퇴하다,流行は廃れるものだ。,유행은 쇠퇴하는 법이다.,"{""year"": ""2016""}",廃れる 2016 쇠퇴하다 すたれる,N1
동사,verb,澄む,すむ,맑다,空が澄んでいる。,하늘이 맑다.,,澄む 맑다 すむ,N1
동사,verb,制する,せいする,① 제압하다 ② 제정하다,機先を制する。,기선을 제압하다.,,制する ① 제압하다 ② 제정하다 せいする,N1
동사,verb,急かす,せかす,재촉하다,仕事を急かす。,일을 재촉하다.,"{""year"": ""2013""}",急かす 2013 재촉하다 せかす,N1
동사,verb,添える,そえる,"더하다, 곁들이다, 첨부하다",贈り物にカードを添える。,선물에 카드를 곁들이다.,,"添える 더하다, 곁들이다, 첨부하다 そえる",N1
동사,verb,損なう,そこなう,해치다,健康を損なう。,건강을 해치다.,"{""year"": ""2014""}",損なう 2014 해치다 そこなう,N1
동사,verb,そびえる,そびえる,우뚝 솟다,高層ビルがそびえている。,고층 빌딩이 우뚝 솟아 있다.,,そびえる 우뚝 솟다,N1
동사,verb,染まる,そまる,물들다,布が赤く染まる。,옷감이 붉게 물들다.,,染まる 물들다 そまる,N1
동사,verb,背く,そむく,"등지다, 어기다, 거역하다",命令に背く。,명령을 거역하다.,,"背く 등지다, 어기다, 거역하다 そむく",N1
동사,verb,背ける,そむける,"(얼굴, 눈길을) 돌리다, 외면하다",惨状に目を背ける。,참혹한 상황에 눈길을 돌리다.,,"背ける 돌리다, 외면하다 そむける",N1
동사,verb,染める,そめる,물들이다,髪を染める。,머리를 염색하다.,,染める 물들이다 そめる,N1
동사,verb,逸らす,そらす,"놓치다, 방향을 돌리다",話題を逸らす。,화제를 돌리다.,,"逸らす 놓치다, 방향을 돌리다 そらす",N1
동사,verb,反る,そる,휘어지다,乾いて板が反る。,말라서 널판지가 휘어지다.,,反る 휘어지다 そる,N1
동사,verb,たえる,たえる,"① 견디다, 참다(耐える) ② ~할 만하다(堪える)",悲しみにたえる。,슬픔을 참다.,,たえる ① 견디다 ② ~할 만하다,N1
동사,verb,絶える,たえる,끊어지다,人通り가 絶える。,사람의 왕래가 끊어지다.,,絶える 끊어지다 たえる,N1
동사,verb,たしなむ,たしなむ,"애호하다, 즐기다",タバコをたしなむ。,담배를 즐기다.,,"たしなむ 애호하다, 즐기다",N1
동사,verb,携える,たずさえる,"휴대하다, 소지하다",手土産を携えて訪問하는,간단한 선물을 들고 방문하다.,,"携える 휴대하다, 소지하다 たずさえる",N1
동사,verb,携わる,たず사わる,종사하다,教育に携わる。,교육에 종사하다.,"{""year"": ""2014""}",携わる 2014 종사하다 たずさわる,N1
동사,verb,たたえる,たたえる,"기리다, 칭찬하다",勇気をたたえる。,용기를 칭찬하다.,"{""year"": ""2017""}","たたえる 2017 기리다, 칭찬하다",N1
동사,verb,漂う,ただよう,① 떠다니다 ② (분위기가) 감돌다,雲が漂う。,구름이 떠다니다.,"{""year"": ""2014""}",漂う 2014 ① 떠다니다 ② 감돌다 ただよう,N1
동사,verb,立ち尽くす,たちつくす,멈춰 서다,呆然と立ち尽くす。,우두커니 서 있다.,,立ち尽くす 멈춰 서다 たちつくす,N1
동사,verb,断つ,たつ,"끊다, 그만두다",関係を断つ。,관계를 끊다.,,"断つ 끊다, 그만두다 たつ",N1
동사,verb,立て替える,たてかえる,대신 지불하다,会費を立て替える。,회비를 대신 지불하다.,"{""year"": ""2013""}",立て替える 2013 대신 지불하다 たてかえる,N1
동사,verb,奉る,たてまつる,"① 바치다, 받들다 ② 받들어 모시다",会長に奉る。,회장으로 모시다.,,"奉る ① 바치다, 받들다 ② 모시다 たてまつる",N1
동사,verb,たどり着く,たどりつく,"겨우 도착하다, 도달하다",山頂にたどり着く。,산 정상에 간신히 도착하다.,,"たどり着く 겨우 도착하다, 도달하다 たどりつく",N1
동사,verb,たどる,たどる,"더듬어 찾다, 더듬어가다",地図をたどって目的地に着く。,지도를 더듬어가며 목적지에 도착하다.,"{""year"": ""2014""}","たどる 2014 더듬어 찾다, 더듬어가다 たどる",N1
동사,verb,束ねる,たばねる,묶다,古新聞を束ねる。,헌 신문을 묶다.,"{""year"": ""2018""}",束ねる 2018 묶다 たばねる,N1
동사,verb,賜る,たまわる,받잡다(もらう의 겸손),お言葉を賜る。,말씀을 받잡다(듣다).,,賜る 받잡다 たまわる,N1
동사,verb,垂らす,たらす,늘어뜨리다,ロープを垂らす。,로프를 늘어뜨리다.,,垂らす 늘어뜨리다 たらす,N1
동사,verb,弛む,たるむ,① 늘어지다 ② 해이해지다,気が弛んでいる。,마음이 해이해지다.,,弛む ① 늘어지다 ② 해이해지다 たるむ,N1
동사,verb,垂れる,たれる,늘어지다,前髪が額に垂れている。,앞머리가 이마 쪽으로 늘어져 있다.,,垂れる 늘어지다 たれる,N1
동사,verb,費やす,ついやす,"쓰다, 소비하다",趣味に時間を費やす。,취미에 시간을 소비하다.,"{""year"": ""2012""}","費やす 2012 쓰다, 소비하다 ついやす",N1
동사,verb,仕える,つかえる,섬기다,神に仕える。,신을 섬기다.,,仕える 섬기다 つかえる,N1
동사,verb,司る,つかさどる,"담당하다, 감독하다",行政を司る。,행정을 담당하다.,,"司る 담당하다, 감독하다 つかさどる",N1
동사,verb,突き進む,つきすすむ,돌진하다,目標に向かって突き進む。,목표를 향해 돌진하다.,,突き進む 돌진하다 つきすすむ,N1
동사,verb,尽くす,つくす,다하다,常にベストを尽くしたい。,항상 최선을 다하고 싶다.,"{""year"": ""2016""}",尽くす 2016 다하다 つくす,N1
동사,verb,償う,つぐなう,"보상하다, 속죄하다",罪を償う。,죄를 갚다(속죄하다).,,"償う 보상하다, 속죄하다 つぐなう",N1
동사,verb,繕う,つくろう,"수선하다, 깁다",靴下を繕う。,양말을 깁다.,,"繕う 수선하다, 깁다 つくろう",N1
동사,verb,告げる,つげる,"고하다, 알리다",別れを告げる。,이별을 고하다.,,"告げる 고하다, 알리다 つげる",N1
동사,verb,突っかかる,つっかかる,① 걸리다 ② 덤벼들다,相手かまわず突っかかる。,상대가 누구든 상관하지 않고 덤벼들다.,,突っかかる ① 걸리다 ② 덤벼들다,N1
동사,verb,培う,つちかう,① 배양하다 ② 재배하다,学力を培う。,학력을 배양하다.,,培う ① 배양하다 ② 재배하다 つちかう,N1
동사,verb,慎む,つつしむ,"조심하다, 삼가다",言動を慎む।,언동을 조심하다.,,"慎む 조심하다, 삼가다 つつしむ",N1
동사,verb,突っ張る,つっぱる,"버티다, 강경하게 나가다",妥協せずに突っ張る。,타협하지 않고 버티다.,,"突っ張る 버티다, 강경하게 나가다 つっぱる",N1
동사,verb,つなぐ,つなぐ,"잇다, 연결하다",電話をつなぐ।,전화를 연결하다.,,"つ나ぐ 잇다, 연결하다",N1
동사,verb,募る,つのる,① 모집하다 ② 점점 심해지다,不安が募る।,불안감이 더해간다.,"{""year"": ""2018""}",募る 2018 ① 모집하다 ② 점점 심해지다 つのる,N1
동사,verb,呟く,つぶやく,중얼거리다,一人で呟く。,혼자서 중얼거리다.,"{""year"": ""2019""}",呟く 2019 중얼거리다 つぶやく,N1
동사,verb,つぶる,つぶる,감다,目をつぶって考える。,눈을 감고 생각하다.,,つぶる (눈을) 감다,N1
동사,verb,つまむ,つまむ,집다,指でつまんで食べる।,손가락으로 집어 먹는다.,,つまむ 집다,N1
동사,verb,積み重なる,つみかさなる,쌓이다,疲れ가 積み重なる。,피로가 쌓이다.,,積み重なる 쌓이다 つみか사なる,N1
동사,verb,積み立てる,つみたてる,"적립하다, (돈을) 모으다",旅行の費用を積み立てる।,여행의 비용을 모으다.,,積み立てる 적립하다 つみたてる,N1
동사,verb,摘む,つむ,"(손으로) 따다, 뜯다, 잘라내다",花を摘む。,꽃을 따다.,,"摘む 따다, 뜯다 つむ",N1
동사,verb,貫く,つらぬく,관철하다,自分の意思を貫く।,자신의 의사를 관철하다.,"{""year"": ""2013""}",貫く 2013 관철하다 つらぬく,N1
동사,verb,手がける,てがける,"손대다, 직접 다루다",手がけた仕事は全部失敗した。,손 댄 일은 전부 실패했다.,,"手がける 손대다, 직접 다루다 てがける",N1
동사,verb,徹する,てっする,"(~에) 철저하다, 일관하다",家業に徹する।,가업에 충실하다.,,徹하는 (~에) 철저하다 てっする,N1
동사,verb,転じる,てんじる,"바꾸다, 바뀌다",学者から政治家に転じる।,학자에서 정치가로 바뀌다.,,"転じる 바꾸다, 바뀌다 てんじる",N1
동사,verb,投じる,とうじる,"뛰어들다, 던지다",第一球を投じる।,첫 공을 던지다.,,"投じる 뛰어들다, 던지다 とうじる",N1
동사,verb,尊ぶ,とうとぶ,존중하다,少数意見も尊ぶべきだ。,소수의견도 존중해야 한다.,,尊ぶ 존중하다 とうとぶ,N1
동사,verb,遠ざかる,とおざかる,멀어지다,足音が遠ざかる।,발소리가 멀어지다.,,遠ざかる 멀어지다 とおざかる,N1
동사,verb,とがめる,とがめる,① 나무라다 ② 가책을 받다,失敗をとがめる. / 気がと가める.,실패를 나무라다. / 마음에 걸리다.,,とがめる ① 나무라다 ② 가책을 받다,N1
동사,verb,解き放つ,ときはなつ,"풀어주다, 해방하다",古いしきたりから人々を解き放つ。,오랜 관습으로부터 사람들을 해방시키다.,,"解き放つ 풀어주다, 해방하다 ときはなつ",N1
동사,verb,途切れる,とぎれる,"중단되다, 끊기다",会話が途切れる।,대화가 끊기다.,,"途切れる 중단되다, 끊기다 とぎれる",N1
동사,verb,説く,とく,설명하다,開発の必要性を説く।,개발의 필요성을 설명하다.,,説く 설명하다 とく,N1
동사,verb,研ぐ,とぐ,① 갈다 ② 곡식을 씻다,包丁を研ぐ. / 米を研ぐ.,부엌칼을 갈다. / 쌀을 씻다.,,研ぐ ① 갈다 ② 씻다 とぐ,N1
동사,verb,遂げる,とげる,"이루다, 달성하다",目的を遂げる।,목적을 달성하다.,"{""year"": ""2017""}","遂げる 2017 이루다, 달성하다 とげる",N1
동사,verb,綴じる,とじる,"철하다, 묶다",原稿を綴じる।,원고를 철하다.,,"綴じる 철하다, 묶다 とじる",N1
동사,verb,途絶える,とだえる,"끊어지다, 두절되다",便りが途絶える।,소식이 두절되다.,,"途絶える 끊어지다, 두절되다 とだえる",N1
동사,verb,滞る,とどこおる,"막히다, 정체되다, 밀리다",家賃が滞っている.।,집세가 밀리고 있다.,"{""year"": ""2018""}","滞る 2018 막히다, 정체되다 とどこおる",N1
동사,verb,唱える,となえる,"주장하다, 외치다",新しい学説を唱える।,새로운 학설을 주장하다.,"{""year"": ""2015""}","唱える 2015 주장하다, 외치다 となえる",N1
동사,verb,飛び交う,とびかう,"난무하다, 어지럽게 날다",噂が飛び交う.।,소문이 난무하다.,,"飛び交う 난무하다, 어지럽게 날다 とびかう",N1
동사,verb,とぼける,とぼける,시치미를 떼다,知らないととぼける.।,모른다고 시치미를 떼다.,,とぼける 시치미를 떼다,N1
동사,verb,戸惑う,とまどう,당황하다,急に聞かれて戸惑う.।,갑자기 질문을 받고 당황하다.,"{""year"": ""2016""}",戸惑う 2016 당황하다 とまどう,N1
동사,verb,取り扱う,とりあつかう,취급하다,荷物を丁寧に取り扱う.।,짐을 조심스럽게 취급하다.,,取り扱う 취급하다 とりあつかう,N1
동사,verb,取り調べる,とりしらべる,"조사하다, 취조하다",容疑者を取り調べる.।,용의자를 취조하다.,,"取り調べる 조사하다, 취조하다 とりしらべる",N1
동사,verb,取り付く,とりつく,"매달리다, 착수하다",新しい研究課題に取り付く。,새로운 연구과제에 매달리다.,,取り付く 매달리다. 착수하다 新しい研究課題に取り付く 新しい研究課題に取り付く。 새로운 연구과제에 매달리다. とりつく,N1
동사,verb,取り次ぐ,とりつぐ,"전달하다, 중개하다",伝言を取り次ぐ。,전언을 전달하다.,,取り次ぐ 전달하다. 중개하다 取り次ぐ。 전언을 전달하다. とりつく,N1
동사,verb,取り付ける,とりつける,설치하다,クーラーを取り付ける。,에어컨을 설치하다.,,取り付ける 설치하다 クーラーを取り付ける。 에어컨을 설치하다. とりつける,N1
동사,verb,取り除く,とりのぞく,제거하다,不良品を取り除く。,불량품을 제거하다.,,取り除く 제거하다 不良品を取り除く。 불량품을 제거하다. とりのぞく,N1
동사,verb,取り巻く,とりまく,둘러싸다,ファンに取り巻かれる。,팬들에게 둘러싸이다.,,取り巻く 둘러싸다 ファンに取り巻かれる。 팬들에게 둘러싸이다. とりまく,N1
동사,verb,取り戻す,とりもどす,"되찾다, 회복하다",健康を取り戻す。,건강을 회복하다.,"{""year"": ""2015""}",取り戻す 2015 되찾다. 회복하다 健康を取り戻す。 건강을 회복하다. とりもどす,N1
동사,verb,取り寄せる,とりよせる,주문하여 들여오다,メーカーからサンプルを取り寄せる。,제조업체로부터 샘플을 들여오다.,,取り寄せる 주문하여 들여오다 メーカーからサンプルを取り寄せる メーカーからサンプルを取り寄せる。 제조업체로부터 샘플을 들여오다. とりよせる,N1
동사,verb,採る,とる,"뽑다, 채용하다, 선택하다",新入社員を採る。,신입사원을 채용하다.,,"採る 뽑다. 채용하다, 선택하다 新入社員を探る。 신입사원을 채용하다. とる",N1
동사,verb,とろける,とろける,녹다,熱でバターがとろける。,열로 버터가 녹다.,,とろける 녹다 熱でバターがとろける。 열로 버터가 녹다.,N1
동사,verb,嘆く,なげく,한탄하다,失敗を嘆く。,실패를 탄식하다.,,嘆く 한탄하다 しっぱいなげ 失敗を嘆く。 실패를 탄식하다. なげく,N1
동사,verb,なじむ,なじむ,친숙해지다,都会の生活になじむ。,도시 생활에 익숙해지다.,"{""year"": ""2010""}",なじむ 2010 친숙해지다 とかいせいかつ 都会の生活になじむ。 도시 생활에 익숙해지다.,N1
동사,verb,詰る,なじる,"힐책하다, 따지다",部下の怠慢を詰る。,부하의 나태함을 힐책하다.,,詰る 힐책하다. 따지다 部下の怠惰を詰る。 부하의 나태한을 힐책하다. なじる,N1
동사,verb,懐く,なつく,"(주로 사람에게) 친숙해져 따르다, 친해지다",新しい先生に懐く。,새로운 선생님을 따르다.,,懐く (주로 사람에게) 친숙해져 따르다. 친해지다 新しい先生に懐く。 새로운 선생님을 따르다. なつく,N1
동사,verb,名付ける,なづける,"이름짓다, 명명하다",長男を一郎と名付ける。,장남을 이치로라고 이름짓다.,,名付ける 이름짓다. 명명하다 を一郎と名付ける。 장남을 이치로라고 이름짓다. なづける,N1
동사,verb,なめる,なめる,① 핥다 ② 깔보다,飴をなめる。素人になめられる。,사탕을 빨다. 초보자에게 무시당하다.,,なめる ① 핥다 ② 깔보다 あめ 飴をなめる。사탕을 빨다. しろうと 素人になめられる。초보자에게 무시당하다.,N1
동사,verb,倣う,ならう,"모방하다, 본받다, 따르다",前例に倣って決める。,전례에 따라 결정하다.,,倣う 모방하다. 본받다. 따르다 前例に倣って決める。 전례에 따라 결정하다. ならう,N1
동사,verb,慣らす,ならす,"길들이다, 익숙하도록 하다",体を寒さに慣らす。,몸을 추위에 익숙하게 하다.,,慣らす 길들이다. 익숙하도록 하다 体を さに慣らす。 몸을 추위에 익숙하게 하다. ならす,N1
동사,verb,成り立つ,なりたつ,성립되다,契約が成り立つ。,계약이 성립되다.,,成り立つ 성립되다 契約が成り立つ。 계약이 성립되다. なりたつ,N1
동사,verb,似通う,にかよう,"서로 닮다, 서로 비슷하다",服装が似通っている。,복장이 서로 비슷하다.,,似通う 서로 닮다. 서로 비슷하다 服装が似通っている。 복장이 서로 비슷하다. にかよう,N1
동사,verb,賑わう,にぎわう,"활기차다, 붐비다",観光客で賑わっている。,관광객으로 붐비다.,"{""year"": ""2010""}",賑わう 2010 활기차다. 붐비다 かんこうきくにぎ 観光客で賑わっている。 관광객으로 붐비다. にぎわう,N1
동사,verb,にじむ,にじむ,"배다, 스미다",血のにじむような努力をする。,피나는 노력을 하다.,"{""year"": ""2019""}",にじむ 2019 배다. 스미다 血のにじむような努力をする。 피나는 노력을 하다.,N1
동사,verb,煮立つ,にたつ,"펄펄 끓다, 끓어오르다",スープが煮立つ。,스프가 끌어오르다.,,煮立つ 펄펄 끓다. 끓어오르다 にた スープが煮立つ。 스프가 끌어오르다. にたつ,N1
동사,verb,担う,になう,"짊어지다, 떠맡다",国の未来を担う若者たち。,나라의 미래를 짊어질 젊은이들.,"{""year"": ""2013""}",担う 2013 짊어지다. 떠맡다 みらい なわかもの くに 国の未来を担う若者たち 나라의 미래를 짊어질 젊은이들. になう,N1
동사,verb,鈍る,にぶる,"무디어지다, 둔해지다",練習不足で腕が鈍る。,연습 부족으로 실력이 둔해지다.,"{""year"": ""2011""}","鈍る 2011 にぶる 무디어지다, 둔해지다 練習不足で腕が鈍る。",N1
동사,verb,にらむ,にらむ,노려보다,鋭い目つきでにらむ。,날카로운 눈초리로 노려보다.,,にらむ にらむ 노려보다 鋭い目つきでにらむ。,N1
동사,verb,抜かす,ぬかす,"빠뜨리다, 거르다",朝食を抜かす。,아침 식사를 거르다.,,"抜かす ぬかす 빠뜨리다, 거르다 朝食を抜かす。",N1
동사,verb,抜け出す,ぬけだす,살짝 빠져 나오다,会議を抜け出す。,회의를 살짝 빠져 나오다.,,抜け出す ぬけだす 살짝 빠져 나오다 会議を抜け出す。,N1
동사,verb,寝込む,ねこむ,"깊이 잠들다, (병으로) 드러눕다",風邪で寝込む。,감기로 드러눕다.,,"寝込む ねこむ 깊이 잠들다, (병으로) 드러눕다 風邪で寝込む。",N1
동사,verb,ねじれる,ねじれる,비뚤어지다,ネクタイがねじれる。,넥타이가 비뚤어지다.,,ねじれる ねじれる 비뚤어지다 ネクタイがねじれる。,N1
동사,verb,妬む,ねたむ,"질투하다, 시샘하다",友達の成功を妬む。,친구의 성공을 질투하다.,,"妬む ねたむ 질투하다, 시샘하다 友達の成功を妬む。",N1
동사,verb,ねだる,ねだる,"조르다, 떼를 쓰다",子供がおもちゃをねだって泣く。,아이가 장난감을 조르며 울다.,,"ねだる ねだる 조르다, 떼를 쓰다 子供がおもちゃをねだって泣く。",N1
동사,verb,粘る,ねばる,"끈기있다, 끝까지 버티다",最後まで粘る。,끝까지 버티다.,,"粘る ねばる 끈기있다, 끝까지 버티다 最後まで粘る。",N1
동사,verb,練る,ねる,① 반죽하다 ② 다듬다,生地を練る。対策案を練る。,반죽하다. 대책안을 다듬다.,"{""year"": ""2013""}",練る 2013 ねる ① 반죽하다 ② 다듬다 生地を練る。対策案を練る。,N1
동사,verb,逃れる,のがれる,"도망치다, 벗어나다, 면하다",責任を逃れる。,책임을 피하다.,"{""year"": ""2011""}","逃れる 2011 のがれる 도망치다, 벗어나다, 면하다 責任を逃れる。",N1
동사,verb,臨む,のぞむ,"임하다, 마주하다",試合に臨む。,시합에 임하다.,"{""year"": ""2014""}","臨む 2014 のぞむ 임하다, 마주하다 試合に臨む。",N1
동사,verb,乗っ取る,のっとる,"빼앗다, 납치하다",会社を乗っ取る。,회사를 빼앗다.,,"乗っ取る のっとる 빼앗다, 납치하다 会社を乗っ取る。",N1
동사,verb,ののしる,ののしる,욕설을 퍼붓다,人前でののしられる。,사람들 앞에서 욕을 먹다.,,ののしる ののしる 욕설을 퍼붓다 人前でののしられる。,N1
동사,verb,乗り越える,のりこえる,극복하다,不況を乗り越える。,불황을 극복하다.,,乗り越える のりこえる 극복하다 不況を乗り越える。,N1
동사,verb,乗り出す,のりだす,적극적으로 나서다,資源開発に乗り出す。,자원 개발에 나서다.,"{""year"": ""2018""}",乗り出す 2018 のりだす 적극적으로 나서다 資源開発に乗り出す。,N1
동사,verb,乗り継ぐ,のりつぐ,갈아타다,バスから電車に乗り継ぐ。,버스로 전철을 갈아타다.,"{""year"": ""2016""}",乗り継ぐ 2016 のりつぐ 갈아타다 バスから電車に乗り継ぐ。,N1
동사,verb,這う,はう,기다,赤ん坊は這って進む。,갓난아기는 기어서 앞으로 나간다.,,這う はう 기다 赤ん坊は這って進む。,N1
동사,verb,捗る,はかどる,"진척되다, 순조롭게 진행되다",仕事が捗る。,일이 진척되다.,"{""year"": ""2010""}","捗る 2010 はかどる 진척되다, 순조롭게 진행되다 仕事が捗る。",N1
동사,verb,諮る,はかる,"자문하다, 상의하다",議会に諮って決める。,의회에 자문을 구하여 결정하다.,,"諮る はかる 자문하다, 상의하다 議会に諮って決める。",N1
동사,verb,図る,はかる,"꾀하다, 도모하다",客の便宜を図る。,손님의 편의를 도모하다.,,"図る はかる 꾀하다, 도모하다 客の便宜を図る。",N1
동사,verb,剥ぐ,はぐ,벗기다,木の皮を剥ぐ。,나무 껍질을 벗기다.,,剥ぐ はぐ 벗기다 木の皮を剥ぐ。,N1
동사,verb,励ます,はげます,격려하다,被災者を励ます。,이재민을 격려하다.,,励ます はげます 격려하다 被災者を励ます。,N1
동사,verb,励む,はげむ,힘쓰다,練習に励む。,연습에 힘쓰다.,"{""year"": ""2013""}",励む 2013 はげむ 힘쓰다 練習に励む。,N1
동사,verb,化ける,ばける,"둔갑하다, 변장하다",犯人は女性に化けて逃げた。,범인은 여성으로 변장해서 도망쳤다。,,化ける 둔갑하다. 변장하다 犯人は女性に化けて逃げた。 범인은 여성으로 변장해서 도망쳤다. ばける,N1
동사,verb,はじく,はじく,튕기다,そろばんの玉をはじく。,주판알을 튕기다。,"{""year"": ""2017""}",はじく 2017 튕기다 そろばんの玉をはじく。 주판알을 챙기다.,N1
동사,verb,はしゃぐ,はしゃぐ,"들떠서 떠들다, 재잘거리다",子供のようにはしゃぐ。,아이처럼 재잘대다。,,はしゃぐ 들떠서 떠들다. 재잘거리다 子供のようにはしゃく 아이처럼 재잘대다.,N1
동사,verb,恥らう,はじらう,부끄러워하다,人前に出るのを恥らう。,남의 앞에 나서는 것을 부끄러워하다。,,恥らう 부끄러워하다 人前に出るのを恥らう。 남의 앞에 나서는 것을 부끄러워하다. はじらう,N1
동사,verb,恥じる,はじる,"부끄러워하다, 부끄럽게 생각하다",軽率な発言を恥じる。,경솔한 발언을 부끄러워하다。,,恥じる 부끄러워하다. 부끄럽게 생각하다 軽率な発言を恥じる。 경솔한 발언을 부끄러워하다. はじる,N1
동사,verb,弾む,はずむ,튀다,このボールはよく弾む。,이 공은 잘 튄다。,"{""year"": ""2011""}",弾む 2011 튀다 はず このボールはよく弾むむ。이 공은 잘 된다. はずむ,N1
동사,verb,はせる,はせる,"① 달리게 하다, 몰다 ② (명성을) 떨치다",馬をはせる。名声をはせる。,말을 몰다. 명성을 떨치다。,,はせる ① 달리게 하다. 몰다 ② (명성을 떨치다 馬をはせる。말을 몰다. 名声をはせる。명성을 떨치다.,N1
동사,verb,ばてる,ばてる,"지치다, 녹초가 되다",暑さにばててしまう。,더위에 지치다。,"{""year"": ""2018""}",ばてる 2018 지치다. 녹초가 되다 暑さにばててしまう。더위에 지지다.,N1
동사,verb,跳ね返る,はねかえる,"튀어오르다, 되돌아오다",ボールが跳ねる。,공이 튀어오르다。,,"跳ね返る 튀어오르다, 되돌아오다 ボールが跳ねる。공이 튀어오르다. はねかえる",N1
동사,verb,はまる,はまる,① 꼭 들어맞다 ② 계략에 빠지다,指輪が小さくて指にはまらない。わなにはまる。,반지가 작아서 손가락에 들어가지 않는다. 함정에 빠지다。,,はまる ① 꼭 들어맞다 ② 계략에 빠지다 指輪が小さくて指にはまらない 반지가 작아서 손가락에 들어가지 않는다. わなにはまる。함정에 빠지다.,N1
동사,verb,生やす,はやす,기르다,ひげを生やす。,수염을 기르다。,,生やす 기르다 ひげを生やす。수염을 기르다. はやす,N1
동사,verb,ばらまく,ばらまく,"뿌리다, 흩뿌리다",鳥のえさをばらまく。,새의 먹이를 뿌리다。,,ばらまく 뿌리다. 흩뿌리다 鳥のえさをばらまく 새의 먹이를 뿌리다.,N1
동사,verb,張り合う,はりあう,"경쟁하다, 겨루다",主役を張り合う。,주역자리를 경쟁하다。,"{""year"": ""2017""}",張り合う 2017 경쟁하다. 겨루다=競い合う 生 を張り合う。주역자리를 경쟁하다. はりあう,N1
동사,verb,腫れる,はれる,"붓다, 부어오르다",顔が腫れている。,얼굴이 부어 있다。,,"腫れる 붓다, 부어오르다 顔が腫れている。얼굴이 부어 있다. はれる",N1
동사,verb,控える,ひかえる,"① 앞두다, 대기하다 ② 삼가다 ③ 적어두다",試合を来月に控えている。酒を控える。予定を手帳に控える。,시합을 다음 달로 앞두고 있다. 술을 삼가다. 예정을 수첩에 적어두다。,,"控える ① 앞두다, 대기하다 ② 삼가다 ③ 적어두다 試合を来月に控えている。 시합을 다음 달로 앞두고 있다. 酒を控える。 건강을 위해 술을 삼가다. 予定を手帳に控える。예정을 수첨에 적어두다. ひかえる",N1
동사,verb,率いる,ひきいる,인솔하다,生徒を率いて、遠足に行く。,학생을 인솔하여 소풍을 가다。,,率いる 인솔하다 生徒を築いて、遠足に行く 학생을 인솔하여 소풍을 가다. ひきいる,N1
동사,verb,引き起こす,ひきおこす,일으키다,トラブルを引き起こす。,문제를 일으키다。,,引き起こす 일으키다 トラブルを引き起こす。 문제를 일으키다. ひきおこす,N1
동사,verb,引き下げる,ひきさげる,"내리다, 낮추다, 인하하다",価格を引き下げる。,가격을 인하하다。,,引き下げる 내리다. 낮추다. 인하하다 価格を引き下げる。가격을 인하하다. ひきさげる,N1
동사,verb,引き締まる,ひきしまる,① 팽팽해지다 ② 바짝 긴장하다,引き締まった体をしている。気持ちが引き締まる。,단단한 몸을 지니다(군살이 없는 몸을 갖고 있다). 바짝 긴장되다。,,引き締まる ① 팽팽해지다 ② 바짝 긴장하다 引き締まった体をしている。 단단한 몸을 지니다(군살이 없는 몸을 갖고 있다). 気持ちが引き締まる。 바짝 긴장되다. ひきしまる,N1
동사,verb,引きずる,ひきずる,"질질 끌다, 끌고 가다",荷物を引きずって運ぶ。,짐을 끌어서 옮기다。,,"引きずる 질질 끌다. 끌고 가다 荷物を引きずって運ぶ, 짐을 끌어서 옮기다. ひきずる",N1
동사,verb,引き取る,ひきとる,"① 떠맡다, 인수하다 ② 물러나다, 물러가다",預けていた荷物を引き取る。その場を引き取る。,맡겼던 짐을 받다. 그 자리를 뜨다。,,引き取る ① 떠맡다. 인수하다 ② 물러나다. 물러가다 預けていた荷物を引き取る。맡겼던 짐을 받다. ひきとる その場を引き取る。그 자리를 뜨다.,N1
동사,verb,引き寄せる,ひきよせる,"끌어당기다, 유인하다",笑顔には人を引き寄せる力がある。,미소에는 사람을 끌어 당기는 힘이 있다。,,引き寄せる 끌어당기다. 유인하다 笑顔には人を引き寄せる力がある 미소에는 사람을 끌어 당기는 힘이 있다. ひきよせる,N1
동사,verb,浸す,ひたす,"담그다, 적시다",お湯に手足を浸して温める。,더운 물에 손발을 담그어 따뜻하게 하다。,,浸す 담그다. 적시다 お湯に手足を浸して温める。 더운 물에 손발을 담그어 따뜻하게 하다. ひたす,N1
동사,verb,秘める,ひめる,"숨기다, 간직하다",子供たちは無限の可能性を秘めている。,아이들은 무한한 가능성을 간직하고 있다。,"{""year"": ""2012""}",秘める 2012 숨기다. 간직하다 子供たちは無限の可能性を秘めている 아이들은 무한한 가능성을 간직하고 있다. ひめる,N1
동사,verb,冷やかす,ひやかす,① 놀리다 ② 구경만 하다,道行く人を冷やかす。店を冷やかして歩く。,길가는 사람을 놀리다. 가게를 구경만 하고 다니다。,,冷やかす ① 놀리다 ② 구경만 하다 道行く人を冷やかす。길가는 사람을 놀리다. を冷やかして歩く。가계를 구경만 하고 다니다. ひやかす,N1
동사,verb,ひらめく,ひらめく,"번쩍이다, 번뜩이다",アイデアがひらめく。,아이디어가 번뜩이다。,,ひらめく 번쩍이다. 번뜩이다 アイデアがひらめく 아이디어가 번득이다.,N1
동사,verb,封じる,ふうじる,"밀봉하다, 봉쇄하다",敵の攻撃を封じる。,적의 공격을 봉쇄하다。,,封じる 밀봉하다. 봉쇄하다 敵の攻撃を封じる。적の攻撃を封じる。적의 공격을 봉쇄하다. ふうじる,N1
동사,verb,膨れる,ふくれる,"부풀다, 불룩해지다",腹が膨れる。,배가 불룩해지다(나오다)。,,膨れる 부풀다. 불룩해지다 腹が膨れる。배가 불룩해지다(나오다). ふくれる,N1
동사,verb,老ける,ふける,"늙다, 나이를 먹다",年の割には老けてみえる。,나이에 비해서는 늙어 보인다。,,老ける 늙다. 나이를 먹다 年の割には老けてみえる 나이에 비해서는 늙어 보인다. ふける,N1
동사,verb,耽る,ふける,"열중하다, 몰두하다, 빠지다",読書に耽る。,독서에 몰두하다。,,耽る 열중하다. 몰두하다. 빠지다 読書に耽る。독서에 몰두하다. ふける,N1
동사,verb,踏まえる,ふまえる,"판단의 근거로 삼다, 입각하다",事実を踏まえて論じる。,사실을 근거로 삼아 논하다。,,踏まえる 판단의 근거로 삼다. 입각하다 事実を踏まえて論じる。 사실을 근거로 삼아 논하다. ふまえる,N1
동사,verb,振り返る,ふりかえる,되돌아보다,学生時代を振り返る。,학창시절을 되돌아보다。,,振り返る 되돌아보다=顧みる 学生時代を振り返る。 하창시절을 되돌아보다. ふりかえる,N1
동사,verb,振り払う,ふりはらう,"뿌리치다, 털어내다",差し出した手を振り払う。,내민 손을 뿌리치다。,,振り払う 뿌리치다. 털어내다 差し出した手を振り払う。내민 손을 뿌리치다. ふりはらう,N1
동사,verb,へりくだる,へりくだる,"자신을 낮추다, 겸손해하다",へりくだった態度で人に接する。,자신을 낮춘 태도로 사람을 응대하다。,,へりくだる 자신을 낮추다. 겸손해하다 へりくだった態度で人に接する。자신을 낮춘 태도로 사람을 응대하다.,N1
동사,verb,経る,へる,"① 경유하다, 거치다 ② 경과하다, (시간이) 흐르다",パリを経てロンドンへ行く。多くの年月を経る。,파리를 경유해서 런던으로 간다. 많은 세월이 흐르다。,,経る ① 경유하다. 거치다 ② 경과하다. (시간이) 흐르다 パリを経てロンドンへ行く。 과리를 경유해서 런던으로 간다. 多くの年月を経る。많은 세월이 흐르다. へる,N1
동사,verb,報じる,ほうじる,"보도하다, 알리다",選挙結果を報じる。,선거 결과를 알리다。,"{""year"": ""2010""}",報じる 2010 보도하다. 알리다 選挙結果を報じる。선거 결과를 알리다. ほうじる,N1
동사,verb,葬る,ほうむる,매장하다,死者を葬る。,사망자를 매장하다。,,葬る 매장하다 死者を葬る。사망자를 매장하다. ほうむる,N1
동사,verb,放り出す,ほうりだす,"집어치우다, 내팽개치다",仕事を途中で放り出す。,일을 도중에 내팽개치다。,,放り出す 집어치우다. 내팽개치다 仕事を途中で放り出す。 일을 도중에 내팽개치다. ほうりだす,N1
동사,verb,ぼける,ぼける,"① 흐릿하다 ② 멍청해지다, 정신이 쇠약해지다",遠くのものがぼけて見える。年とともにぼけてきた。,멀리 있는 것이 흐릿하게 보인다. 나이와 더불어 정신이 흐릿해지기 시작했다。,,ぽける ① 흐릿하다 ② 멍청해지다. 정신이 쇠약해지다 遠くのものがぼけて見える。멀리 있는 것이 흐릿하게 보인다. とともにぼけてきた。나이와 더불어 정신이 흐릿해지기 시작했다.,N1
동사,verb,誇る,ほこる,"자랑하다, 긍지로 여기다",長い歴史と文化を誇る。,긴 역사와 문화를 자랑하다。,,誇る 자랑하다. 긍지로 여기다 長い歴史と文化を誇る。 ほこる 긴 역사와 문화를 자랑하다.,N1
동사,verb,綻びる,ほころびる,"살짝 벌어지다, 피어나다",桜のつぼみが綻びる。,벚꽃의 꽃망울이 터지기 시작하다。,,綻びる 살짝 벌어지다. 피어나다 桜のつぼみが綻びる。 벚꽃의 꽃망울이 터지기 시작하다. ほころびる,N1
동사,verb,解く,ほどく,풀다,ネクタイを解く。,넥타이를 풀다。,,解く 풀다 ネクタイを驚く。넥타이를 풀다. ほどく,N1
동사,verb,解ける,ほどける,풀리다,靴のひもが解ける。,구두 끈이 풀리다。,"{""year"": ""2011""}",解ける 2011 풀리다 靴のひもが解ける。구두 끈이 풀리다. ほどける,N1
동사,verb,施す,ほどこす,① 베풀다 ② 시행하다,恩恵を施す。至急対策を施すべきだ。,은혜를 베풀다. 시급히 대책을 시행해야 한다.,,施す ① 베풀다 ② 시행하다 恩恵を施す。은혜를 베풀다. 至急対策を施すべきだ。 시급히 대책을 시행해야 한다. ほどこす,N1
동사,verb,ぼやく,ぼやく,"투덜대다, 우는 소리를 하다",給料が安いとぼやく。,급료가 적다고 투덜대다.,,ぼやく 투덜대다. 우는 소리를 하다 給料が安いとぼやく. 급료가 적다고 투덜대다. ぼやく,N1
동사,verb,ぼやける,ぼやける,"희미해지다, 흐리멍텅해지다",物がぼやけて見える。,물건이 흐릿하게 보이다.,,ぼやける 희미해지다. 흐리멍텅해지다 物がぼやけて見える。 물건이 흐릿하게 보이다. ぼやける,N1
동사,verb,滅びる,ほろびる,"멸망하다, 없어지다",国家が滅びる。,국가가 멸망하다.,"{""year"": ""2017""}",滅びる 2017 멸망하다. 없어지다 国家が滅びる。국가가 멸망하다. ほろびる,N1
동사,verb,滅ぼす,ほろぼす,"멸하다, 멸망시키다",敵を滅ぼす。,적을 섬멸하다.,,滅ぼす 멸하다. 멸망시키다 敵を滅ぼす。적을 섬멸하다. ほろぼす,N1
동사,verb,負かす,まかす,이기다,競技で相手を負かす。,경기에서 상대를 이기다.,,負かす 이기다 競技で箱手を負かす 경기에서 상대를 이기다. まかす,N1
동사,verb,賄う,まかなう,"조달하다, 마련하다",寄付で費用を賄う。,기부로 비용을 조달하다.,,賄う 조달하다. 마련하다 寄付で費用を賄う。기부로 비용을 조달하다. まかなう,N1
동사,verb,紛れる,まぎれる,"뒤섞이다, 혼동되다",犯人は人込みに紛れて姿が見えなくなった。,범인은 인파에 휩쓸려 모습이 보이지 않게 되었다.,"{""year"": ""2015""}",紛れる 2015 뒤섞이다. 혼동되다 犯人は人込みに紛れて姿が見えなく なった。 범인은 인과에 휩쓸려 모습이 보이지 않게 되었다. まぎれる,N1
동사,verb,まごつく,まごつく,"당황하다, 갈팡질팡하다",外国の空港でまごつく。,외국 공항에서 갈팡질팡하다.,,まごつく 당황하다. 갈팡질팡하다=まごまごする 外国の空港でまごつく 외국 공항에서 갈팡질팡하다. まごつく,N1
동사,verb,勝る,まさる,"낫다, 우수하다, 뛰어나다",実力では相手チームより勝っている。,실력으로는 상대 팀보다 뛰어나다.,,勝る 낫다. 우수하다. 뛰어나다 実力では相手チームより勝っている。 실력으로는 상대 팀보다 뛰어나다. まさる,N1
동사,verb,交わる,まじわる,"사귀다, 교제하다",友人と親しく交わる。,친구와 친하게 사귀다.,,交わる 사귀다. 교제하다 と親しく交わる。친구와 친하게 사귀다. まじわる,N1
동사,verb,またがる,またがる,"① 올라타다, 걸터앉다 ② 걸치다",自転車にまたがる。この山は二県にまたがっている。,자전거에 올라타다. 이 산은 두 현에 걸쳐져 있다.,,またがる ① 올라타다. 걸터앉다 걸치다=わたる 自転車にまたがる。자전거에 올라타다. この山は二県にまたがっている。이산은두 현에 걸쳐져 있다. またがる,N1
동사,verb,惑わす,まどわす,"유혹하다, 혼란시키다",誇大広告が消費者を惑わす。,과대 광고가 소비자를 혼란스럽게 한다.,,惑わす 유혹하다. 혼란시키다 誇大広告が消費者を惑わす。 과대 광고가 소비자를 혼란스럽게 한다. まどわす,N1
동사,verb,免れる,まぬがれる,"면하다, 피하다",死を免れる。,죽음을 면하다.,,"免れる 면하다(まぬかれる로도 읽음), 피하다 死を免れる。죽음을 면하다. まぬがれる",N1
동사,verb,丸める,まるめる,"말다, 둥글게 하다, 구부리다",紙くずを丸めて捨てる。,휴지를 말아서 버리다.,,丸める 말다. 둥글게 하다. 구부리다 くずを発めて捨てる。휴지를 말아서 버리다. まるめる,N1
동사,verb,見合わせる,みあわせる,① 서로 마주보다 ② 보류하다,顔を見合わせる。病気で旅行を見合わせる。,얼굴을 마주보다. 병으로 여행을 보류하다.,"{""year"": ""2010""}",見合わせる 2010 ① 서로 마주보다 ② 보류하다 顔を見合わせる。얼굴을 마주보다. 病気で旅行を見合わせる。 병으로 여행을 보류하다. みあわせる,N1
동사,verb,見失う,みうしなう,시야에서 놓치다,人ごみの中で友だちを見失ってしまった。,인파 속에서 친구를 놓쳐 버렸다.,"{""year"": ""2011""}",見失う 2011 시야에서 놓치다 人ごみの中で友だちを見笑ってしまった 인파 속에서 친구를 놓쳐 버렸다. みうしなう,N1
동사,verb,見落とす,みおとす,"간과하다, 못 보고 넘기다",間違いを見落とす。,실수를 간과하다.,"{""year"": ""2017""}",見落とす 2017 간과하다. 못 보고 넘기다 間違いを見落とす。실수를 간과하다. みおとす,N1
동사,verb,見極める,みきわめる,"끝까지 지켜보다, 끝까지 밝히다, 확인하다",事の真相を見極める。,일의 진상을 끝까지 밝히다.,,見極める 끝까지 지켜보다. 끝까지 밝히다. 확인하다 事の真相を見極める. 일의 진상을 끝까지 밝히다. みきわめる,N1
동사,verb,見せびらかす,みせびらかす,"과시하다, 자랑해 보이다",新車を見せびらかす。,새 차를 뽐내다.,,見せびらかす 과시하다. 자랑해 보이다 新車を見せびらかす。 새 차를 뽐내다. みせびらかす,N1
동사,verb,満たす,みたす,채우다,コップに水を満たす。,컵에 물을 채우다.,,満たす 채우다 コップに水を満たす。컵에 물을 채우다. みたす,N1
동사,verb,見積もる,みつもる,"어림잡다, 견적하다, 대중잡다",経費を見積もる。,경비를 어림잡다.,,見積もる 어림잡다. 견적하다. 대중잡다 経費を見積もる。경비를 어림잡다. みつもる,N1
동사,verb,見なす,みなす,간주하다,返事のない者は欠席と見なす。,대답이 없는 사람은 결석으로 간주한다.,,見なす 간주하다 返事のない者は欠席と見なす。 대답이 없는 사람은 결석으로 간주한다. みなす,N1
동사,verb,見習う,みならう,본받다,先輩を見習ってがんばる。,선배를 본받아 노력하다.,,見習う 본받다 先輩を見習ってがんばる 선배를 본받아 노력하다. みならう,N1
동사,verb,見抜く,みぬく,"간파하다, 알아채다",うそを見抜く。,거짓말을 간파하다.,,見抜く 간파하다. 알아채다 を見抜く。 거짓말을 간과하다. みぬく,N1
동사,verb,見逃す,みのがす,"① 간과하다, 놓치다 ② 눈감아 주다, 봐주다",わずかな失敗も見逃さない。駐車違反を見逃す。,사소한 실수도 놓치지 않는다. 주차 위반을 눈감아 주다.,"{""year"": ""2019""}",見逃す 2019 ① 간과하다. 놓치다 ② 눈감아 주다. 봐주다 わずかな失敗も見逃さない。 사소한 실수도 놓치지 않는다. 駐車違反を見逃す。주차 위반을 눈감아 주다. みのがす,N1
동사,verb,見計らう,みはからう,(적당한 때를) 가늠하다,頃合いを見計らって会を終わりにする。,시기를 가늠하여 모임을 끝내다.,,見計らう (적당한 때를) 가늠하다 頃合を見計らって会を終わりにする 시기를 가늠하여 모임을 끝내다. みはからう,N1
동사,verb,見開く,みひらく,눈을 크게 뜨다,驚きのあまり目を見開く。,놀란 나머지 눈을 크게 뜨다.,,見開く 눈을 크게 뜨다 驚きのあまり目を見開く 놀란 나머지 눈을 크게 뜨다. みひらく,N1
동사,verb,見破る,みやぶる,"간파하다, 꿰뚫어 보다",計略を見破る。,계략을 간파하다.,,見破る 간파하다. 꿰뚫어 보다 計略を見破る。계략을 간파하다. みやぶる,N1
동사,verb,見分ける,みわける,"분별하다, 감별하다",不良品を見分ける。,불량품을 감별하다.,,見分ける 분별하다. 감별하다 未食品を見分ける。불량품을 감별하다. みわける,N1
동사,verb,見渡す,みわたす,멀리 바라보다,展望台から海を見渡す。,전망대에서 바다를 바라본다.,,見渡す 멀리 바라보다 展望台から海を見渡す。 전망대에서 바다를 바라본다. みわたす,N1
동사,verb,むしる,むしる,"뽑다, 잡아 뽑다",草をむしる。,풀을 뽑다.,,むしる 뽑다. 잡아 뽑다 草をむしる。품을뽑다. むしる,N1
동사,verb,結び付く,むすびつく,"맺어지다, 결부되다, 이어지다",努力が成功に結び付く。,노력이 성공으로 이어지다.,,結び付く 맺어지다. 결부되다. 이어지다 努力が成功に結び付く。 노력이 성공으로 이어지다. むすびつく,N1
동사,verb,結び付ける,むすびつける,"연결시키다, 관련짓다",三つの事件を結び付けて考える。,세 개의 사건을 관련지어 생각하다.,,結び付ける 연결시키다. 관련짓다 三つの事件を結び付けて考える 두 개의 사건을 관련지어 생각하다. むすびつける,N1
동사,verb,群がる,むらがる,"몰려들다, 떼지어 모이다",セールに客が群がる。,세일에 사람들이 몰려들다.,,群がる 몰려들다. 떼지어 모이다 セールに が群がる。세일에 사람들이 몰려들다. むらがる,N1
동사,verb,めくる,めくる,"넘기다, 젖히다",カレンダーをめくる。,달력을 넘기다.,"{""year"": ""2010""}",めくる 2010 넘기다. 젖히다 カレンダーをめくる。 달력을 넘기다. めくる,N1
동사,verb,申し出る,もうしでる,"(의견, 희망을) 신청하다, 제의하다",自ら辞任を申し出る。,스스로 사임을 신청하다.,,"申し出る (의견, 희망을) 신청하다. 제의하다 首ら辞 を申し出る。 스스로 사임을 신청하다. もうしでる",N1
동사,verb,もがく,もがく,"발버둥치다, 안달하다",逃れようとしてもがく。,도망치려고 발버둥치다.,,もがく 발버둥치다. 안달하다 逃れようとしてもがく 도망치려고 발버둥치다. もがく,N1
동사,verb,もくろむ,もくろむ,"계획하다, 꾀하다",海外市場への進出をもくろむ。,해외 시장으로의 진출을 꾀하다.,"{""year"": ""2011""}",もくろむ 2011 계획하다. 꾀하다 海外市場への進出をもくろむ。해외 시장으로의 진출을 꾀하다. もくろむ,N1
동사,verb,もたらす,もたらす,"가져오다, 초래하다",利益をもたらす。,이익을 가져오다.,,もたらす 가져오다. 초대하다 利益をもたらす。이익을 가져오다. もたらす,N1
동사,verb,持ち込む,もちこむ,"가지고 들어오다, 반입하다",車内に荷物を持ち込む。,차내에 짐을 반입하다.,,"持ち込む 가지고 들어오다. 반입하다 軍内に荷物を持ち込む, 차내에 짐을 반입하다. もちこむ",N1
동사,verb,持て余す,もてあます,"주체하지 못하다, 처치 곤란해하다",泣く子を持て余す。,우는 아이를 주체하지 못하다.,,持て余す 주체하지 못하다. 처치 곤란해하다 泣く字を持て す。우는 아이를 주체하지 못하다. もてあます,N1
동사,verb,もてなす,もてなす,"대접하다, 접대하다",客をもてなす。,손님을 대접하다.,,もてなす 대접하다. 접대하다 客をもてなす。손님을 대접하다. もてなす,N1
동사,verb,もてる,もてる,인기가 있다,女性にもてる。,여성에게 인기가 있다.,,もてる 인기가 있다 安性にもてる。여성에게 인기가 있다. もてる,N1
동사,verb,揉める,もめる,옥신각신하다,相続で兄弟が揉める。,상속으로 형제가 옥신각신하다.,,揉める 옥신각신하다 相続で兄弟が揉める。 상속으로 형제가 옥신각신하다. もめる,N1
동사,verb,催す,もよおす,개최하다,展覧会を催す。,전람회를 개최하다.,"{""year"": ""2012""}",催す 2012 もよおす 개최하다 てんらんかい 展覧会を催す。 전람회를 개최하다.,N1
동사,verb,漏らす,もらす,"흘리다, 누설하다",秘密を漏らす。,비밀을 누설하다.,,"漏らす もらす 흘리다, 누설하다 秘密を漏らす。 비밀을 누설하다.",N1
동사,verb,盛り上がる,もりあがる,분위기가 고조되다,世論が盛り上がる。,여론이 고조되다.,,盛り上がる もりあがる 분위기가 고조되다 世論が盛り上がる。 여론이 고조되다.,N1
동사,verb,盛り込む,もりこむ,"담다, 포함시키다",斬新なアイデアを製品に盛り込む。,참신한 아이디어를 제품에 담다.,,"盛り込む もりこむ 담다, 포함시키다 斬新なアイデアを製品に盛り込む 参新なアイデアを製品に盛り込む。 참신한 아이디어를 제품에 담다.",N1
동사,verb,漏れる,もれる,"새다, 누설되다",ガスが漏れる。,가스가 새다.,,"漏れる もれる 새다, 누설되다 ガスが漏れる。 가스가 새다.",N1
동사,verb,養う,やしなう,"양육하다, 부양하다, 기르다",妻子を養う。,처자식을 부양하다.,"{""year"": ""2018""}","養う 2018 やしなう 양육하다, 부양하다, 기르다 妻子を養う。 처자식을 부양하다.",N1
동사,verb,やり遂げる,やりとげる,"해내다, 완수하다",計画をやり遂げる。,계획을 완수하다.,,"やり遂げる やりとげる 해내다, 완수하다 計画をやり遂げる。 계획을 완수하다.",N1
동사,verb,和らぐ,やわらぐ,"온화해지다, 누그러지다, 가라앉다",薬を飲んだら、痛みが和らいできた。,약을 먹었더니 통증이 가라앉기 시작했다.,"{""year"": ""2012""}","和らぐ 2012 やわらぐ 온화해지다, 누그러지다, 가라앉다 薬を飲んだら、痛みが和らいできた。 약을 먹었더니 통증이 가라앉기 시작했다.",N1
동사,verb,歪む,ゆがむ,"비뚤어지다, 일그러지다",心が歪んでいる。,마음이 비틀어져 있다.,,"歪む ゆがむ 비뚤어지다, 일그러지다 こころ ゆが 心が歪んでいる。 마음이 비틀어져 있다.",N1
동사,verb,揺さぶる,ゆさぶる,① 흔들다 ② 동요시키다,両手で木を揺さぶる。心を揺さぶる小説。,양손으로 나무를 흔들다. 마음을 동요시키는 소설.,,"揺さぶる ゆさぶる ① 흔들다 ② 동요시키다 両手で木を揺さぶる。 양손으로 나무를 흔들다. しょうせつ 心を揺さぶる小説, 마음을 동요시키는 소설.",N1
동사,verb,揺らぐ,ゆらぐ,"흔들리다, 동요되다",決意が揺らぐ。,결심이 흔들리다.,"{""year"": ""2014""}","揺らぐ 2014 ゆらぐ 흔들리다, 동요되다 決意が揺らぐ。 결심이 흔들리다.",N1
동사,verb,揺るがす,ゆるがす,뒤흔들다,消費者の信頼を揺るがすような事件が相次いでいる。,소비자의 신뢰를 뒤흔드는듯한 사건이 잇따르고 있다.,,揺るがす ゆるがす 뒤흔들다 消費者の信頼を揺るがすような事件が あいつ 相次いでいる。 소비자의 신뢰를 뒤흔드는듯한 사건이 잇따르고 있다.,N1
동사,verb,緩む,ゆるむ,"느슨해지다, 허술해지다",規制が緩む。,규제가 느슨해지다.,,"緩む ゆるむ 느슨해지다, 허술해지다 きせいゆる 規制が緩む。 규제가 느슨해지다.",N1
동사,verb,緩める,ゆるめる,"느슨하게 하다, 늦추다",ベルトを緩める。,벨트를 느슨하게 하다.,,"緩める ゆるめる 느슨하게 하다, 늦추다 ベルトを緩める。 벨트를 느슨하게 하다.",N1
동사,verb,蘇る,よみがえる,되살아나다,記憶が蘇る。,기억이 되살아나다.,"{""year"": ""2017""}",蘇る 2017 よみがえる 되살아나다 きおくよみがえ 記憶が蘇る。 기억이 되살아나다.,N1
동사,verb,論じる,ろんじる,논하다,法律改正について論じる。,법률 개정에 대해 논하다.,,論じる ろんじる 논하다 ほうりつかいせい ろん 法律改正について論じる。 법률 개정에 대해 논하다.,N1
동사,verb,わめく,わめく,"큰소리를 지르다, 소리치다, 아우성치다",大声でわめく。,큰소리를 지르다.,,"わめく わめく 큰소리를 지르다, 소리치다, 아우성치다 失 でわめく。 큰소리를 지르다.",N1
동사,verb,割り当てる,わりあてる,"할당하다, 배당하다",仕事を割り当てる。,일을 할당하다.,,"割り当てる わりあてる 할당하다, 배당하다 仕事を割り当てる。 일을 할당하다.",N1
동사,verb,割り込む,わりこむ,끼어들다,列に割り込む。,줄에 끼어들다(새치기하다).,"{""year"": ""2016""}",割り込む 2016 わりこむ 끼어들다 別に割り込む。 줄에 끼어들다(새치기하다).,N1
이형용사,i_adjective,あくどい,あくどい,"① 악랄하다, 억척스럽다 ② 짙다",あくどい手口。あくどい化粧。,악랄한 수법. 짙은 화장.,,あくどい ① 악랄하다. 억척스럽다② 질다 あくどい手口。악랄한 수법. あくどい化粧。짙은 화장.,N1
이형용사,i_adjective,浅ましい,あさましい,"야비하다, 비열하다, 치사하다",根性が浅ましい。,근성이 야비하다.,,"浅ましい あさましい 야비하다, 비열하다, 치사하다 根性が浅ましい。 근성이 야비하다.",N1
이형용사,i_adjective,あっけない,あっけない,"어이없다, 싱겁다",あっけなく敗れる。,어이없이 지다.,"{""year"": ""2011""}","あっけない 2011 あっけない 어이없다, 싱겁다 あっけなく敗れる. 어이없이 지다.",N1
이형용사,i_adjective,潔い,いさぎよい,"깨끗하다, 결백하다, 떳떳하다",潔く責任をとる。,깨끗하게 책임을 지다.,"{""year"": ""2019""}","潔い 2019 いさぎよい 깨끗하다, 결백하다, 떳떳하다 潔く責任をとる。 깨끗하게 책임을 지다.",N1
이형용사,i_adjective,著しい,いちじるしい,"뚜렷하다, 두드러지다, 현저하다",技術が著しく進歩する。,기술이 현저하게 진보하다.,,"著しい いちじるしい 뚜렷하다, 두드러지다, 현저하다 技術が著しく進歩する。 기술이 현저하게 진보하다.",N1
이형용사,i_adjective,卑しい,いやしい,"천박하다, 탐욕스럽다",卑しい言葉遣い。,천박한 말투.,,"卑しい いやしい 천박하다, 탐욕스럽다 卑しい言葉遣い。 천박한 말투.",N1
이형용사,i_adjective,いやらしい,いやらしい,"엉큼하다, 불쾌하다",いやらしい目つきで見る。,엉큼한 눈초리로 보다.,,"いやらしい 엉큼하다, 불쾌하다 いやらしい目つきで見る。 엉큼한 눈초리로 보다.",N1
이형용사,i_adjective,うさんくさい,うさんくさい,"수상하다, 미심쩍다",うさんくさい人物。,수상한 인물.,,"うさんくさい うさんくさい 수상하다, 미심쩍다 じんぶつ うさんくさい人物。 수상한 인물.",N1
이형용사,i_adjective,うっとうしい,うっとうしい,울적하다,長雨続きでうっとうしい。,장마가 계속되어 울적하다.,,うっとうしい 울적하다 ながあめつづ 長雨続きでうっとうしい。 장마가 계속되어 울적하다.,N1
이형용사,i_adjective,おびただしい,おびただしい,"(수량이) 엄청나다, 굉장하다",おびただしい人が集まる。,엄청난 사람이 모이다.,"{""year"": ""2014""}","おびただしい 2014 おびただしい (수량이) 엄청나다, 굉장하다 ひとあつ おびただしい人が集まる。 엄청난 사람이 모이다",N1
이형용사,i_adjective,かしましい,かしましい,"시끄럽다, 떠들썩하다",かしましく騒ぎ立てる。,시끄럽게 소란을 피우다.,,"かしましい 시끄럽다, 떠들썩하다=やかましい かしましく騒ぎ立てる。 시끄럽게 소란을 피우다",N1
이형용사,i_adjective,軽々しい,かるがるしい,"경솔하다, 경박하다",軽々しい行動は慎んでほしい。,경솔한 행동은 삼가했으면 좋겠다.,,"軽々しい かるがるしい 경솔하다, 경박하다 かるがも こうぞう 軽々しい行動は慎んでほしい。 경술한 행동은 삼가했으면 좋겠다.",N1
이형용사,i_adjective,決まり悪い,きまりわるい,쑥스럽다,決まり悪そうに頭をかく。,쑥스럽다는 듯이 머리를 긁적이다.,,決まり悪い きまりわるい 쑥스럽다=気恥ずかしい わる あたま 決まり悪そうに頭をかく。 쑥스럽다는 듯이 머리를 긁적이다.,N1
이형용사,i_adjective,ぎょうぎょうしい,ぎょうぎょうしい,"과장되다, 야단스럽다, 호들갑스럽다",かすり傷にもぎょうぎょうしく包帯を巻く。,찰과상에도 과장되게 붕대를 감다.,,"ぎょうぎょうしい 과장되다, 야단스럽다, 호들갑스럽다 かすり傷にもぎょうぎょうしく包帯を巻く 찰과상에도 과장되게 붕대를 감다.",N1
이형용사,i_adjective,興味深い,きょうみぶかい,흥미롭다,それは興味深い話だ。,그것은 흥미로운 이야기다.,,興味深い きょうみぶかい 흥미롭다 きょうみぶか な それは興味深い話だ 그것은 흥미로운 이야기다.,N1
이형용사,i_adjective,くすぐったい,くすぐったい,"① 간지럽다 ② 쑥스럽다, 겸연쩍다",足の裏がくすぐったい。あまりほめられるとくすぐったい。,발바닥이 간지럽다. 너무 칭찬받으면 쑥스럽다.,,"くすぐったい ① 간지럽다 ② 쑥스럽다, 겸연쩍다 足の裏がくすぐったい。발바닥이 간지럽다. あまりほめられるとくすぐったい。너무 칭찬받으면 쑥스럽다.",N1
이형용사,i_adjective,煙たい,けむたい,"① 눈이 따갑다 ② 부담스럽다, 거북하다",タバコの煙が煙たい。部下にとって、上司は煙たい存在だ。,"담배 연기로 눈이 따갑다. 부하에게 있어, 상사는 부담스러운 존재다.",,"煙たい けむたい ① 눈이 따갑다 ② 부담스럽다, 거북하다 けむけむ タバコの煙が煙たい。 담배 연기로 눈이 따갑다. 部下にとって、上司は煙たい存在だ。 부하에게 있어, 상사는 부담스러운 존재다.",N1
이형용사,i_adjective,心地よい,ここちよい,"기분좋다, 상쾌하다",心地よい風が吹く。,상쾌한 바람이 분다.,"{""year"": ""2015""}","心地よい 2015 ここちよい 기분좋다, 상쾌하다 心地よい風が吹く。 상쾌한 바람이 분다.",N1
이형용사,i_adjective,心無い,こころない,"분별이 없다, 생각이 모자라다",自分の心無い行動で親友を傷つけてしまった。,자신의 분별없는 행동으로 친구에게 상처를 주고 말았다.,,"心無い こころない 분별이 없다, 생각이 모자라다 自分の心無い行動で親友を傷つけて しまった。 자신의 분별없는 행동으로 친구에게 상처를 주고 받았다.",N1
이형용사,i_adjective,心細い,こころぼそい,불안하다,一人で出かけるのは心細い。,혼자서 나가는 것은 불안하다.,"{""year"": ""2013""}",心細い 2013 こころぼそい 불안하다 一人で出かけるのは心細い。 혼자서 나가는 것은 불안하다.,N1
이형용사,i_adjective,情け深い,なさけぶかい,"인정이 많다, 동정심이 많다",彼は情け深い人だ。,그는 인정이 많은 사람이다.,,"情け深い なさけぶかい 인정이 많다, 동정심이 많다 彼は情け藻い だ。그는 인정이 많은 사람이다.",N1
이형용사,i_adjective,名高い,なだかい,유명하다,この公園は桜で名高い。,이 공원은 벚꽃으로 유명하다.,,名高い なだかい 유명하다 この公園は桜で名惹い。 이 공원은 벚꽃으로 유명하다.,N1
이형용사,i_adjective,何気ない,なにげない,"아무렇지도 않다, 태연하다",何気ない一言が胸に突きささる。,아무렇지도 않은 한마디가 가슴에 비수로 꽂힌다.,,"何気ない なにげない 아무렇지도 않다, 태연하다 なにげ 荷気ない一言が胸に突きささる。 아무렇지도 않은 한마디가 가슴에 비수로 꽂힌다.",N1
이형용사,i_adjective,生臭い,なまぐさい,"비릿하다, 비린내가 나다",魚の生臭いにおい。,생선의 비릿한 냄새.,,"生臭い なまぐさい 비릿하다, 비린내가 나다 魚の生臭いにおい。생선의 비릿한 냄새.",N1
이형용사,i_adjective,悩ましい,なやましい,"괴롭다, 고민스럽다",悩ましい日々を送る。,괴로운 나날을 보내다.,,"悩ましい なやましい 괴롭다, 고민스럽다 DU なぞ 悩ましい日々を送る。괴로운 나날을 보내다. おく",N1
이형용사,i_adjective,馴れ馴れしい,なれなれしい,"허물없다, 매우 친하다, 아주 정답다",馴れ馴れしく話しかける。,허물없이 말을 건네다.,,"馴れ馴れしい なれなれしい 허물없다, 매우 친하다, 아주 정답다 馴れ馴れしく話しかける。 허물없이 말을 건네다.",N1
이형용사,i_adjective,はかない,はかない,"허무하다, 부질없다, 덧없다",はかない夢を抱く。,허망한 꿈을 품다.,,"はかない 허무하다, 부질없다, 덧없다 はかない夢を抱く。허망한 꿈을 품다.",N1
이형용사,i_adjective,華々しい,はなばなしい,"화려하다, 눈부시다",華々しく活躍する。,눈부시게 활약하다.,"{""year"": ""2010""}","華々しい 2010 はなばなしい 화려하다, 눈부시다 はなばな 華々しく活躍する。눈부시게 활약하다.",N1
이형용사,i_adjective,幅広い,はばひろい,폭넓다,幅広い支持を得る。,폭넓은 지지를 얻다.,"{""year"": ""2015""}",幅広い 2015 はばひろい 폭넓다 幅広い支持を得る。폭넓은 지지를 얻다.,N1
이형용사,i_adjective,久しい,ひさしい,오래 되다,故郷を離れてから久しい。,고향을 떠난지 오래다.,,久しい ひさしい 오래 되다 故郷を離れてから しい。 고향을 떠난지 오래다.,N1
이형용사,i_adjective,分厚い,ぶあつい,"두껍다, 두툼하다",分厚い本を読む。,두꺼운 책을 읽는다.,,"分厚い ぶあつい 두껍다, 두툼하다 屋い本を読む。두꺼운 책을 읽는다.",N1
이형용사,i_adjective,細長い,ほそながい,"가늘고 길다, 갸름하다",細長い顔。,갸름한 얼굴.,,"細長い ほそながい 가늘고 길다, 갸름하다 ほそながかみ 細長い顔。갸름한 얼굴.",N1
이형용사,i_adjective,しぶとい,しぶとい,끈질기다,しぶとく粘る。,끈질지게 버티다.,"{""year"": ""2018""}",しぶとい 2018 끈질기다 あおば しぶとく粘る。끈질지게 버티다.,N1
이형용사,i_adjective,清々しい,すがすがしい,상쾌하다,清々しい空気。,상쾌한 공기.,"{""year"": ""2012""}",清々しい 2012 すがすがしい 상쾌하다 すがすが くうき 清々しい空気。상쾌한 공기.,N1
이형용사,i_adjective,すさまじい,すさまじい,"무시무시하다, 굉장하다",火の勢いがすさまじい。,불의 기세가 무시무시하다.,"{""year"": ""2015""}","すさまじい 2015 무시무시하다, 굉장하다 火の勢いがすさまじい。불의 기세가 무시무시하다.",N1
이형용사,i_adjective,すばしこい,すばしこい,"민첩하다, 날렵하다",すばしこく走り回る。,날렵하게 뛰어다니다.,,"すばしこい 민첩하다, 날렵하다 すばしこく走り回る。 날렵하게 뛰어다니다.",N1
이형용사,i_adjective,素早い,すばやい,"재빠르다, 날쌔다",動作が素早い。,동작이 재빠르다.,"{""year"": ""2016""}","素早い 2016 すばやい 재빠르다, 날쌔다 すばや どう 動作が素早い。동작이 재빠르다.",N1
이형용사,i_adjective,切ない,せつない,"안타깝다, 애절하다",人との別れが切ない。,사람과의 이별이 안타깝다.,,"切ない せつない 안타깝다, 애절하다 との別れが切ない。 사람과의 이별이 안타깝다.",N1
이형용사,i_adjective,そっけない,そっけない,"무뚝뚝하다, 쌀쌀맞다, 퉁명스럽다",そっけない返事をする。,쌀쌀맞게 대답하다.,,"そっけない 무뚝뚝하다, 쌀쌀맞다, 퉁명스럽다 CAL そっけない返事をする。쌀쌀맞게 대답하다.",N1
이형용사,i_adjective,耐えがたい,たえがたい,견디기 어렵다,耐えがたい侮辱を受ける。,견딜 수 없는 모욕을 받다.,"{""year"": ""2014""}",耐えがたい 2014 たえがたい 견디기 어렵다 耐えがたい侮辱を受ける 견딜 수 없는 모욕을 받다.,N1
이형용사,i_adjective,容易い,たやすい,"쉽다, 용이하다",これは容易い問題ではない。,이것은 쉬운 문제가 아니다.,"{""year"": ""2016""}","容易い 2016 たやすい 쉽다, 용이하다 これは容易い問題ではない。 이것은 쉬운 문제가 아니다.",N1
이형용사,i_adjective,でかい,でかい,크다,でかい家を建てる。,큰 집을 짓다.,,でかい 크다 いえ でかい家を建てる。큰 집을 짓다.,N1
이형용사,i_adjective,尊い/貴い,とうとい,고귀하다,尊い(貴い)命。,고귀한 생명.,,"尊い/貴い とうとい 고귀하다 尊い(貴い)命。고귀한 생명,",N1
이형용사,i_adjective,情けない,なさけない,"한심하다, 비참하다",情けない結果に終わる。,한심한 결과로 끝나다.,,"情けない なさけない 한심하다, 비참하다 情けない結果に終わる。 한심한 결과로 끝나다.",N1
이형용사,i_adjective,紛らわしい,まぎらわしい,혼동하기 쉽다,この漢字は紛らわしい。,이 한자는 혼동하기 쉽다.,"{""year"": ""2012""}",紛らわしい 2012 まぎらわしい 혼동하기 쉽다 この漢字は紛らわしい。 이 한자는 혼동하기 쉽다.,N1
이형용사,i_adjective,待ち遠しい,まちどおしい,몹시 기다려지다,父の帰国が待ち遠しい。,아버지의 귀국이 몹시 기다려진다.,,待ち遠しい まちどおしい 몹시 기다려지다 父の帰国が待ち遠しい。 아버지の帰国が待ち遠しい。 아버지의 귀국이 몹시 기다려진다.,N1
이형용사,i_adjective,見苦しい,みくるしい,"보기 흉하다, 꼴사납다",見苦しい服装をする。,꼴사나운 복장을 하다.,,"見苦しい みくるしい 보기 흉하다, 꼴사납다=みっともない 見苦しい服装をする。꼴사나운 복장을 하다.",N1
이형용사,i_adjective,みすぼらしい,みすぼらしい,"초라하다, 볼품없다",みすぼらしい家。,초라한 집.,,"みすぼらしい 초라하다, 볼품없다 みすぼらしい家。초라한 집.",N1
이형용사,i_adjective,満たない,みたない,"부족하다, 기준에 미치지 못하다",この会社の社員数は20人に満たない。,이 회사의 직원 수는 20명에 못 미친다.,"{""year"": ""2012""}","満たない 2012 みたない 부족하다, 기준에 미치지 못하다 この会社の社員数は20人に満たない。 이 회사의 직원 수는 20명에 못 미친다.",N1
이형용사,i_adjective,空しい,むなしい,"허무하다, 공허하다, 헛되다",努力も空しくまた失敗した。,노력도 허무하게 또 실패했다.,,"空しい むなしい 허무하다, 공허하다, 헛되다 努力も空しくまた失敗した。 노력도 허무하게 또 실패했다.",N1
이형용사,i_adjective,目覚ましい,めざましい,눈부시다,目覚ましい進歩を遂げる。,눈부신 진보를 이루다.,"{""year"": ""2011""}",目覚ましい 2011 めざましい 눈부시다 自覚ましい進歩を遂げる。 눈부신 진보를 이루다.,N1
이형용사,i_adjective,目まぐるしい,めまぐるしい,"어지럽다, 변화가 매우 빠르다",株価が目まぐるしく変動する。,주가가 어지럽게 변동하다.,,"目まぐるしい めまぐるしい 어지럽다, 변화가 매우 빠르다 株価が目まぐるしく変動する 주가가 어지럽게 변동하다.",N1
이형용사,i_adjective,申し分ない,もうしぶんない,"더할 나위 없다, 나무랄 데 없다",申し分ない成果。,더할 나위 없는 성과.,,"申し分ない もうしぶんない 더할 나위 없다, 나무랄 데 없다 申し分ない成果。더할 나위 없는 성과,",N1
이형용사,i_adjective,脆い,もろい,"무르다, 약하다",情に脆い。,정에 약하다.,,"脆い もろい 무르다, 약하다 情に脆い。정에 약하다.",N1
이형용사,i_adjective,ややこしい,ややこしい,"까다롭다, 복잡하다",説明がややこしくて分からない。,설명이 까다로워서 모르겠다.,,"ややこしい 까다롭다, 복잡하다 説明がややこしくて分からない。설명이 까다로워서 모르겠다.",N1
이형용사,i_adjective,欲深い,よくぶかい,"탐욕스럽다, 욕심많다",人間は欲深い生き物である。,인간은 욕심많은 동물이다.,,"欲深い よくぶかい 탐욕스럽다, 욕심많다 人間は欲深い生き物である。 인간은 욕심많은 동물이다.",N1
이형용사,i_adjective,よそよそしい,よそよそしい,"쌀쌀맞다, 냉담하다, 서먹서먹하다",よそよそしい態度をとる。,냉담한 태도를 취하다.,,"よそよそしい 쌀쌀맞다, 냉담하다, 서먹서먹하다 たいど よそよそしい態度をとる。냉담한 태도를 취하다.",N1
이형용사,i_adjective,喜ばしい,よろこばしい,기쁘다,喜ばしい結果が出た。,기쁜 결과가 나왔다.,,喜ばしい よろこばしい 기쁘다 ばしい結果が出た。기쁜 결과가 나왔다.,N1
이형용사,i_adjective,煩わしい,わずらわしい,"번거롭다, 성가시다, 귀찮다",煩わしい手続きを済ませる。,번거로운 수속을 마치다.,"{""year"": ""2016""}","煩わしい 2016 わずらわしい 번거롭다, 성가시다, 귀찮다 煩わしい手続きを済ませる。 번거로운 수속을 마치다.",N1
이형용사,i_adjective,わびしい,わびしい,쓸쓸하다,わびしい一人暮らし。,쓸쓸한 독신 생활.,,わびしい 쓸쓸하다 ひとりく わびしい一人暮らし。쓸쓸한 독신 생활.,N1
나형용사,na_adjective,鮮やかな,あざやかな,선명한,鮮やかな色のドレスを着る。,선명한 색상의 드레스를 입다.,,鮮やかな あざやかな 선명한 鮮やかな色のドレスを着る。 선명한 색상의 드레스를 입다.,N1
나형용사,na_adjective,あべこべな,あべこべな,"거꾸로인, 뒤바뀐, 반대인",手順があべこべになる。,순서가 뒤바뀌다.,,"あべこべな 거꾸로인, 뒤바뀐, 반대인 手順があべこべになる。 순서가 뒤바뀌다.",N1
나형용사,na_adjective,あやふやな,あやふやな,"애매한, 모호한",あやふやな説明では納得できない。,모호한 설명으로는 납득할 수 없다.,,"あやふやな あやふやな 애매한, 모호한 あやふやな説明では納得できない。 모호한 설명으로는 납득할 수 없다.",N1
나형용사,na_adjective,安価な,あんかな,"값싼, 저렴한, 하찮은",安価な同情は無用だ。,값싼 동정은 필요 없다.,,"安価な あんかな 값싼, 저렴한, 하찮은 安価な同情は無用だ。 값싼 동정은 필요 없다.",N1
나형용사,na_adjective,粋な,いきな,"세련된, 멋진",粋な姿を披露する。,세련된 모습을 피로하다(보이다).,,"粋な いきな 세련된, 멋진 粋な姿を披露する。 세련된 모습을 피로하다(보이다).",N1
나형용사,na_adjective,陰気な,いんきな,"음침한, 음산한",陰気な表情でうずくまっている。,음침한 표정으로 웅크리고 있다.,,"陰気な いんきな 음침한, 음산한 陰気な表情でうずくまっている。 음침한 표정으로 웅크리고 있다.",N1
나형용사,na_adjective,陰湿な,いんしつな,"음흉한, 음습한",陰湿ないじめを受ける。,음흉한 괴롭힘을 당하다.,,"陰湿な いんしつな 음흉한, 음습한 陰湿ないじめを受ける。 음흉한 괴롭힘을 당하다.",N1
나형용사,na_adjective,うつろな,うつろな,"공허한, 텅 빈",うつろな目で眺める。,공허한 눈으로 바라보다.,,"うつろな うつろな 공허한, 텅 빈 うつろな目で眺める。 공허한 눈으로 바라보다.",N1
나형용사,na_adjective,円滑な,えんかつな,"원활한, 순조로운",交渉が円滑にいかない。,교섭이 원활히 진행되지 않는다.,"{""year"": ""2013""}","円滑な 2013 えんかつな 원활한, 순조로운 交渉が円滑にいかない。 교섭이 원활히 진행되지 않는다.",N1
나형용사,na_adjective,円満な,えんまんな,원만한,万事円満に解決した。,만사를 원만하게 해결했다.,,円満な えんまんな 원만한 万事円満に解決した。 만사를 원만하게 해결했다.,N1
나형용사,na_adjective,旺盛な,おうせいな,왕성한,食欲が旺盛になる。,식욕이 왕성해지다.,,旺盛な おうせいな 왕성한 食欲が旺盛になる。 식욕이 왕성해지다.,N1
나형용사,na_adjective,大げさな,おおげさな,과장된,話を大げさに言う。,이야기를 과장해서 말하다.,"{""year"": ""2016""}",大げさな 2016 おおげさな 과장된 話を大げさに言う。 이야기를 과장해서 말하다.,N1
나형용사,na_adjective,おおざっぱな,おおざっぱな,대략적인,おおざっぱに計算する。,대략적으로 계산하다.,,おおざっぱな おおざっぱな 대략적인 おおざっぱに計算する。 대략적으로 계산하다.,N1
나형용사,na_adjective,大まかな,おおまかな,대략적인,概要を大まかに話す。,개요를 대략적으로 이야기하다.,,大まかな おおまかな 대략적인 概要を大まかに話す。 개요를 대략적으로 이야기하다.,N1
나형용사,na_adjective,おおらかな,おおらかな,"너글너글한, 여유로운",彼はおおらかな性格の持ち主である。,그는 너글너글한 성격의 소유자이다.,"{""year"": ""2015""}","おおらかな 2015 おおらかな 너글너글한, 여유로운 彼はおおらかな性格の持ち主である。 그는 너글너글한 성격의 소유자이다.",N1
나형용사,na_adjective,臆病な,おくびょうな,겁이 많은,弟は臆病な性質だ。,남동생은 겁이 많은 성격이다.,"{""year"": ""2017""}",臆病な 2017 おくびょうな 겁이 많은 弟は臆病な性質だ。 남동생은 겁이 많은 성격이다.,N1
나형용사,na_adjective,厳かな,おごそかな,엄숙한,厳かに式が進む。,엄숙하게 식이 진행되다.,,厳かな おごそかな 엄숙한 厳かに式が進む。 엄숙하게 식이 진행되다.,N1
나형용사,na_adjective,おっくうな,おっくうな,"귀찮은, 내키지 않은",人と会うのがおっくうになる。,사람과 만나는 것이 귀찮아진다.,"{""year"": ""2012""}","おっくうな 2012 おっくうな 귀찮은, 내키지 않은 人と会うのがおっくうになる。 사람과 만나는 것이 귀찮아진다.",N1
나형용사,na_adjective,愚かな,おろかな,어리석은,愚かな振る舞いにあきれる。,어리석은 행동에 질리다.,"{""year"": ""2013""}",愚かな 2013 おろかな 어리석은 愚かな振る舞いにあきれる。 어리석은 행동에 질리다.,N1
나형용사,na_adjective,疎かな,おろそかな,"소홀한, 등한시하는",練習を疎かにする。,연습을 소홀히 하다.,,"疎かな おろそかな 소홀한, 등한시하는 練習を疎かにする。 연습을 소홀히 하다.",N1
나형용사,na_adjective,温和な,おんわな,"온화한, 따뜻한, 부드러운",温和な表情をしている。,온화한 표정을 짓고 있다.,,"温和な おんわな 온화한, 따뜻한, 부드러운 温和な表情をしている。 온화한 표정을 짓고 있다.",N1
나형용사,na_adjective,画一的な,かくいつてきな,획일적인,画一的に判断せず、個々の事情を考慮する。,획일적으로 판단하지 않고 개별 사정을 고려하다.,"{""year"": ""2015""}",画一的な 2015 かくいつてきな 획일적인 画一的に判断せず、個々の事情を考慮する。 획일적으로 판단하지 않고 개별 사정을 고려하다.,N1
나형용사,na_adjective,格段な,かくだんな,"현격한, 특별한",収益が格段に増える。,수익이 현격하게 증가하다.,"{""year"": ""2014""}","格段な 2014 かくだんな 현격한, 특별한 収益が格段に増える。 수익이 현격하게 증가하다.",N1
나형용사,na_adjective,格別な,かくべつな,각별한,格別な待遇をする。,각별한 대우를 하다.,,格別な かくべつな 각별한 格別な待遇をする。 각별한 대우를 하다.,N1
나형용사,na_adjective,過酷な,かこくな,가혹한,過酷な労働で倒れる。,가혹한 노동으로 쓰러지다.,,過酷な かこくな 가혹한 過酷な労働で倒れる。 가혹한 노동으로 쓰러지다.,N1
나형용사,na_adjective,画期的な,かっきてきな,획기적인,画期的な商品が発売された。,획기적인 상품이 발매되었다.,"{""year"": ""2011""}",画期的な 2011 かっきてきな 획기적인 画期的な商品が発売された。 획기적인 상품이 발매되었다.,N1
나형용사,na_adjective,活発な,かっぱつな,활발한,活発な議論が行われる。,활발한 논의가 이루어지다.,"{""year"": ""2016""}",活発な 2016 かっぱつな 활발한 活発な議論が行われる。 활발한 논의가 이루어지다.,N1
나형용사,na_adjective,過敏な,かびんな,과민한,過敏な反応を示す。,과민 반응을 보이다.,,過敏な かびんな 과민한 過敏な反応を示す。 과민 반응을 보이다.,N1
나형용사,na_adjective,簡易な,かんいな,"간단하고 쉬운, 간이한",簡易な手続きを採用する。,간편한 절차를 채택하다.,,"簡易な かんいな 간단하고 쉬운, 간이한 簡易な手続きを採用する。 간편한 절차를 채택하다.",N1
나형용사,na_adjective,簡潔な,かんけつな,간결한,要点を簡潔に述べる。,요점을 간결하게 말하다.,"{""year"": ""2016""}",簡潔な 2016 かんけつな 간결한 要点を簡潔に述べる。 요점을 간결하게 말하다.,N1
나형용사,na_adjective,頑固な,がんこな,완고한,頑固な人の説得は難しい。,완고한 사람을 설득하는 것은 어렵다.,"{""year"": ""2017""}",頑固な 2017 がんこな 완고한 頑固な人の説得は難しい。 완고한 사람을 설득하는 것은 어렵다.,N1
나형용사,na_adjective,簡素な,かんそな,간소한,結婚式を簡素に行う。,결혼식을 간소하게 거행하다.,"{""year"": ""2019""}",簡素な 2019 かんそな 간소한 結婚式を簡素に行う。 결혼식을 간소하게 거행하다.,N1
나형용사,na_adjective,寛大な,かんだいな,관대한,寛大な心で許す。,관대한 마음으로 용서하다.,,寛大な かんだいな 관대한 寛大な心で許す。 관대한 마음으로 용서하다.,N1
나형용사,na_adjective,完璧な,かんぺきな,완벽한,完璧に仕上げる。,완벽하게 마무리하다.,,完璧な かんぺきな 완벽한 完璧に仕上げる。 완벽하게 마무리하다.,N1
나형용사,na_adjective,肝要な,かんような,중요한,何事にも辛抱が肝要だ。,무슨 일이든 인내가 중요하다.,,肝要な かんような 중요한 何事にも辛抱が肝要だ。 무슨 일이든 인내가 중요하다.,N1
나형용사,na_adjective,寛容な,かんような,너그러운,寛容な態度で接する。,너그러운 태도로 응대하다.,,寛容な かんような 너그러운 寛容な態度で接する。 너그러운 태도로 응대하다.,N1
나형용사,na_adjective,気軽な,きがるな,"가벼운, 부담 없는",気軽に引き受ける。,부담 없이 떠맡다.,,"気軽な きがるな 가벼운, 부담 없는 気軽に引き受ける。 부담 없이 떠맡다.",N1
나형용사,na_adjective,気障な,きざな,"아니꼬운, 비위에 거슬리는",上品ぶって気障なことを言う。,고상한 체하며 비위에 거슬리는 말을 하다.,,"気障な きざな 아니꼬운, 비위에 거슬리는 上品ぶって気障なことを言う。 고상한 체하며 비위에 거슬리는 말을 하다.",N1
나형용사,na_adjective,几帳面な,きちょうめんな,꼼꼼한,彼の几帳面なところが好きだ。,그의 꼼꼼한 점이 좋다.,,几帳面な きちょうめんな 꼼꼼한 彼の几帳面なところが好きだ。 그의 꼼꼼한 점이 좋다.,N1
나형용사,na_adjective,気長な,きながな,느긋한,結果を気長に待つ。,결과를 느긋하게 기다리다.,,気長な きながな 느긋한 結果を気長に待つ。 결과를 느긋하게 기다리다.,N1
나형용사,na_adjective,気まぐれな,きまぐれな,변덕스러운,晩秋の天気は気まぐれで困る。,늦가을 날씨는 변덕스러워서 곤란하다.,,気まぐれな きまぐれな 변덕스러운 晩秋の天気は気まぐれで困る。 늦가을 날씨는 변덕스러워서 곤란하다.,N1
나형용사,na_adjective,生真面目な,きまじめな,고지식한,生真面目すぎて柔軟性に欠ける。,너무 고지식해서 유연성이 부족하다.,,生真面目な きまじめな 고지식한 生真面目すぎて柔軟性に欠ける。 너무 고지식해서 유연성이 부족하다.,N1
나형용사,na_adjective,華奢な,きゃしゃな,"가냘픈, 섬세한",華奢な指で毛糸を編む。,가냘픈 손가락으로 털실을 뜨다.,,"華奢な きゃしゃな 가냘픈, 섬세한 華奢な指で毛糸を編む。 가냘픈 손가락으로 털실을 뜨다.",N1
나형용사,na_adjective,窮屈な,きゅうくつな,"비좁은, 답답한",窮屈な部屋。,비좁은 방.,,"窮屈な きゅうくつな 비좁은, 답답한 窮屈な部屋。 비좁은 방.",N1
나형용사,na_adjective,健全な,けんぜんな,건전한,社会の健全な発展を目指す。,사회의 건전한 발전을 지향하다.,,健全な けんぜんな 건전한 社会の健全な発展を目指す。 사회의 건전한 발전을 지향하다.,N1
나형용사,na_adjective,広大な,こうだいな,광대한,広大な牧場で牛を飼育する。,광대한 목장에서 소를 사육하다.,"{""year"": ""2012""}",広大な 2012 こうだいな 광대한 広大な牧場で牛を飼育する。 광대한 목장에서 소를 사육하다.,N1
나형용사,na_adjective,厳密な,げんみつな,엄밀한,厳密に区別する。,엄밀하게 구별하다.,,厳密な げんみつな 엄밀한 厳密に区別する。 엄밀하게 구별하다.,N1
나형용사,na_adjective,賢明な,けんめいな,현명한,すぐに謝ったほうが賢明だと思う。,바로 사과하는 편이 현명하다고 생각한다.,,賢明な けんめいな 현명한 すぐに謝ったほうが賢明だと思う。 바로 사과하는 편이 현명하다고 생각한다.,N1
나형용사,na_adjective,高尚な,こうしょうな,고상한,高尚な趣味を持つ。,고상한 취미를 갖다.,,高尚な こうしょうな 고상한 高尚な趣味を持つ。 고상한 취미를 갖다.,N1
나형용사,na_adjective,巧妙な,こうみょうな,교묘한,巧妙な手口に引っかかる。,교묘한 수법에 걸려들다.,"{""year"": ""2013""}",巧妙な 2013 こうみょうな 교묘한 巧妙な手口に引っかかる。 교묘한 수법에 걸려들다.,N1
나형용사,na_adjective,克明な,こくめいな,"극명한, 세밀한",震災の被害状況を克明に記録する。,지진의 피해 상황을 세밀하게 기록하다.,"{""year"": ""2018""}","克明な 2018 こくめいな 극명한, 세밀한 震災の被害状況を克明に記録する。 지진의 피해 상황을 세밀하게 기록하다.",N1
나형용사,na_adjective,こっけいな,こっけいな,우스꽝스러운,こっけいなことを言って人を笑わせる。,우스꽝스러운 말을 해서 사람을 웃기다.,,こっけいな こっけいな 우스꽝스러운 こっけいなことを言って人を笑わせる。 우스꽝스러운 말을 해서 사람을 웃기다.,N1
나형용사,na_adjective,孤独な,こどくな,고독한,孤独な生涯を送る。,고독한 생애를 보내다.,,孤独な こどくな 고독한 孤独な生涯を送る。 고독한 생애를 보내다.,N1
나형용사,na_adjective,細やかな/濃やかな,こまやかな,"섬세한, 자상한",細やかな心配りに感謝する。,섬세한 배려에 감사하다.,,"細やかな/濃やかな こまやかな 섬세한, 자상한 細やかな心配りに感謝する。 섬세한 배려에 감사하다.",N1
나형용사,na_adjective,早急な,さっきゅうな,시급한,早急に連絡をとる。,시급하게 연락을 취하다.,,早急な さっきゅうな 시급한 早急に連絡をとる。 시급하게 연락을 취하다.,N1
나형용사,na_adjective,急速な,きゅうそくな,급속한,急速な円高を懸念する。,급속한 엔고 현상을 우려하다.,,急速な きゅうそくな 급속한 急速な円高を懸念する。 급속한 엔고 현상을 우려하다.,N1
나형용사,na_adjective,強硬な,きょうこうな,강경한,強硬に反対する。,강경하게 반대하다.,"{""year"": ""2013""}",強硬な 2013 きょうこうな 강경한 強硬に反対する。 강경하게 반대하다.,N1
나형용사,na_adjective,強烈な,きょうれつな,강렬한,強烈な印象を与える。,강렬한 인상을 주다.,,強烈な きょうれつな 강렬한 強烈な印象を与える。 강렬한 인상을 주다.,N1
나형용사,na_adjective,清らかな,きよらかな,맑은,夜空に星が清らかに輝く。,밤하늘에 별이 맑게 빛난다.,,清らかな きよらかな 맑은 夜空に星が清らかに輝く。 밤하늘에 별이 맑게 빛난다.,N1
나형용사,na_adjective,きらびやかな,きらびやかな,휘황찬란한,会場をきらびやかに飾りつける。,회장을 휘황찬란하게 장식하다.,,きらびやかな 휘황찬란한 会場をきらびやかに飾りつける。 회장을 휘황찬란하게 장식하다.,N1
나형용사,na_adjective,勤勉な,きんべんな,근면한,勤勉な態度で仕事をこなす。,근면한 태도로 일을 처리하다.,,勤勉な きんべんな 근면한 勤勉な態度で仕事をこなす。 근면한 태도로 일을 처리하다.,N1
나형용사,na_adjective,緊密な,きんみつな,긴밀한,緊密な連絡をとる。,긴밀한 연락을 취하다.,"{""year"": ""2017""}",緊密な 2017 きんみつな 긴밀한 緊密な連絡をとる。 긴밀한 연락을 취하다.,N1
나형용사,na_adjective,軽快な,けいかいな,경쾌한,軽快な音楽が流れる。,경쾌한 음악이 흐르다.,,軽快な けいかいな 경쾌한 軽快な音楽が流れる。 경쾌한 음악이 흐르다.,N1
나형용사,na_adjective,軽率な,けいそつな,경솔한,軽率な言動で他人を傷つける。,경솔한 언행으로 다른 사람을 상처 입히다.,,軽率な けいそつな 경솔한 軽率な言動で他人を傷つける。 경솔한 언행으로 다른 사람을 상처 입히다.,N1
나형용사,na_adjective,厳格な,げんかくな,엄격한,厳格に審査する。,엄격하게 심사하다.,,厳格な げんかくな 엄격한 厳格に審査する。 엄격하게 심사하다.,N1
나형용사,na_adjective,厳正な,げんせいな,엄정한,応募作品を厳正に審査する。,응모 작품을 엄정하게 심사하다.,"{""year"": ""2014""}",厳正な 2014 げんせいな 엄정한 応募作品を厳正に審査する。 응모 작품을 엄정하게 심사하다.,N1
나형용사,na_adjective,精巧な,せいこうな,정교한,精巧な細工を施す。,정교한 세공을 하다.,,精巧な せいこうな 정교한 精巧な細工を施す。 정교한 세공을 하다.,N1
나형용사,na_adjective,清純な,せいじゅんな,청순한,清純なイメージを持つ。,청순한 이미지를 지니다.,,清純な せいじゅんな 청순한 清純なイメージを持つ。 청순한 이미지를 지니다.,N1
나형용사,na_adjective,盛大な,せいだいな,성대한,パーティーは盛大に行われた。,파티는 성대하게 거행되었다.,"{""year"": ""2018""}",盛大な 2018 せいだいな 성대한 パーティーは盛大に行われた。 파티는 성대하게 거행되었다.,N1
나형용사,na_adjective,正当な,せいとうな,정당한,正当な権利を主張する。,정당한 권리를 주장하다.,,正当な せいとうな 정당한 正当な権利を主張する。 정당한 권리를 주장하다.,N1
나형용사,na_adjective,精密な,せいみつな,정밀한,重量を精密に量る。,중량을 정밀하게 재다.,,精密な せいみつな 정밀한 重量を精密に量る。 중량을 정밀하게 재다.,N1
나형용사,na_adjective,切実な,せつじつな,절실한,親友に切実な悩みを打ち明ける。,친구에게 절실한 고민을 털어놓다.,,切実な せつじつな 절실한 親友に切実な悩みを打ち明ける。 친구에게 절실한 고민을 털어놓다.,N1
나형용사,na_adjective,絶大な,ぜつだいな,절대적인,若者の間で絶大な人気を誇る。,젊은이들 사이에서 절대적인 인기를 자랑하다.,"{""year"": ""2014""}",絶大な 2014 ぜつだいな 절대적인 若者の間で絶大な人気を誇る。 젊은이들 사이에서 절대적인 인기를 자랑하다.,N1
나형용사,na_adjective,繊細な,せんさいな,섬세한,彼女は繊細な感性の持ち主である。,그녀는 섬세한 감성의 소유자이다.,,繊細な せんさいな 섬세한 彼女は繊細な感性の持ち主である。 그녀는 섬세한 감성의 소유자이다.,N1
나형용사,na_adjective,全面的な,ぜんめんてきな,전면적인,法律を全面的に改正する。,법률을 전면적으로 개정하다.,,全面的な ぜんめんてきな 전면적인 法律を全面的に改正する。 법률을 전면적으로 개정하다.,N1
나형용사,na_adjective,善良な,ぜんりょうな,선량한,善良な市民の生活を守る。,선량한 시민의 생활을 지키다.,,善良な ぜんりょうな 선량한 善良な市民の生活を守る。 선량한 시민의 생활을 지키다.,N1
나형용사,na_adjective,残酷な,ざんこくな,잔혹한,弱者を残酷にいじめる。,약자를 잔인하게 괴롭히다.,,残酷な ざんこくな 잔혹한 弱者を残酷にいじめる。 약자를 잔인하게 괴롭히다.,N1
나형용사,na_adjective,斬新な,ざんしんな,참신한,彼はいつも斬新なアイデアを出す。,그는 언제나 참신한 아이디어를 낸다.,,斬新な ざんしんな 참신한 彼はいつも斬新なアイデアを出す。 그는 언제나 참신한 아이디어를 낸다.,N1
나형용사,na_adjective,淑やかな,しとやかな,정숙한,着物姿で淑やかに歩く。,기모노 차림으로 우아하게 걷다.,,淑やかな しとやかな 정숙한 着物姿で淑やかに歩く。 기모노 차림으로 우아하게 걷다.,N1
나형용사,na_adjective,しなやかな,しなやかな,유연한,しなやかに踊る。,유연하게 춤추다.,,しなやかな しなやかな 유연한 しなやかに踊る。 유연하게 춤추다.,N1
나형용사,na_adjective,詳細な,しょうさいな,상세한,詳細な報告を受ける。,상세한 보고를 받다.,,詳細な しょうさいな 상세한 詳細な報告を受ける。 상세한 보고를 받다.,N1
나형용사,na_adjective,尋常な,じんじょうな,평범한,尋常な手段では解決しない。,평범한 방법으로는 해결되지 않는다.,,尋常な じんじょうな 평범한 尋常な手段では解決しない。 평범한 방법으로는 해결되지 않는다.,N1
나형용사,na_adjective,神聖な,しんせいな,신성한,ここは神聖な場所だ。,이 곳은 신성한 장소이다.,,神聖な しんせいな 신성한 ここは神聖な場所だ。 이 곳은 신성한 장소이다.,N1
나형용사,na_adjective,迅速な,じんそくな,신속한,問題に迅速に対処する。,문제에 신속히 대처하다.,,迅速な じんそくな 신속한 問題に迅速に対処する。 문제에 신속히 대처하다.,N1
나형용사,na_adjective,親密な,しんみつな,친밀한,親密な関係を築く。,친밀한 관계를 구축하다.,,親密な しんみつな 친밀한 親密な関係を築く。 친밀한 관계를 구축하다.,N1
나형용사,na_adjective,健やかな,すこやかな,건강한,健やかに育つ。,건강하게 자라다.,"{""year"": ""2014""}",健やかな 2014 すこやかな 건강한 健やかに育つ。 건강하게 자라다.,N1
나형용사,na_adjective,速やかな,すみやかな,신속한,速やかな対策を望む。,신속한 대책을 바라다.,"{""year"": ""2015""}",速やかな 2015 すみやかな 신속한 速やかな対策を望む。 신속한 대책을 바라다.,N1
나형용사,na_adjective,壮健な,そうけんな,건강한,壮健に暮らす。,건강하게 살다.,,壮健な そうけんな 건강한 壮健に暮らす。 건강하게 살다.,N1
나형용사,na_adjective,壮大な,そうだいな,장대한,壮大な山々が連なる。,웅장한 산들이 이어져 있다.,"{""year"": ""2019""}",壮大な 2019 そうだいな 장대한 壮大な山々が連なる。 웅장한 산들이 이어져 있다.,N1
나형용사,na_adjective,相対的な,そうたいてきな,상대적인,物事を相対的に見る。,매사를 상대적으로 본다.,,相対的な そうたいてきな 상대적인 物事を相対的に見る。 매사를 상대적으로 본다.,N1
나형용사,na_adjective,ぞんざいな,ぞんざいな,무성의한,仕事をぞんざいにする。,일을 무성의하게 하다.,,ぞんざいな ぞんざいな 무성의한 仕事をぞんざいにする。 일을 무성의하게 하다.,N1
나형용사,na_adjective,怠惰な,たいだな,나태한,怠惰な生活を送る。,나태한 생활을 보내다.,,怠惰な たいだな 나태한 怠惰な生活を送る。 나태한 생활을 보내다.,N1
나형용사,na_adjective,大胆な,だいたんな,대담한,大胆な性格で思い切ったことをする。,대담한 성격으로 과감한 일을 하다.,,大胆な だいたんな 대담한 大胆な性格で思い切ったことをする。 대담한 성격으로 과감한 일을 하다.,N1
나형용사,na_adjective,対等な,たいとうな,대등한,対等な立場で話し合う。,대등한 입장에서 서로 이야기하다.,,対等な たいとうな 대등한 対等な立場で話し合う。 대등한 입장에서 서로 이야기하다.,N1
나형용사,na_adjective,巧みな,たくみな,"교묘한, 능숙한",巧みな演技を披露する。,능숙한 연기를 보여주다.,"{""year"": ""2016""}","巧みな 2016 たくみな 교묘한, 능숙한 巧みな演技を披露する。 능숙한 연기를 보여주다.",N1
나형용사,na_adjective,達者な,たっしゃな,능숙한,達者に英語を話す。,능숙하게 영어를 말하다.,,達者な たっしゃな 능숙한 達者に英語を話す。 능숙하게 영어를 말하다.,N1
나형용사,na_adjective,多忙な,たぼうな,매우 바쁜,多忙な毎日を過ごす。,매우 바쁜 나날을 보내다.,,多忙な たぼうな 매우 바쁜 多忙な毎日を過ごす。 매우 바쁜 나날을 보내다.,N1
나형용사,na_adjective,多様な,たような,다양한,多様な商品を扱う。,다양한 상품을 취급하다.,,多様な たような 다양한 多様な商品を扱う。 다양한 상품을 취급하다.,N1
나형용사,na_adjective,単調な,たんちょうな,단조로운,刺激のない単調な毎日が続く。,자극이 없는 단조로운 나날이 계속되다.,,単調な たんちょうな 단조로운 刺激のない単調な毎日が続く。 자극이 없는 단조로운 나날이 계속되다.,N1
나형용사,na_adjective,丹念な,たんねんな,"정성스러운, 꼼꼼한",資料を丹念に調べる。,자료를 하나하나 꼼꼼하게 조사하다.,"{""year"": ""2010""}","丹念な 2010 たんねんな 정성스러운, 꼼꼼한 資料を丹念に調べる。 자료를 하나하나 꼼꼼하게 조사하다.",N1
나형용사,na_adjective,忠実な,ちゅうじつな,충실한,任務を忠実に遂行する。,임무를 충실히 수행하다.,,忠実な ちゅうじつな 충실한 任務を忠実に遂行する。 임무를 충실히 수행하다.,N1
나형용사,na_adjective,中途半端な,ちゅうとはんぱな,어중간한,中途半端な妥協はしない。,어중간한 타협은 하지 않겠다.,,中途半端な ちゅうとはんぱな 어중간한 中途半端な妥協はしない。 어중간한 타협은 하지 않겠다.,N1
나형용사,na_adjective,著名な,ちょめいな,저명한,著名な人物の伝記を書く。,저명한 인물의 전기를 쓰다.,,著名な ちょめいな 저명한 著名な人物の伝記を書く。 저명한 인물의 전기를 쓰다.,N1
나형용사,na_adjective,痛快な,つうかいな,통쾌한,9回裏に痛快なホームランが出た。,9회 말에 통쾌한 홈런이 나왔다.,,痛快な つうかいな 통쾌한 9回裏に痛快なホームランが出た。 9회 말에 통쾌한 홈런이 나왔다.,N1
나형용사,na_adjective,痛切な,つうせつな,"통절한, 절실한",資金不足を痛切に感じる。,자금 부족을 절실하게 느끼다.,,"痛切な つうせつな 통절한, 절실한 資金不足を痛切に感じる。 자금 부족을 절실하게 느끼다.",N1
나형용사,na_adjective,月並な,つきなみな,진부한,月並みなアイデアでは駄目だ。,흔해 빠진 아이디어로는 안 된다.,,月並な つきなみな 진부한 月並なアイデアでは駄目だ。 흔해 빠진 아이디어로는 안 된다.,N1
나형용사,na_adjective,つぶらな,つぶらな,둥근,つぶらな瞳がかわいい。,둥근 눈망울이 귀엽다.,,つぶらな つぶらな 둥근 つぶらな瞳がかわいい。 둥근 눈망울이 귀엽다.,N1
나형용사,na_adjective,手薄な,てうすな,"허술한, 부족한",所持金が手薄になる。,수중에 지닌 돈이 줄어들다.,"{""year"": ""2010""}","手薄な 2010 てうすな 허술한, 부족한 所持金が手薄になる。 수중에 지닌 돈이 줄어들다.",N1
나형용사,na_adjective,適宜な,てきぎな,적당한,適宜な処置をとる。,적당한 조치를 취하다.,,適宜な てきぎな 적당한 適宜な処置をとる。 적당한 조치를 취하다.,N1
나형용사,na_adjective,適正な,てきせいな,적정한,適正な評価を下す。,적정한 평가를 내리다.,,適正な てきせいな 적정한 適正な評価を下す。 적정한 평가를 내리다.,N1
나형용사,na_adjective,手頃な,てごろな,알맞은,手頃な値段のコートを探す。,적당한 가격의 코트를 찾다.,,手頃な てごろな 알맞은 手頃な値段のコートを探す。 적당한 가격의 코트를 찾다.,N1
나형용사,na_adjective,鈍感な,どんかんな,둔감한,鈍感だから皮肉が通じない。,둔감해서 비꼬는게 통하지 않는다.,,鈍感な どんかんな 둔감한 鈍感だから皮肉が通じない。 둔감해서 비꼬는게 통하지 않는다.,N1
나형용사,na_adjective,和やかな,なごやかな,온화한,和やかな雰囲気で話し合う。,부드러운 분위기로 이야기를 나누다.,"{""year"": ""2018""}",和やかな 2018 なごやかな 온화한 和やかな雰囲気で話し合う。 부드러운 분위기로 이야기를 나누다.,N1
나형용사,na_adjective,滑らかな,なめらかな,매끄러운,滑らかな英語を話す。,유창한 영어를 구사하다.,,滑らかな なめらかな 매끄러운 滑らかな英語を話す。 유창한 영어를 구사하다.,N1
나형용사,na_adjective,にわかな,にわかな,갑작스러운,にわかに天候が変わる。,갑작스럽게 날씨가 바뀌다.,"{""year"": ""2011""}",にわかな 2011 にわかな 갑작스러운 にわかに天候が変わる。 갑작스럽게 날씨가 바뀌다.,N1
나형용사,na_adjective,のどかな,のどかな,한가로운,田舎でのどかに暮らす。,시골에서 한가롭게 지내다.,,のどかな のどかな 한가로운 田舎でのどかに暮らす。 시골에서 한가롭게 지내다.,N1
나형용사,na_adjective,はるかな,はるかな,아득한,予想をはるかに上回る。,예상을 훨씬 웃돌다.,,はるかな はるかな 아득한 予想をはるかに上回る。 예상을 훨씬 웃돌다.,N1
나형용사,na_adjective,煩雑な,はんざつな,번잡한,煩雑な手続きを専門家に依頼する。,번잡한 수속을 전문가에게 의뢰하다.,"{""year"": ""2013""}",煩雑な 2013 はんざつな 번잡한 煩雑な手続きを専門家に依頼する。 번잡한 수속을 전문가에게 의뢰하다.,N1
나형용사,na_adjective,半端な,はんぱな,어중간한,タクシーで行くには半端な距離だ。,택시로 가기에는 어중간한 거리이다.,,半端な はんぱな 어중간한 タクシーで行くには半端な距離だ。 택시로 가기에는 어중간한 거리이다.,N1
나형용사,na_adjective,悲惨な,ひさんな,비참한,悲惨な光景を目撃する。,비참한 광경을 목격하다.,,悲惨な ひさんな 비참한 悲惨な光景を目撃する。 비참한 광경을 목격하다.,N1
나형용사,na_adjective,密かな,ひそかな,은밀한,夜遅くひそかに家を出る。,밤 늦게 몰래 집을 나오다.,,密かな ひそかな 은밀한 夜遅くひそかに家を出る。 밤 늦게 몰래 집을 나오다.,N1
나형용사,na_adjective,否定的な,ひていてきな,부정적인,否定的な見解を示す。,부정적인 견해를 나타내다.,,否定的な ひていてきな 부정적인 否定的な見解を示す。 부정적인 견해를 나타내다.,N1
나형용사,na_adjective,批判的な,ひはんてきな,비판적인,批判的な態度をとる。,비판적인 태도를 취하다.,,批判的な ひはんてきな 비판적인 批判的な態度をとる。 비판적인 태도를 취하다.,N1
나형용사,na_adjective,敏感な,びんかんな,민감한,敏感に反応する。,민감하게 반응하다.,"{""year"": ""2018""}",敏感な 2018 びんかんな 민감한 敏感に反応する。 민감하게 반응하다.,N1
나형용사,na_adjective,貧弱な,ひんじゃくな,빈약한,文章の内容が貧弱だ。,문장의 내용이 빈약하다.,,貧弱な ひんじゃくな 빈약한 文章の内容が貧弱だ。 문장의 내용이 빈약하다.,N1
나형용사,na_adjective,頻繁な,ひんぱんな,빈번한,頻繁に連絡をとる。,빈번하게 연락을 취하다.,"{""year"": ""2016""}",頻繁な 2016 ひんぱんな 빈번한 頻繁に連絡をとる。 빈번하게 연락을 취하다.,N1
나형용사,na_adjective,不可欠な,ふかけつな,불가결한,水は生きていくのに不可欠なものだ。,물은 살아가는 데 불가결한 것이다.,,不可欠な ふかけつな 불가결한 水は生きていくのに不可欠なものだ。 물은 살아가는 데 불가결한 것이다.,N1
나형용사,na_adjective,不機嫌な,ふきげんな,기분이 좋지 않은,彼女は不機嫌そうな顔をしている。,그녀는 기분이 안 좋은 듯한 얼굴을 하고 있다.,,不機嫌な ふきげんな 기분이 좋지 않은 彼女は不機嫌そうな顔をしている。 그녀는 기분이 안 좋은 듯한 얼굴을 하고 있다.,N1
나형용사,na_adjective,不吉な,ふきつな,불길한,不吉な予感がする。,불길한 예감이 들다.,,不吉な ふきつな 불길한 不吉な予感がする。 불길한 예감이 들다.,N1
나형용사,na_adjective,不自然な,ふしぜんな,부자연스러운,演技が不自然に見える。,연기가 부자연스럽게 보인다.,,不自然な ふしぜんな 부자연스러운 演技が不自然に見える。 연기가 부자연스럽게 보인다.,N1
나형용사,na_adjective,不十分な,ふじゅうぶんな,불충분한,この公園は設備が不十分である。,이 공원은 설비가 충분하지 못하다.,,不十分な ふじゅうぶんな 불충분한 この公園は設備が不十分である。 이 공원은 설비가 충분하지 못하다.,N1
나형용사,na_adjective,不順な,ふじゅんな,불순한,今年は天候が不順である。,올해는 날씨가 좋지 않다.,,不順な ふじゅんな 불순한 今年は天候が不順である。 올해는 날씨가 좋지 않다.,N1
나형용사,na_adjective,不審な,ふしんな,의심스러운,不審な人物を逮捕する。,수상한 인물을 체포하다.,"{""year"": ""2019""}",不審な 2019 ふしんな 의심스러운 不審な人物を逮捕する。 수상한 인물을 체포하다.,N1
나형용사,na_adjective,不当な,ふとうな,부당한,不当な差別を受ける。,부당한 차별을 받다.,,不当な ふとうな 부당한 不当な差別を受ける。 부당한 차별을 받다.,N1
나형용사,na_adjective,不用意な,ふよういな,부주의한,不用意な発言を謝る。,조심성 없는 발언을 사과하다.,"{""year"": ""2014""}",不用意な 2014 ふよういな 부주의한 不用意な発言を謝る。 조심성 없는 발언을 사과하다.,N1
나형용사,na_adjective,無礼な,ぶれいな,무례한,先輩に無礼な言葉を吐く。,선배에게 무례한 말을 내뱉다.,,無礼な ぶれいな 무례한 先輩に無礼な言葉を吐く。 선배에게 무례한 말을 내뱉다.,N1
나형용사,na_adjective,ふんだんな,ふんだんな,"풍부한, 넉넉한",ふんだんな資金力を持つ。,충분한 자금력을 지니다.,,"ふんだんな ふんだんな 풍부한, 넉넉한 ふんだんな資金力を持つ。 충분한 자금력을 지니다.",N1
나형용사,na_adjective,豊潤な,ほうじゅんな,풍요로운,温暖な気候と豊潤な資源に恵まれる。,온난한 기후와 풍요로운 자원의 축복을 받다.,,豊潤な ほうじゅんな 풍요로운 温暖な気候と豊潤な資源に恵まれる。 온난한 기후와 풍요로운 자원의 축복을 받다.,N1
나형용사,na_adjective,保守的な,ほしゅてきな,보수적인,うちの父は保守的だ。,우리 아버지는 보수적이다.,,保守的な ほしゅてきな 보수적인 うちの父は保守的だ。 우리 아버지는 보수적이다.,N1
나형용사,na_adjective,前向きな,まえむきな,"긍정적인, 적극적인",前向きに考える。,긍정적으로 생각하다.,,"前向きな まえむきな 긍정적인, 적극적인 前向きに考える。 긍정적으로 생각하다.",N1
나형용사,na_adjective,まばらな,まばらな,드문드문한,店内に客の姿はまばらだった。,가계에 손님의 모습은 뜸했다.,"{""year"": ""2010""}",まばらな 2010 まばらな 드문드문한 店内に客の姿はまばらだった。 가계에 손님의 모습은 뜸했다.,N1
나형용사,na_adjective,未熟な,みじゅくな,미숙한,舞台に立つにはまだ演技が未熟だ。,무대에 서기에는 아직 연기가 미숙하다.,,未熟な みじゅくな 미숙한 舞台に立つにはまだ演技が未熟だ。 무대에 서기에는 아직 연기가 미숙하다.,N1
나형용사,na_adjective,身近な,みぢかな,가까운,ゴミ処理は住民に身近な問題だ。,쓰레기 처리는 주민에게 관계 깊은 문제다.,,身近な みぢかな 가까운 ゴミ処理は住民に身近な問題だ。 쓰레기 처리는 주민에게 관계 깊은 문제다.,N1
나형용사,na_adjective,無意味な,むいみな,무의미한,努力は無意味に終わった。,노력은 무의미하게 끝났다.,,無意味な むいみな 무의미한 努力は無意味に終わった。 노력은 무의미하게 끝났다.,N1
나형용사,na_adjective,無邪気な,むじゃきな,천진난만한,子供のように無邪気に笑う。,아이처럼 천진난만하게 웃다.,,無邪気な むじゃきな 천진난만한 子供のように無邪気に笑う。 아이처럼 천진난만하게 웃다.,N1
나형용사,na_adjective,無造作な,むぞうさな,"손쉬운, 아무렇게나",帽子を無造作にかぶる。,모자를 아무렇게나 쓰다.,"{""year"": ""2012""}","無造作な 2012 むぞうさな 손쉬운, 아무렇게나 帽子を無造作にかぶる。 모자를 아무렇게나 쓰다.",N1
나형용사,na_adjective,無駄な,むだな,쓸데없는,無駄な出費を抑える。,불필요한 지출을 억제하다.,,無駄な むだな 쓸데없는 無駄な出費を抑える。 불필요한 지출을 억제하다.,N1
나형용사,na_adjective,無茶な,むちゃな,무리한,無茶な使い方をすると壊れる。,무리하게 사용하면 고장난다.,,無茶な むちゃな 무리한 無茶な使い方をすると壊れる。 무리하게 사용하면 고장난다.,N1
나형용사,na_adjective,無謀な,むぼうな,무모한,この計画は無謀であり見直すべきだ。,이 계획은 무모하며 재검토해야한다.,"{""year"": ""2011""}",無謀な 2011 むぼうな 무모한 この計画は無謀であり見直すべきだ。 이 계획은 무모하며 재검토해야한다.,N1
나형용사,na_adjective,明快な,めいかいな,명쾌한,明快な論理で反論する。,명쾌한 논리로 반론하다.,,明快な めいかいな 명쾌한 明快な論理で反論する。 명쾌한 논리로 반론하다.,N1
나형용사,na_adjective,明瞭な,めいりょうな,명료한,明瞭な発音で分かりやすく話す。,명료한 발음으로 알기 쉽게 말하다.,,明瞭な めいりょうな 명료한 明瞭な発音で分かりやすく話す。 명료한 발음으로 알기 쉽게 말하다.,N1
나형용사,na_adjective,明朗な,めいろうな,명랑한,彼は明朗な性格の持ち主だ。,그는 명랑한 성격의 소유자다.,,明朗な めいろうな 명랑한 彼は明朗な性格の持ち主だ。 그는 명랑한 성격의 소유자다.,N1
나형용사,na_adjective,綿密な,めんみつな,면밀한,綿密に計画を立てる。,면밀하게 계획을 세우다.,"{""year"": ""2010""}",綿密な 2010 めんみつな 면밀한 綿密に計画を立てる。 면밀하게 계획을 세우다.,N1
나형용사,na_adjective,有益な,ゆうえきな,유익한,社会に有益な事業を援助する。,사회에 유익한 사업을 원조하다.,,有益な ゆうえきな 유익한 社会に有益な事業を援助する。 사회에 유익한 사업을 원조하다.,N1
나형용사,na_adjective,勇敢な,ゆうかんな,용감한,苦難の時代を勇敢に生き抜く。,고난의 시대를 용감하게 살아가다.,,勇敢な ゆうかんな 용감한 苦難の時代を勇敢に生き抜く。 고난의 시대를 용감하게 살아가다.,N1
나형용사,na_adjective,優柔不断な,ゆうじゅうふだんな,우유부단한,優柔不断な態度を非難する。,우유부단한 태도를 비난하다.,,優柔不断な ゆうじゅうふだんな 우유부단한 優柔不断な態度を非難する。 우유부단한 태도를 비난하다.,N1
나형용사,na_adjective,悠長な,ゆうちょうな,느긋한,そんな悠長な話はしていられない。,그렇게 느긋한 이야기는 하고 있을 수 없다.,,悠長な ゆうちょうな 느긋한 そんな悠長な話はしていられない。 그렇게 느긋한 이야기는 하고 있을 수 없다.,N1
나형용사,na_adjective,優美な,ゆうびな,우아한,和服姿で優美に振る舞う。,일본 전통옷 차림으로 우아하게 행동하다.,,優美な ゆうびな 우아한 和服姿で優美に振る舞う。 일본 전통옷 차림으로 우아하게 행동하다.,N1
나형용사,na_adjective,有望な,ゆうぼうな,유망한,アジアはこれから有望な市場になる。,아시아는 앞으로 유망한 시장이 될 것이다.,,有望な ゆうぼうな 유망한 アジアはこれから有望な市場になる。 아시아는 앞으로 유망한 시장이 될 것이다.,N1
나형용사,na_adjective,緩やかな,ゆるやか(な),완만한,緩やかな坂道を登る。,완만한 비탈길을 오르다.,,緩やかな ゆるやか(な) 완만한 緩やかな坂道を登る。 완만한 비탈길을 오르다.,N1
나형용사,na_adjective,良好な,りょうこうな,양호한,取引先と良好な関係を築く。,거래처와 양호한 관계를 쌓다.,,良好な りょうこうな 양호한 取引先と良好な関係を築く。 거래처와 양호한 관계를 쌓다.,N1
나형용사,na_adjective,良質な,りょうしつな,양질의,良質なサービスを供給する。,양질의 서비스를 공급하다.,,良質な りょうしつな 양질의 良質なサービスを供給する。 양질의 서비스를 공급하다.,N1
나형용사,na_adjective,冷酷な,れいこくな,냉혹한,冷酷にリストラを実行する。,냉혹하게 정리해고를 실행하다.,,冷酷な れいこくな 냉혹한 冷酷にリストラを実行する。 냉혹하게 정리해고를 실행하다.,N1
나형용사,na_adjective,冷淡な,れいたんな,냉담한,勝手にしろと冷淡に言う。,맘대로 하라고 냉담하게 말하다.,,冷淡な れいたんな 냉담한 勝手にしろと冷淡に言う。 맘대로 하라고 냉담하게 말하다.,N1
나형용사,na_adjective,露骨な,ろこつな,노골적인,悪口を露骨に言う。,노골적으로 험담을 하다.,,露骨な ろこつな 노골적인 悪口を露骨に言う。 노골적으로 험담을 하다.,N1
부사,adverb,あえて,あえて,"굳이, 무리하게, 구태여",あえて危険を冒す。,굳이 위험을 무릅쓰다.,,"あえて あえて 굳이, 무리하게, 구태여 あえて危険を冒す。 굳이 위험을 무릅쓰다.",N1
부사,adverb,あっさり,あっさり,시원스럽게,試合にあっさりと負ける。,시합에 깨끗하게 지다.,,あっさり あっさり 시원스럽게 試合にあっさりと負ける。 시합에 깨끗하게 지다.,N1
부사,adverb,案の定,あんのじょう,"아니나 다를까, 생각했던 대로",結果は案の定だった。,결과는 예상했던 대로였다.,"{""year"": ""2014""}","案の定 2014 あんのじょう 아니나 다를까, 생각했던 대로 結果は案の定だった。 결과는 예상했던 대로였다.",N1
부사,adverb,いかに,いかに,① 아무리 ② 어떻게,いかに苦しくても我慢する。人生をいかに生きるべきか。,아무리 괴로워도 참는다. 인생을 어떻게 살아야 할 것인가?,,いかに いかに ① 아무리 ② 어떻게 いかに苦しくても我慢する。人生をいかに生きるべきか。 아무리 괴로워도 참는다. 인생을 어떻게 살아야 할 것인가?,N1
부사,adverb,いかにも,いかにも,"① 매우, 정말로 ② 과연, 확실하게",いかにも苦しそうだ。いかにも君らしいね。,매우 괴로운 듯하다. 과연 자네답군.,,"いかにも いかにも ① 매우, 정말로 ② 과연, 확실하게 いかにも苦しそうだ。いかにも君らしいね。 매우 괴로운 듯하다. 과연 자네답군.",N1
부사,adverb,幾度,いくど,"여러 번, 몇 번이나",幾度声をかけても返事がない。,여러 번 말을 걸어도 대답이 없다.,,"幾度 いくど 여러 번, 몇 번이나 幾度声をかけても返事がない。 여러 번 말을 걸어도 대답이 없다.",N1
부사,adverb,至って,いたって,"지극히, 매우, 대단히",子供は至って元気です。,아이는 매우 건강합니다.,"{""year"": ""2014""}","至って 2014 いたって 지극히, 매우, 대단히 子供は至って元気です。 아이는 매우 건강합니다.",N1
부사,adverb,一概に,いちがいに,"한 마디로, 무조건, 하나같이",一概に悪いとは言えない。,무조건 나쁘다고는 말할 수 없다.,,"一概に いちがいに 한 마디로, 무조건, 하나같이 一概に悪いとは言えない。 무조건 나쁘다고는 말할 수 없다.",N1
부사,adverb,一律に,いちりつに,일률적으로,すべての経費を一律に削減する。,모든 경비를 일률적으로 삭감하다.,,一律に いちりつに 일률적으로 すべての経費を一律に削減する。 모든 경비를 일률적으로 삭감하다.,N1
부사,adverb,一挙に,いっきょに,"일거에, 한꺼번에, 한 번에",問題を一挙に解決する。,문제를 한꺼번에 해결하다.,,"一挙に いっきょに 일거에, 한꺼번에, 한 번에 問題を一挙に解決する。 문제를 한꺼번에 해결하다.",N1
부사,adverb,一見,いっけん,언뜻 보기에,一見難しそうに見える。,언뜻 보기에 어려워 보인다.,,一見 いっけん 언뜻 보기에 一見難しそうに見える。 언뜻 보기에 어려워 보인다.,N1
부사,adverb,一向に,いっこうに,"전혀, 조금도",話が一向に進まない。,이야기가 전혀 진전되지 않는다.,,"一向に いっこうに 전혀, 조금도 話が一向に進まない。 이야기가 전혀 진전되지 않는다.",N1
부사,adverb,今更,いまさら,"이제 와서, 새삼스럽게",今更慌てても仕方がない。,이제 와서 허둥대도 어쩔 수 없다.,"{""year"": ""2015""}","今更 2015 いまさら 이제 와서, 새삼스럽게 今更慌てても仕方がない。 이제 와서 허둥대도 어쩔 수 없다.",N1
부사,adverb,未だ,いまだ,"아직도, 지금껏",事故の原因は未だはっきりしない。,사고의 원인은 아직도 확실치 않다.,,"未だ いまだ 아직도, 지금껏 事故の原因は未だはっきりしない。 사고의 원인은 아직도 확실치 않다.",N1
부사,adverb,いやいや,いやいや,"마지못해, 하는 수 없이",いやいや承諾する。,마지못해 승낙하다.,,"いやいや いやいや 마지못해, 하는 수 없이 いやいや承諾する。 마지못해 승낙하다.",N1
부사,adverb,いやに,いやに,"몹시, 매우",いやに頭が痛い。,몹시 머리가 아프다.,,"いやに いやに 몹시, 매우 いやに頭が痛い。 몹시 머리가 아프다.",N1
부사,adverb,うんざり,うんざり,"지긋지긋함, 진절머리가 남, 지겨움",長電話にうんざりする。,긴 전화에 진절머리가 나다.,,"うんざり うんざり 지긋지긋함, 진절머리가 남, 지겨움 長電話にうんざりする。 긴 전화에 진절머리가 나다.",N1
부사,adverb,大方,おおかた,"거의, 대략, 대부분",仕事は大方片づいた。,일은 거의 정리되었다.,,"大方 おおかた 거의, 대략, 대부분 仕事は大方片づいた。 일은 거의 정리되었다.",N1
부사,adverb,おおむね,おおむね,대체로,説明の内容はおおむね理解できた。,설명의 내용은 대체로 이해할 수 있었다.,"{""year"": ""2013""}",おおむね 2013 おおむね 대체로 説明の内容はおおむね理解できた。 설명의 내용은 대체로 이해할 수 있었다.,N1
부사,adverb,おどおど,おどおど,"주저주저, 흠칫흠칫",おどおどと辺りを見回す。,두려워하며 주위를 둘러보다.,,"おどおど おどおど 주저주저, 흠칫흠칫 おどおどと辺りを見回す。 두려워하며 주위를 둘러보다.",N1
부사,adverb,自ずから,おのずから,"저절로, 자연히",時が来れば、自ずから分かる。,때가 오면 저절로 알게 된다.,,"自ずから おのずから 저절로, 자연히 時が来れば、自ずから分かる。 때가 오면 저절로 알게 된다.",N1
부사,adverb,自ずと,おのずと,"저절로, 자연히",よく読めばおのずと理解できる。,잘 읽으면 저절로 이해할 수 있다.,"{""year"": ""2012""}","自ずと 2012 おのずと 저절로, 자연히 よく読めばおのずと理解できる。 잘 읽으면 저절로 이해할 수 있다.",N1
부사,adverb,がっくり,がっくり,"① 맥없이, 푹, 탁 ② 뚝",失敗にがっくりする。客足ががっくりと減る。,실패로 상심하다. 손님이 갑자기 줄어들다.,,"がっくり がっくり ① 맥없이, 푹, 탁 ② 뚝 失敗にがっくりする。客足ががっくりと減る。 실패로 상심하다. 손님이 갑자기 줄어들다.",N1
부사,adverb,がっしり,がっしり,"튼튼히, 다부지게",がっしりとした体格。,다부진 체격.,,"がっしり がっしり 튼튼히, 다부지게 がっしりとした体格。 다부진 체격.",N1
부사,adverb,がっちり,がっちり,"① 꽉, 단단히 ② 튼튼히, 다부지게",がっちりと手を握る。がっちりした体。,단단히 손을 잡다. 다부진 몸.,,"がっちり がっちり ① 꽉, 단단히 ② 튼튼히, 다부지게 がっちりと手を握る。がっちりした体。 단단히 손을 잡다. 다부진 몸.",N1
부사,adverb,かねて,かねて,"진작부터, 미리, 전부터",かねてより予期していたことだ。,진작부터 예측하고 있던 일이다.,,"かねて かねて 진작부터, 미리, 전부터 かねてより予期していたことだ。 진작부터 예측하고 있던 일이다.",N1
부사,adverb,仮に,かりに,"가령, 만약",仮に招待されても出席する気はない。,만약 초대를 받더라도 출석할 생각은 없다.,,"仮に かりに 가령, 만약 仮に招待されても出席する気はない。 만약 초대를 받더라도 출석할 생각은 없다.",N1
부사,adverb,かろうじて,かろうじて,"가까스로, 간신히",かろうじて最終電車に間に合った。,간신히 마지막 열차 시간에 도착했다.,"{""year"": ""2015""}","かろうじて 2015 かろうじて 가까스로, 간신히 かろうじて最終電車に間に合った。 간신히 마지막 열차 시간에 도착했다.",N1
부사,adverb,代わる代わる,かわるがわる,"번갈아, 교대로",出席者が代わる代わる意見を述べた。,출석자가 번갈아가며 의견을 말했다.,,"代わる代わる かわるがわる 번갈아, 교대로 出席者が代わる代わる意見を述べた。 출석자가 번갈아가며 의견을 말했다.",N1
부사,adverb,元来,がんらい,원래,この時計は元来父の物だ。,이 시계는 원래 아버지의 물건이다.,,元来 がんらい 원래 この時計は元来父の物だ。 이 시계는 원래 아버지의 물건이다.,N1
부사,adverb,きっかり,きっかり,"딱, 정확하게",きっかり約束の時間に来る。,정확하게 약속 시간에 오다.,,"きっかり きっかり 딱, 정확하게 きっかり約束の時間に来る。 정확하게 약속 시간에 오다.",N1
부사,adverb,きっちり,きっちり,"① 빈틈없이, 꽉 ② 딱, 정확하게",蓋をきっちりと閉める。きっちりと2時に開会する。,뚜껑을 꽉 닫다. 정확하게 2시에 개회하다.,,"きっちり きっちり ① 빈틈없이, 꽉 ② 딱, 정확하게 蓋をきっちりと閉める。きっちりと2時に開会する。 뚜껑을 꽉 닫다. 정확하게 2시에 개회하다.",N1
부사,adverb,急遽,きゅうきょ,"급거, 갑작스럽게",急遽出張に行くことになった。,갑작스럽게 출장을 가게 되었다.,"{""year"": ""2012""}","急遽 2012 きゅうきょ 급거, 갑작스럽게 急遽出張に行くことになった。 갑작스럽게 출장을 가게 되었다.",N1
부사,adverb,極力,きょくりょく,"힘껏, 가능하면",争いは極力避けたい。,분쟁은 가능하면 피하고 싶다.,"{""year"": ""2019""}","極力 2019 きょくりょく 힘껏, 가능하면 争いは極力避けたい。 분쟁은 가능하면 피하고 싶다.",N1
부사,adverb,極めて,きわめて,"지극히, 매우",解決は極めて難しい。,해결은 극히 어렵다.,,"極めて きわめて 지극히, 매우 解決は極めて難しい。 해결은 극히 어렵다.",N1
부사,adverb,くっきり,くっきり,"선명하게, 뚜렷하게",遠くの山がくっきり見える。,먼 산이 선명하게 보인다.,,"くっきり くっきり 선명하게, 뚜렷하게 遠くの山がくっきり見える。 먼 산이 선명하게 보인다.",N1
부사,adverb,ぐっと,ぐっと,"① 힘차게, 꿀꺽 ② 울컥, 뭉클",ビールをぐっと飲む。胸にぐっと来た。,맥주를 꿀꺽 마시다. 가슴이 뭉클해졌다.,,"ぐっと ぐっと ① 힘차게, 꿀꺽 ② 울컥, 뭉클 ビールをぐっと飲む。胸にぐっと来た。 맥주를 꿀꺽 마시다. 가슴이 뭉클해졌다.",N1
부사,adverb,くまなく,くまなく,"빠짐없이, 샅샅이, 구석구석까지",家中をくまなく捜す。,집 전체를 샅샅이 찾았다.,"{""year"": ""2015""}","くまなく 2015 くまなく 빠짐없이, 샅샅이, 구석구석까지 家中をくまなく捜す。 집 전체를 샅샅이 찾았다.",N1
부사,adverb,くよくよ,くよくよ,끙끙,あまりくよくよするな。,너무 고민하지마.,"{""year"": ""2015""}",くよくよ 2015 くよくよ 끙끙 あまりくよくよするな。 너무 고민하지마.,N1
부사,adverb,げっそりと,げっそりと,홀쭉,病気をしてげっそりとやせる。,병을 앓아 홀쭉 여위었다.,,げっそりと げっそりと 홀쭉 病気をしてげっそりとやせる。 병을 앓아 홀쭉 여위었다.,N1
부사,adverb,こうこうと,こうこうと,"휘황찬란하게, 반짝반짝하게",電灯がこうこうと輝く。,전등이 휘황찬란하게 빛나다.,,"こうこうと こうこうと 휘황찬란하게, 반짝반짝하게 電灯がこうこうと輝く。 전등이 휘황찬란하게 빛나다.",N1
부사,adverb,交互に,こうごに,번갈아,交互に意見を述べる。,교대로 의견을 말하다.,,交互に こうごに 번갈아 交互に意見を述べる。 교대로 의견을 말하다.,N1
부사,adverb,ことごとく,ことごとく,"모두, 전부",意見がことごとく対立する。,의견이 모두 대립하다.,"{""year"": ""2013""}","ことごとく 2013 ことごとく 모두, 전부 意見がことごとく対立する。 의견이 모두 대립하다.",N1
부사,adverb,殊に,ことに,특히,今年の夏は殊に暑い。,올 여름은 특히 덥다.,,殊に ことに 특히 今年の夏は殊に暑い。 올 여름은 특히 덥다.,N1
부사,adverb,こりごり,こりごり,"지긋지긋함, 넌더리가 남",こんな仕事はもうこりごりだ。,이런 일은 이제 지긋지긋하다.,,"こりごり こりごり 지긋지긋함, 넌더리가 남 こんな仕事はもうこりごりだ。 이런 일은 이제 지긋지긋하다.",N1
부사,adverb,さぞ,さぞ,"틀림없이, 필시",さぞびっくりしたことだろう。,필시 놀랐을 것이다.,,"さぞ さぞ 틀림없이, 필시 さぞびっくりしたことだろう。 필시 놀랐을 것이다.",N1
부사,adverb,さっと,さっと,"휙, 재빨리",さっと身を隠す。,재빨리 몸을 숨기다.,,"さっと さっと 휙, 재빨리 さっと身を隠す。 재빨리 몸을 숨기다.",N1
부사,adverb,さっぱり,さっぱり,"① 산뜻이, 말끔히, 상쾌하게 ② 전혀, 조금도",試験が終わってさっぱりした。さっぱり分からない。,시험이 끝나 홀가분했다. 전혀 모르겠다.,,"さっぱり さっぱり ① 산뜻이, 말끔히, 상쾌하게 ② 전혀, 조금도 試験が終わってさっぱりした。さっぱり分からない。 시험이 끝나 홀가분했다. 전혀 모르겠다.",N1
부사,adverb,さほど,さほど,그다지,さほどひどい病気ではない。,그다지 심각한 병은 아니다.,,さほど さほど 그다지 さほどひどい病気ではない。 그다지 심각한 병은 아니다.,N1
부사,adverb,さも,さも,"정말로, 아주",さも嬉しそうに笑う。,아주 기쁜 듯이 웃다.,,"さも さも 정말로, 아주 さも嬉しそうに笑う。 아주 기쁜 듯이 웃다.",N1
부사,adverb,強いて,しいて,"굳이, 억지로",いやなら、強いてすることはない。,싫다면 굳이 할 필요 없다.,"{""year"": ""2015""}","強いて 2015 しいて 굳이, 억지로 いやなら、強いてすることはない。 싫다면 굳이 할 필요 없다.",N1
부사,adverb,じっくり,じっくり,"차분히, 곰곰이",じっくりと考える。,차분히 생각하다.,"{""year"": ""2010""}","じっくり 2010 じっくり 차분히, 곰곰이 じっくりと考える。 차분히 생각하다.",N1
부사,adverb,若干,じゃっかん,약간,若干不安が残る。,약간 불안이 남다.,"{""year"": ""2017""}",若干 2017 じゃっかん 약간 若干不安が残る。 약간 불안이 남다.,N1
부사,adverb,終始,しゅうし,"시종, 계속",終始沈黙を守る。,시종 침묵을 지키다.,,"終始 しゅうし 시종, 계속 終始沈黙を守る。 시종 침묵을 지키다.",N1
부사,adverb,順繰りに,じゅんぐりに,"순서대로, 차례대로",順繰りに発言する。,순서대로 발언하다.,,"順繰りに じゅんぐりに 순서대로, 차례대로 順繰りに発言する。 순서대로 발언하다.",N1
부사,adverb,しょっちゅう,しょっちゅう,"노상, 언제나",しょっちゅう遅刻をする。,언제나 지각을 한다.,,"しょっちゅう しょっちゅう 노상, 언제나 しょっちゅう遅刻をする。 언제나 지각을 한다.",N1
부사,adverb,しんなり,しんなり,부드럽게,野菜をゆでてしんなりさせる。,채소를 삶아 부드럽게 만들다.,,しんなり しんなり 부드럽게 野菜をゆでてしんなりさせる。 채소를 삶아 부드럽게 만들다.,N1
부사,adverb,随時,ずいじ,"수시로, 때때로",随時アルバイトを募集する。,수시로 아르바이트를 모집하다.,"{""year"": ""2015""}","随時 2015 ずいじ 수시로, 때때로 随時アルバイトを募集する。 수시로 아르바이트를 모집하다.",N1
부사,adverb,ずばり,ずばり,정확히,予想がずばり的中する。,예상이 정확히 적중하다.,,ずばり ずばり 정확히 予想がずばり的中する。 예상이 정확히 적중하다.,N1
부사,adverb,ずらっと,ずらっと,"죽, 줄줄이",ずらっと並ぶ。,죽 늘어서다.,,"ずらっと ずらっと 죽, 줄줄이 ずらっと並ぶ。 죽 늘어서다.",N1
부사,adverb,ずるずる,ずるずる,질질,返事をずるずると延ばす。,답장을 질질 끌다.,,ずるずる ずるずる 질질 返事をずるずると延ばす。 답장을 질질 끌다.,N1
부사,adverb,すんなり,すんなり,"순조롭게, 술술, 수월히",すんなりと決まる。,순조롭게 결정되다.,"{""year"": ""2016""}","すんなり 2016 すんなり 순조롭게, 술술, 수월히 すんなりと決まる。 순조롭게 결정되다.",N1
부사,adverb,整然と,せいぜんと,"정연하게, 질서있게",整然と並ぶ。,정연하게 늘어서다.,,"整然と せいぜんと 정연하게, 질서있게 整然と並ぶ。 정연하게 늘어서다.",N1
부사,adverb,総じて,そうじて,"대체로, 일반적으로",今年の夏は総じて雨が多かった。,올 여름은 대체로 비가 많았다.,"{""year"": ""2012""}","総じて 2012 そうじて 대체로, 일반적으로 今年の夏は総じて雨が多かった。 올 여름은 대체로 비가 많았다.",N1
부사,adverb,即刻,そっこく,"즉각, 즉시",会長の即刻辞任を強く求める。,회장의 즉각 사퇴를 강력히 요구하다.,,"即刻 そっこく 즉각, 즉시 会長の即刻辞任を強く求める。 회장의 즉각 사퇴를 강력히 요구하다.",N1
부사,adverb,そわそわ,そわそわ,"안절부절 못함, 초조해 함",そわそわしながら発表時間を待つ。,초조해 하며 발표시간을 기다리다.,"{""year"": ""2013""}","そわそわ 2013 そわそわ 안절부절 못함, 초조해 함 そわそわしながら発表時間を待つ。 초조해 하며 발표시간을 기다리다.",N1
부사,adverb,大概,たいがい,"대개, 대체로",休みの日は大概家にいます。,휴일은 대개 집에 있습니다.,,"大概 たいがい 대개, 대체로 休みの日は大概家にいます。 휴일은 대개 집에 있습니다.",N1
부사,adverb,大層,たいそう,"매우, 굉장히",今朝は大層寒い。,오늘 아침은 매우 춥다.,,"大層 たいそう 매우, 굉장히 今朝は大層寒い。 오늘 아침은 매우 춥다.",N1
부사,adverb,断然,だんぜん,"① 단호하게 ② 월등히, 단연",私は断然反対だ。こちらの方が断然得だ。,나는 단호하게 반대한다. 이쪽이 단연 이득이다.,,"断然 だんぜん ① 단호하게 ② 월등히, 단연 私は断然反対だ。こちらの方が断然得だ。 나는 단호하게 반대한다. 이쪽이 단연 이득이다.",N1
부사,adverb,ちやほや,ちやほや,"오냐오냐함, 비위를 맞춤",子供をちやほやする。,아이를 오냐오냐하다.,,"ちやほや ちやほや 오냐오냐함, 비위를 맞춤 子供をちやほやする。 아이를 오냐오냐하다.",N1
부사,adverb,ちょくちょく,ちょくちょく,"이따금, 가끔",友達がちょくちょく遊びに来る。,친구가 가끔 놀러 온다.,,"ちょくちょく ちょくちょく 이따금, 가끔 友達がちょくちょく遊びに来る。 친구가 가끔 놀러 온다.",N1
부사,adverb,ちらっと,ちらっと,"언뜻, 흘끗, 슬쩍",ちらっと顔を見る。,힐끗 얼굴을 보다.,,"ちらっと ちらっと 언뜻, 흘끗, 슬쩍 ちらっと顔を見る。 힐끗 얼굴을 보다.",N1
부사,adverb,つくづく,つくづく,"곰곰이, 절실히",親のありがたさをつくづく考える。,부모의 고마움을 절실히 생각하다.,,"つくづく つくづく 곰곰이, 절실히 親のありがたさをつくづく考える。 부모의 고마움을 절실히 생각하다.",N1
부사,adverb,努めて,つとめて,"애써, 무리해서, 억지로",努めて明るく振る舞う。,애써 밝게 행동하다.,,"努めて つとめて 애써, 무리해서, 억지로 努めて明るく振る舞う。 애써 밝게 행동하다.",N1
부사,adverb,てっきり,てっきり,"틀림없이, 의심없이",てっきり晴れると思ったのに。,틀림없이 맑을 것이라고 생각했는데.,,"てっきり てっきり 틀림없이, 의심없이 てっきり晴れると思ったのに。 틀림없이 맑을 것이라고 생각했는데.",N1
부사,adverb,てんで,てんで,전혀,てんでやる気がない。,전혀 의욕이 없다.,,てんで てんで 전혀 てんでやる気がない。 전혀 의욕이 없다.,N1
부사,adverb,到底,とうてい,"도저히, 도무지, 아무리 해도",到底相手にならない。,도저히 상대가 되지 않는다.,,"到底 とうてい 도저히, 도무지, 아무리 해도 到底相手にならない。 도저히 상대가 되지 않는다.",N1
부사,adverb,堂々と,どうどうと,당당하게,堂々とした態度。,당당한 태도.,,堂々と どうどうと 당당하게 堂々とした態度。 당당한 태도.,N1
부사,adverb,どうやら,どうやら,"아무래도, 어쩐지",どうやら明日は雨らしい。,아무래도 내일은 비가 내릴 것 같다.,,"どうやら どうやら 아무래도, 어쩐지 どうやら明日は雨らしい。 아무래도 내일은 비가 내릴 것 같다.",N1
부사,adverb,とかく,とかく,"자칫하면, 툭하면, 곧잘",雪が降るととかく遅刻者が多くなる。,눈이 내리면 곧잘 지각자가 많아진다.,,"とかく とかく 자칫하면, 툭하면, 곧잘 雪が降るととかく遅刻者が多くなる。 눈이 내리면 곧잘 지각자가 많아진다.",N1
부사,adverb,とっさに,とっさに,"순간, 순간적으로",とっさにブレーキを踏む。,순간적으로 브레이크를 밟다.,,"とっさに とっさに 순간, 순간적으로 とっさにブレーキを踏む。 순간적으로 브레이크를 밟다.",N1
부사,adverb,突如,とつじょ,"갑자기, 별안간",突如爆発が起こる。,갑자기 폭발이 일어나다.,,"突如 とつじょ 갑자기, 별안간 突如爆発が起こる。 갑자기 폭발이 일어나다.",N1
부사,adverb,とりわけ,とりわけ,"특히, 유독, 유달리",今年の夏はとりわけ暑い。,금년 여름은 특히 덥다.,"{""year"": ""2013""}","とりわけ 2013 とりわけ 특히, 유독, 유달리 今年の夏はとりわけ暑い。 금년 여름은 특히 덥다.",N1
부사,adverb,どんより,どんより,"흐린 모습, 어두침침한 모습",空はどんより曇っている。,하늘은 어두침침하게 흐려있다.,"{""year"": ""2010""}","どんより 2010 どんより 흐린 모습, 어두침침한 모습 空はどんより曇っている。 하늘은 어두침침하게 흐려있다.",N1
부사,adverb,なおさら,なおさら,"더욱더, 전보다 더",風がないので、なおさら暑く感じる。,"바람이 없어서, 더욱더 덥게 느낀다.",,"なおさら なおさら 더욱더, 전보다 더 風がないので、なおさら暑く感じる。 바람이 없어서, 더욱더 덥게 느낀다.",N1
부사,adverb,なにとぞ,なにとぞ,"부디, 아무쪼록",なにとぞよろしくお願いします。,부디 잘 부탁드립니다.,,"なにとぞ なにとぞ 부디, 아무쪼록 なにとぞよろしくお願いします。 부디 잘 부탁드립니다.",N1
부사,adverb,何より,naniyori,"무엇보다도, 가장",無事に帰国できて何より嬉しい。,무사히 귀국할 수 있어서 무엇보다도 기쁘다.,,"何より naniyori 무엇보다도, 가장 無事に帰国できて何より嬉しい。 무사히 귀국할 수 있어서 무엇보다도 기쁘다.",N1
부사,adverb,なるたけ,なるたけ,"되도록, 가능한 한",なるたけ早く帰って下さい。,되도록 빨리 돌아오세요.,,"なるたけ なるたけ 되도록, 가능한 한 なるたけ早く帰って下さい。 되도록 빨리 돌아오세요.",N1
부사,adverb,なんだか,なんだか,"왠지, 어쩐지",なんだか心配になってきた。,왠지 걱정이 되었다.,,"なんだか なんだか 왠지, 어쩐지 なんだか心配になってきた。 왠지 걱정이 되었다.",N1
부사,adverb,なんだかんだ,なんだかんだ,이래저래,選挙でなんだかんだと騒がしい。,선거로 이래저래 소란스럽다.,,なんだかんだ なんだかんだ 이래저래 選挙でなんだかんだと騒がしい。 선거로 이래저래 소란스럽다.,N1
부사,adverb,なんと,なんと,"이 얼마나, 어쩌면 이렇게, 참으로",なんと美しい花だ。,이 얼마나 아름다운 꽃인가!,,"なんと なんと 이 얼마나, 어쩌면 이렇게, 참으로 なんと美しい花だ。 이 얼마나 아름다운 꽃인가!",N1
부사,adverb,軒並,のきなみ,"모두, 똑같이, 일제히",軒並値上がりする。,일제히 가격이 오르다.,,"軒並 のきなみ 모두, 똑같이, 일제히 軒並値上がりする。 일제히 가격이 오르다.",N1
부사,adverb,漠然と,ばくぜんと,막연하게,漠然と考える。,막연히 생각하다.,"{""year"": ""2018""}",漠然と 2018 ばくぜんと 막연하게 漠然と考える。 막연히 생각하다.,N1
부사,adverb,はなはだ,はなはだ,"매우, 몹시",はなはだ残念だ。,매우 유감이다.,,"はなはだ はなはだ 매우, 몹시 はなはだ残念だ。 매우 유감이다.",N1
부사,adverb,ひいては,ひいては,나아가서는,それは自身のためにも、ひいては社会のためにもなる。,"그것은 자신을 위해서도, 나아가서는 사회를 위해서 이기도 하다.",,"ひいては ひいては 나아가서는 それは自身のためにも、ひいては社会のためにもなる。 그것은 자신을 위해서도, 나아가서는 사회를 위해서 이기도 하다.",N1
부사,adverb,ひそひそ,ひそひそ,소곤소곤,ひそひそと話す。,소곤소곤 이야기하다.,"{""year"": ""2017""}",ひそひそ 2017 ひそひそ 소곤소곤 ひそひそと話す。 소곤소곤 이야기하다.,N1
부사,adverb,ひたすら,ひたすら,"오로지, 한결같이",ひたすら仕事に没頭する。,오로지 일에 몰두하다.,,"ひたすら ひたすら 오로지, 한결같이 ひたすら仕事に没頭する。 오로지 일에 몰두하다.",N1
부사,adverb,ひっそり,ひっそり,"조용함, 쥐 죽은 듯함",深夜の町はひっそりとしている。,심야의 마을은 조용하다.,,"ひっそり ひっそり 조용함, 쥐 죽은 듯함 深夜の町はひっそりとしている。 심야의 마을은 조용하다.",N1
부사,adverb,人一倍,ひといちばい,"다른 사람보다 더욱, 남보다 배로",人一倍努力する。,남보다 배로 노력하다.,,"人一倍 ひといちばい 다른 사람보다 더욱, 남보다 배로 人一倍努力する。 남보다 배로 노력하다.",N1
부사,adverb,ひとまず,ひとまず,일단,これでひとまず安心だ。,이것으로 일단 안심이다.,"{""year"": ""2010""}",ひとまず 2010 ひとまず 일단 これでひとまず安心だ。 이것으로 일단 안심이다.,N1
부사,adverb,ひょっと,ひょっと,"불쑥, 문득",ひょっと思いつく。,불쑥 생각나다.,,"ひょっと ひょっと 불쑥, 문득 ひょっと思いつく。 불쑥 생각나다.",N1
부사,adverb,ひんやり,ひんやり,"싸늘한, 썰렁한",ひんやりとした風が吹く。,싸늘한 바람이 분다.,,"ひんやり ひんやり 싸늘한, 썰렁한 ひんやりとした風が吹く。 싸늘한 바람이 분다.",N1
부사,adverb,不意に,ふいに,"갑자기, 별안간, 불쑥",前の車が不意に止まる。,앞 차가 갑자기 멈춰 섰다.,"{""year"": ""2015""}","不意に 2015 ふいに 갑자기, 별안간, 불쑥 前の車が不意に止まる。 앞 차가 갑자기 멈춰 섰다.",N1
부사,adverb,ぺこぺこ,ぺこぺこ,굽실굽실,ぺこぺこしながら言い訳をする。,굽실굽실거리면서 변명을 하다.,"{""year"": ""2019""}",ぺこぺこ 2019 ぺこぺこ 굽실굽실 ぺこぺこしながら言い訳をする。 굽실굽실거리면서 변명을 하다.,N1
부사,adverb,ぼうぜん,ぼうぜん,"멍함, 어리둥절함",ぼうぜんと立ち尽くす。,멍하니 우두커니 서 있다.,,"ぼうぜん ぼうぜん 멍함, 어리둥절함 ぼうぜんと立ち尽くす。 멍하니 우두커니 서 있다.",N1
부사,adverb,ぼつぼつ,ぼつぼつ,"① 슬슬, 조금씩 ② 점점이, 여기저기",ぼつぼつと人が集まってくる。ぽつぽつと家が散らばっている。,조금씩 사람이 모여들다. 여기저기 집이 흩어져 있다.,,"ぼつぼつ ぼつぼつ ① 슬슬, 조금씩 ② 점점이, 여기저기 ぼつぼつと人が集まってくる。ぽつぽつと家が散らばっている。 조금씩 사람이 모여들다. 여기저기 집이 흩어져 있다.",N1
부사,adverb,ぽつぽつ,ぽつぽつ,똑똑(비가 조금씩 내리기 시작하는 모양),ぽつぽつと雨が降ってきた。,조금씩 비가 내리기 시작했다.,,ぽつぽつ ぽつぽつ 똑똑(비가 조금씩 내리기 시작하는 모양) ぽつぽつと雨が降ってきた。 조금씩 비가 내리기 시작했다.,N1
부사,adverb,前もって,まえもって,미리,前もって連絡する。,미리 연락하다.,,前もって まえもって 미리 前もって連絡する。 미리 연락하다.,N1
부사,adverb,誠に,まことに,"정말로, 참으로",誠にお世話になりました。,정말로 신세 많이 졌습니다.,,"誠に まことに 정말로, 참으로 誠にお世話になりました。 정말로 신세 많이 졌습니다.",N1
부사,adverb,まさしく,まさしく,"틀림없이, 분명, 실로",この絵はまさしく傑作だ。,이 그림은 실로 걸작이다.,,"まさしく まさしく 틀림없이, 분명, 실로 この絵はまさしく傑作だ。 이 그림은 실로 걸작이다.",N1
부사,adverb,まして,まして,"하물며, 더구나",音楽には興味はないのだから、ましてギターなど弾けるはずがない。,"음악에는 흥미가 없으니, 하물며 기타 같은 것을 칠 수 있을 리가 없다.",,"まして まして 하물며, 더구나 音楽には興味はないのだから、ましてギターなど弾けるはずがない。 음악에는 흥미가 없으니, 하물며 기타 같은 것을 칠 수 있을 리가 없다.",N1
부사,adverb,丸ごと,まるごと,통째로,みかんを丸ごと食べる。,귤을 통째로 먹다.,,丸ごと まるごと 통째로 みかんを丸ごと食べる。 귤을 통째로 먹다.,N1
부사,adverb,丸っきり,まるっきり,"도무지, 전혀",料理は丸っきりだめだ。,요리는 전혀 못한다.,,"丸っきり まるっきり 도무지, 전혀 料理は丸っきりだめだ。 요리는 전혀 못한다.",N1
부사,adverb,まるまる,まるまる,"① 토실토실 ② 전부, 꼬박",まるまるとした赤ちゃん。まるまる二日はかかる。,토실토실한 아기. 꼬박 이틀은 걸린다.,,"まるまる まるまる ① 토실토실 ② 전부, 꼬박 まるまるとした赤ちゃん。まるまる二日はかかる。 토실토실한 아기. 꼬박 이틀은 걸린다.",N1
부사,adverb,無性に,むしょうに,"공연히, 까닭없이",無性に腹が立つ。,공연히 화가 난다.,"{""year"": ""2013""}","無性に 2013 むしょうに 공연히, 까닭없이 無性に腹が立つ。 공연히 화가 난다.",N1
부사,adverb,むやみに,むやみに,"① 함부로, 무턱대고 ② 매우, 몹시",むやみに怒る。むやみに腹が減る。,무턱대고 화를 내다. 몹시 배가 고프다.,,"むやみに むやみに ① 함부로, 무턱대고 ② 매우, 몹시 むやみに怒る。むやみに腹が減る。 무턱대고 화를 내다. 몹시 배가 고프다.",N1
부사,adverb,無論,むろん,물론,無論賛成だ。,물론 찬성이다.,,無論 むろん 물론 無論賛成だ。 물론 찬성이다.,N1
부사,adverb,めきめき,めきめき,"눈에 띄게, 부쩍부쩍",めきめきと上達する。,눈에 띄게 능숙해지다.,"{""year"": ""2010""}","めきめき 2010 めきめき 눈에 띄게, 부쩍부쩍 めきめきと上達する。 눈에 띄게 능숙해지다.",N1
부사,adverb,目下,もっか,"지금, 현재",目下検討中です。,지금 검토 중입니다.,,"目下 もっか 지금, 현재 目下検討中です。 지금 검토 중입니다.",N1
부사,adverb,専ら,もっぱら,"오로지, 온통, 한결같이",専ら練習に励む。,오로지 연습에 힘쓰다.,"{""year"": ""2017""}","専ら 2017 もっぱら 오로지, 온통, 한결같이 専ら練習に励む。 오로지 연습에 힘쓰다.",N1
부사,adverb,もとより,もとより,"① 처음부터, 원래 ② 물론",失敗はもとより覚悟していた。この映画は子供はもとより大人も楽しめる。,실패는 처음부터 각오하고 있었다. 이 영화는 아이는 물론 어른도 즐길 수 있다.,,"もとより もとより ① 처음부터, 원래 ② 물론 失敗はもとより覚悟していた。この映画は子供はもとより大人も楽しめる。 실패는 처음부터 각오하고 있었다. 이 영화는 아이는 물론 어른도 즐길 수 있다.",N1
부사,adverb,もはや,もはや,"이미, 이제는",もはや手の打ちようがない。,이미 손을 쓸 방법이 없다.,"{""year"": ""2015""}","もはや 2015 もはや 이미, 이제는 もはや手の打ちようがない。 이미 손을 쓸 방법이 없다.",N1
부사,adverb,もろに,もろに,"직접, 정면으로",木にもろにぶつかる。,나무에 정면으로 부딪히다.,,"もろに もろに 직접, 정면으로 木にもろにぶつかる。 나무에 정면으로 부딪히다.",N1
부사,adverb,やけに,やけに,"매우, 몹시",やけにのどが渇く。,매우 목이 마르다.,,"やけに やけに 매우, 몹시 やけにのどが渇く。 매우 목이 마르다.",N1
부사,adverb,やたら,やたら,"몹시, 매우",やたらと忙しい。,몹시 바쁘다.,,"やたら やたら 몹시, 매우 やたらと忙しい。 몹시 바쁘다.",N1
부사,adverb,やんわり,やんわり,"부드럽게, 넌지시",やんわりと断る。,넌지시 거절하다.,"{""year"": ""2010""}","やんわり 2010 やんわり 부드럽게, 넌지시 やんわりと断る。 넌지시 거절하다.",N1
부사,adverb,よほど,よほど,"상당히, 무척, 퍽",よほど困っているようだ。,상당히 곤란한 것 같다.,,"よほど よほど 상당히, 무척, 퍽 よほど困っているようだ。 상당히 곤란한 것 같다.",N1
부사,adverb,歴然と,れきぜんと,"확연하게, 명확하게, 분명하게",両チームの実力の差は歴然としている。,두 팀의 실력 차이는 확연하다.,"{""year"": ""2010""}","歴然と 2010 れきぜんと 확연하게, 명확하게, 분명하게 両チームの実力の差は歴然としている。 두 팀의 실력 차이는 확연하다.",N1
부사,adverb,ろくに,ろくに,"충분히, 제대로(~하지 못하다)",ろくに休みもとれない。,제대로 휴가도 낼 수 없다.,,"ろくに ろくに 충분히, 제대로(~하지 못하다) ろくに休みもとれない。 제대로 휴가도 낼 수 없다.",N1
기타,other,いかなる,いかなる,어떠한,いかなる犠牲を払ってもやり遂げる。,어떠한 희생을 치르더라도 완수하겠다.,,いかなる いかなる 어떠한 いかなる犠牲を払ってもやり遂げる。 어떠한 희생을 치르더라도 완수하겠다.,N1
기타,other,確たる,かくたる,확실한,確たる証拠はない。,확실한 증거는 없다.,,確たる かくたる 확실한 確たる証拠はない。 확실한 증거는 없다.,N1
기타,other,かつ,かつ,"게다가, 또",よく学び、かつよく遊ぶ。,"열심히 배우고, 그리고 잘 논다.",,"かつ かつ 게다가, 또 よく学び、かつよく遊ぶ。 열심히 배우고, 그리고 잘 논다.",N1
기타,other,しかしながら,しかしながら,그렇지만,計画はよい。しかしながらお金がない。,계획은 좋다. 그렇지만 돈이 없다.,,しかしながら しかしながら 그렇지만 計画はよい。しかしながらお金がない。 계획은 좋다. 그렇지만 돈이 없다.,N1
기타,other,それゆえ,それゆえ,그러므로,自転車の事故が多い。それゆえ注意してほしい。,자전거 사고가 많다. 그러므로 주의했으면 좋겠다.,,それゆえ それゆえ 그러므로 自転車の事故が多い。それゆえ注意してほしい。 자전거 사고가 많다. 그러므로 주의했으면 좋겠다.,N1
기타,other,ないし,ないし,"내지, 혹은",電話ないし手紙で知らせる。,전화 내지 편지로 연락하다.,,"ないし ないし 내지, 혹은 電話ないし手紙で知らせる。 전화 내지 편지로 연락하다.",N1
기타,other,もしくは,もしくは,혹은,手紙もしくは電話で連絡すること。,편지 혹은 전화로 연락할 것.,,もしくは もしくは 혹은 手紙もしくは電話で連絡すること。 편지 혹은 전화로 연락할 것.,N1
기타,other,故に,ゆえに,"고로, 그러므로",我思う。故に我あり。,나는 생각한다. 고로 나는 존재한다.,,"故に ゆえに 고로, 그러므로 我思う。故に我あり。 나는 생각한다. 고로 나는 존재한다.",N1
가타카나,katakana,アクセル,あくせる,"액셀, 가속",アクセルを踏む。,액셀을 밟다.,,"アクセル あくせる 액셀, 가속 アクセルを踏む。 액셀을 밟다.",N1
가타카나,katakana,アップ,あっぷ,"업, 향상",レベルがアップする。,레벨이 향상되다.,,"アップ あっぷ 업, 향상 レベルがアップする。 레벨이 향상되다.",N1
가타카나,katakana,アプローチ,あぷろーち,"어프로치, 접근",大胆にアプローチする。,대담하게 접근하다.,,"アプローチ あぷろーち 어프로치, 접근 大胆にアプローチする。 대담하게 접근하다.",N1
가타카나,katakana,アポイント,あぽいんと,"어포인트, 약속",アポイントをとる。,약속을 잡다.,,"アポイント あぽいんと 어포인트, 약속 アポイントをとる。 약속을 잡다.",N1
가타카나,katakana,アリバイ,ありばい,알리바이,アリバイを証明する。,알리바이를 증명하다.,,アリバイ ありばい 알리바이 アリバイを証明する。 알리바이를 증명하다.,N1
가타카나,katakana,アンコール,あんこーる,앙코르,アンコールにこたえる。,앙코르에 답하다.,,アンコール あんこーる 앙코르 アンコールにこたえる。 앙코르에 답하다.,N1
가타카나,katakana,インスピレーション,いんすぴれーしょん,"영감, 인스피레이션",インスピレーションがわく。,영감이 떠오르다.,,"インスピレーション いんすぴれーしょん 영감, 인스피레이션 インスピレーションがわく。 영감이 떠오르다.",N1
가타카나,katakana,インテリ,いんてり,"인텔리, 지식인",インテリ向けの雑誌。,지식인 대상의 잡지.,,"インテリ いんてり 인텔리, 지식인 インテリ向けの雑誌。 지식인 대상의 잡지.",N1
가타카나,katakana,インプット,いんぷっと,"인풋, 입력",データをインプットする。,데이터를 입력하다.,,"インプット いんぷっと 인풋, 입력 データをインプットする。 데이터를 입력하다.",N1
가타카나,katakana,インフラ,いんふら,"인프라, 기반 시설",インフラを拡充する。,인프라를 확충하다.,,"インフラ いんふら 인프라, 기반 시설 インフラを拡充する。 인프라를 확충하다.",N1
가타카나,katakana,インフレ,いんふれ,"인플레, 인플레이션",インフレで生活が苦しくなる。,인플레이션으로 생활이 어려워지다.,,"インフレ いんふれ 인플레, 인플레이션 インフレで生活が苦しくなる。 인플레이션으로 생활이 어려워지다.",N1
가타카나,katakana,ウエート,うえーと,"중점, 중량, 무게",筆記試験より面接にウエートを置く。,필기 시험보다 면접에 비중을 두다.,"{""year"": ""2014""}","ウエート 2014 うえーと 중점, 중량, 무게 筆記試験より面接にウエートを置く。 필기 시험보다 면접に 비중을 두다.",N1
가타카나,katakana,エリア,えりあ,"에리어, 지역",サービスエリアを拡大する。,서비스 지역을 확대하다.,,"エリア えりあ 에리어, 지역 サービスエリアを拡大する。 서비스 지역을 확대하다.",N1
가타카나,katakana,エレガントな,えれがんとな,"고상한, 우아한",エレガントな服装。,우아한 복장.,"{""year"": ""2016""}","エレガントな 2016 えれがんとな 고상한, 우아한 エレガントな服装。 우아한 복장.",N1
가타카나,katakana,オーダー,おーだー,"오더, 주문",オーダーを取り消す。,오더를 취소하다.,,"オーダー おーだー 오더, 주문 オーダーを取り消す。 오더를 취소하다.",N1
가타카나,katakana,オートマチック,おーとまちっく,"오토매틱, 자동",作業をオートマチックに処理する。,작업을 오토매틱으로 처리하다.,,"オートマチック おーとまちっく 오토매틱, 자동 作業をオートマチックに処理する。 작업을 오토매틱으로 처리하다.",N1
가타카나,katakana,カット,かっと,"컷, 삭감",賃金をカットする。,임금을 삭감하다.,,"カット かっと 컷, 삭감 賃金をカットする。 임금을 삭감하다.",N1
가타카나,katakana,カテゴリー,かてごりー,"카테고리, 범주",同じカテゴリーに属する。,같은 범주에 속하다.,,"カテゴリー かてごりー 카테고리, 범주 同じカテゴリーに属する。 같은 범주에 속하다.",N1
가타카나,katakana,カルテ,かるて,진료 기록 카드,病状をカルテに記載する。,병의 증상을 진료 기록 카드에 기재하다.,,カルテ かるて 진료 기록 카드 病状をカルテに記載する。 병의 증상을 진료 기록 카드에 기재하다.,N1
가타카나,katakana,カンニング,かんにんぐ,"커닝, 부정행위",試験でカンニングをする。,시험에서 부정행위를 하다.,,"カンニング かんにんぐ 커닝, 부정행위 試験でカンニングをする。 시험에서 부정행위를 하다.",N1
가타카나,katakana,キャッチ,きゃっち,"캐치, 포착",情報をキャッチする。,정보를 포착하다.,,"キャッチ きゃっち 캐치, 포착 情報をキャッチする。 정보를 포착하다.",N1
가타카나,katakana,キャラクター,きゃらくたー,"캐릭터, 성격, 등장인물",特異なキャラクターの持ち主。,특이한 성격의 소유자.,,"キャラクター きゃらくたー 캐릭터, 성격, 등장인물 特異なキャラクターの持ち主。 특이한 성격의 소유자.",N1
가타카나,katakana,キャリア,きゃりあ,"커리어, 경력",キャリアを積む。,커리어를 쌓다.,"{""year"": ""2010""}","キャリア 2010 きゃりあ 커리어, 경력 キャリアを積む。 커리어를 쌓다.",N1
가타카나,katakana,クレーム,くれーむ,클레임,お客様からのクレームに対応する。,고객의 클레임에 대응하다.,"{""year"": ""2015""}",クレーム 2015 くれーむ 클레임 お客様からのクレームに対応する。 고객의 클레임에 대응하다.,N1
가타카나,katakana,グローバルな,ぐろーばるな,"글로벌한, 국제적인",グローバルな観点で考える。,국제적인 관점에서 생각하다.,,"グローバルな ぐろーばるな 글로벌한, 국제적인 グローバルな観点で考える。 국제적인 관점에서 생각하다.",N1
가타카나,katakana,ケア,けあ,"케어, 간호, 보살핌",患者をケアする。,환자를 보살피다.,,"ケア けあ 케어, 간호, 보살핌 患者をケアする。 환자를 보살피다.",N1
가타카나,katakana,ゲスト,げすと,"게스트, 손님",ゲストとして出演する。,게스트로서 출연하다.,,"ゲスト げすと 게스트, 손님 ゲストとして出演する。 게스트로서 출연하다.",N1
가타카나,katakana,コスト,こすと,비용,コストを切り詰める。,비용을 절감하다.,,コスト こすと 비용 コストを切り詰める。 비용을 절감하다.,N1
가타카나,katakana,コマーシャル,こまーしゃる,"선전, 광고",コマーシャルを放送する。,광고를 방송하다.,,"コマーシャル こまーしゃる 선전, 광고 コマーシャルを放送する。 광고를 방송하다.",N1
가타카나,katakana,コメント,こめんと,"코멘트, 견해, 의견",コメントを求める。,의견을 구하다.,,"コメント こめんと 코멘트, 견해, 의견 コメントを求める。 의견을 구하다.",N1
가타카나,katakana,コンテスト,こんてすと,"콘테스트, 경연대회",コンテストに参加する。,콘테스트에 참가하다.,,"コンテスト こんてすと 콘테스트, 경연대회 コンテストに参加する。 콘테스트에 참가하다.",N1
가타카나,katakana,コンテンツ,こんてんつ,"컨텐츠, 내용",人気のあるコンテンツを確保する。,인기가 있는 컨텐츠를 확보하다.,,"コンテンツ こんてんつ 컨텐츠, 내용 人気のあるコンテンツを確保する。 인기가 있는 컨텐츠를 확보하다.",N1
가타카나,katakana,コントラスト,こんとらすと,"콘트라스트, 대조, 대비",二つの色のコントラストが美しい。,두 색의 대비가 아름답다.,,"コントラスト こんとらすと 콘트라스트, 대조, 대비 二つの色のコントラストが美しい。 두 색의 대비가 아름답다.",N1
가타카나,katakana,コントロール,こんとろーる,"컨트롤, 조절, 관리",温度をコントロールする。,온도를 조절하다.,"{""year"": ""2011""}","コントロール 2011 こんとろーる 컨트롤, 조절, 관리 温度をコントロールする。 온도를 조절하다.",N1
가타카나,katakana,コンパス,こんぱす,컴퍼스,コンパスで円を書く。,컴퍼스로 원을 그리다.,,コンパス こんぱす 컴퍼스 コンパスで円を書く。 컴퍼스로 원을 그리다.,N1
가타카나,katakana,シェア,しぇあ,"쉐어, 점유율",三割のシェアを占める。,30%의 점유율을 차지하다.,"{""year"": ""2017""}","シェア 2017 しぇあ 쉐어, 점유율 三割のシェアを占める。 30%의 점유율을 차지하다.",N1
가타카나,katakana,システム,しすてむ,"시스템, 체계",業務のシステムを説明する。,업무 시스템을 설명하다.,,"システム しすてむ 시스템, 체계 業務のシステムを説明する。 업무 시스템을 설명하다.",N1
가타카나,katakana,シチュエーション,しちゅえーしょん,"시추에이션, 상황",多様な会話のシチュエーションを想定する。,다양한 회화 상황을 가정하다.,,"シチュエーション しちゅえーしょん 시추에이션, 상황 多様な会話のシチュエーションを想定する。 다양한 회화 상황을 가정하다.",N1
가타카나,katakana,シックな,しっくな,"시크한, 세련된",シックに着こなす。,세련되게 차려입다.,,"シックな しっくな 시크한, 세련된 シックに着こなす。 세련되게 차려입다.",N1
가타카나,katakana,シナリオ,しなりお,시나리오,映画のシナリオを書く。,영화 시나리오를 쓰다.,,シナリオ しなりお 시나리오 映画のシナリオを書く。 영화 시나리오를 쓰다.,N1
가타카나,katakana,シビアな,しびあな,"엄격한, 가혹한",シビアな批評を受ける。,가혹한 비평을 받다.,"{""year"": ""2011""}","シビアな 2011 しびあな 엄격한, 가혹한 シビアな批評を受ける。 가혹한 비평을 받다.",N1
가타카나,katakana,シャープな,しゃーぷな,"날카로운, 예민한, 선명한",シャープな画面。,선명한 화면.,,"シャープな しゃーぷな 날카로운, 예민한, 선명한 シャープな画面。 선명한 화면.",N1
가타카나,katakana,ジャンプ,じゃんぷ,점프,ジャンプしてボールを取る。,점프해서 볼을 잡다.,,ジャンプ じゃんぷ 점프 ジャンプしてボールを取る。 점프해서 볼을 잡다.,N1
가타카나,katakana,ジャンル,じゃんる,장르,随筆は文学のジャンルに属する。,수필은 문학의 장르에 속한다.,,ジャンル じゃんる 장르 随筆は文学のジャンルに属する。 수필은 문학의 장르에 속한다.,N1
가타카나,katakana,ショック,しょっく,"쇼크, 충격",強いショックを受ける。,강한 쇼크를 받다.,"{""year"": ""2016""}","ショック 2016 しょっく 쇼크, 충격 強いショックを受ける。 강한 쇼크를 받다.",N1
가타카나,katakana,シンプルな,しんぷるな,"심플한, 단순한",シンプルなデザインの服が好きだ。,심플한 디자인의 옷을 좋아한다.,"{""year"": ""2012""}","シンプルな 2012 しんぷるな 심플한, 단순한 シンプルなデザインの服が好きだ。 심플한 디자인の 옷을 좋아한다.",N1
가타카나,katakana,スケール,すけーる,"스케일, 규모",あの監督の映画はスケールが大きい。,그 감독의 영화는 스케일이 크다.,"{""year"": ""2012""}","スケール 2012 すけーる 스케일, 규모 あの監督の映画はスケールが大きい。 그 감독의 영화는 스케일이 크다.",N1
가타카나,katakana,スタジオ,すたじお,스튜디오,スタジオで写真を撮る。,스튜디오에서 사진을 찍다.,,スタジオ すたじお 스튜디오 スタジオで写真を撮る。 스튜디오에서 사진을 찍다.,N1
가타카나,katakana,ストック,すとっく,재고,まだストックが十分ある。,아직 재고가 충분하다.,"{""year"": ""2011""}",ストック 2011 すとっく 재고 まだストックが十分ある。 아직 재고가 충분하다.,N1
가타카나,katakana,ストライキ,すとらいき,"스트라이크, 파업",ストライキをする。,파업하다.,,"ストライキ すとらいき 스트라이크, 파업 ストライキをする。 파업하다.",N1
가타카나,katakana,ストレート,すとれーと,"솔직한, 단도직입적인",彼はストレートに言う。,그는 단도직입적으로 말한다.,"{""year"": ""2014""}","ストレート 2014 すとれーと 솔직한, 단도직입적인 彼はストレートに言う。 그는 단도직입적으로 말한다.",N1
가타카나,katakana,ストロー,すとろー,빨대,ジュースをストローで飲む。,주스를 빨대로 마시다.,,ストロー すとろー 빨대 ジュースをストローで飲む。 주스를 빨대로 마시다.,N1
가타카나,katakana,セクション,せくしょん,"섹션, 부문, 부서",営業セクションで働いている。,영업부문에서 일하고 있다.,,"セクション せくしょん 섹션, 부문, 부서 営業セクションで働いている。 영업부문에서 일하고 있다.",N1
가타카나,katakana,セレモニー,せれもにー,"세레모니, 의식, 식전",創立30周年のセレモニーを行う。,창립 30주년 기념행사를 거행하다.,,"セレモニー せれもにー 세레모니, 의식, 식전 創立30周年のセレモニーを行う。 창립 30주년 기념행사를 거행하다.",N1
가타카나,katakana,センス,せんす,"센스, 감각",服を選ぶセンスがない。,옷을 고르는 센스가 없다.,"{""year"": ""2016""}","センス 2016 せんす 센스, 감각 服を選ぶセンスがない。 옷을 고르는 센스가 없다.",N1
가타카나,katakana,タイトな,たいとな,"타이트한, 꼭 끼는",タイトなスカートをはく。,꼭 끼는 치마를 입다.,,"タイトな たいとな 타이트한, 꼭 끼는 タイトなスカートをはく。 꼭 끼는 치마를 입다.",N1
가타카나,katakana,タイマー,たいまー,타이머,タイマーを7時にセットする。,타이머를 7시로 맞추다.,,タイマー たいまー 타이머 タイマーを7時にセットする。 타이머를 7시로 맞추다.,N1
가타카나,katakana,タイミング,たいみんぐ,"타이밍, 시기",タイミングが悪い。,타이밍이 나쁘다.,,"タイミング たいみんぐ 타이밍, 시기 タイミングが悪い。 타이밍이 나쁘다.",N1
가타카나,katakana,タイムリーな,たいむりーな,"시의 적절한, 적시인",タイムリーな話題。,시의 적절한 화제.,,"タイムリーな たいむりーな 시의 적절한, 적시인 タイムリーな話題。 시의 적절한 화제.",N1
가타카나,katakana,ダウンロード,だうんろーど,다운로드,データをダウンロードする。,데이터를 다운로드하다.,,ダウンロード だうんろーど 다운로드 データをダウンロードする。 데이터를 다운로드하다.,N1
가타카나,katakana,ダブル,だぶる,"더블, 두 배",ダブルスコアで勝つ。,더블 스코어로 이기다.,,"ダブル だぶる 더블, 두 배 ダブルスコアで勝つ。 더블 스코어로 이기다.",N1
가타카나,katakana,タレント,たれんと,탤런트,人気タレントが引退する。,인기 탤런트가 은퇴하다.,,タレント たれんと 탤런트 人気タレントが引退する。 인기 탤런트가 은퇴하다.,N1
가타카나,katakana,タワー,たわー,"타워, 탑",東京タワーがそびえている。,도쿄 타워가 우뚝 솟아 있다.,,"タワー たわー 타워, 탑 東京タワーがそびえている。 도쿄 타워가 우뚝 솟아 있다.",N1
가타카나,katakana,ダンプカー,だんぷかー,덤프트럭,大型のダンプカーが道路を走っている。,대형 덤프트럭이 도로를 달리고 있다.,,ダンプカー だんぷかー 덤프트럭 大型のダンプカーが道路を走っている。 대형 덤프트럭이 도로를 달리고 있다.,N1
가타카나,katakana,チームワーク,ちーむわーく,팀워크,目標を達成するためにはチームワークが不可欠だ。,목표를 달성하기 위해서는 팀워크가 불가결하다.,,チームワーク ちーむわーく 팀워크 目標を達成するためにはチームワークが不可欠だ。 목표를 달성하기 위해서는 팀워크가 불가결하다.,N1
가타카나,katakana,チョイス,ちょいす,선택,それがベストチョイスだ。,그것이 최선의 선택이다.,,チョイス ちょいす 선택 それがベストチョイスだ。 그것이 최선의 선택이다.,N1
가타카나,katakana,データベース,でーたべーす,데이터베이스,多くの企業がデータベースを活用している。,많은 기업이 데이터베이스를 활용하고 있다.,,データベース でーたべーす 데이터베이스 多くの企業がデータベースを活用している。 많은 기업이 데이터베이스를 활용하고 있다.,N1
가타카나,katakana,デコレーション,でこれーしょん,"데코레이션, 장식",この店はデコレーションケーキが売れ筋だ。,이 가게는 데코레이션 케이크가 히트상품이다.,,"デコレーション でこれーしょん 데코레이션, 장식 この店はデコレーションケーキが売れ筋だ。 이 가게는 데코레이션 케이크가 히트상품이다.",N1
가타카나,katakana,デジタル,でじたる,디지털,すっかりデジタルの時代になった。,완전히 디지털 시대가 되었다.,,デジタル でじたる 디지털 すっかりデジタルの時代になった。 완전히 디지털 시대가 되었다.,N1
가타카나,katakana,デビュー,でびゅー,"데뷔, 첫등장",華々しくデビューする。,화려하게 데뷔하다.,,"デビュー でびゅー 데뷔, 첫등장 華々しくデビューする。 화려하게 데뷔하다.",N1
가타카나,katakana,デモンストレーション,でもんすとれーしょん,"시위, 시연, 발표",新車発売に際して、デモンストレーションをする。,"신차 발매에 즈음하여, 발표행사를 하다.",,"デモンストレーション でもんすとれーしょん 시위, 시연, 발표 新車発売に際して、デモンストレーションをする。 신차 발매에 즈음하여, 발표행사를 하다.",N1
가타카나,katakana,デリケートな,でりけーとな,"섬세한, 미묘한, 민감한",これは非常にデリケートな問題だ。,이것은 매우 미묘한 문제다.,,"デリケートな でりけーとな 섬세한, 미묘한, 민감한 これは非常にデリケートな問題だ。 이것은 매우 미묘한 문제다.",N1
가타카나,katakana,トラブル,とらぶる,"트러블, 문제, 분쟁",金銭上のトラブルを起こす。,금전상의 분쟁을 일으키다.,,"トラブル とらぶる 트러블, 문제, 분쟁 金銭上のトラブルを起こす。 금전상의 분쟁을 일으키다.",N1
가타카나,katakana,ドリル,どりる,"드릴, 반복 연습",英語のドリルをする。,영어를 반복 연습하다.,,"ドリル どりる 드릴, 반복 연습 英語のドリルをする。 영어를 반복 연습하다.",N1
가타카나,katakana,トレンド,とれんど,"트렌드, 유행",秋のファッショントレンドを教えてください。,가을의 패션 트렌드를 가르쳐 주세요.,,"トレンド とれんど 트렌드, 유행 秋のファッショントレンドを教えてください。 가을의 패션 트렌드를 가르쳐 주세요.",N1
가타카나,katakana,ナイター,ないたー,야간 시합,ナイターを見に行く。,야간 시합을 보러 가다.,,ナイター ないたー 야간 시합 ナイターを見に行く。 야간 시합을 보러 가다.,N1
가타카나,katakana,ナチュラルな,なちゅらるな,"내추럴한, 천연의",ナチュラルな素材を使用する。,천연 소재를 사용하다.,,"ナチュラルな なちゅらるな 내추럴한, 천연の ナチュラルな素材を使用する。 천연 소재를 사용하다.",N1
가타카나,katakana,ナンセンス,なんせんす,"넌센스, 무의미함, 어리석은",そんな議論はナンセンスだ。,그런 논의는 무의미하다.,,"ナンセンス なんせんす 넌센스, 무의미함, 어리석은 そんな議論はナンセンスだ。 그런 논의는 무의미하다.",N1
가타카나,katakana,ニュアンス,にゅあんす,"뉘앙스, 느낌, 미묘한 차이",表現のニュアンスを説明する。,표현의 뉘앙스를 설명하다.,"{""year"": ""2011""}","ニュアンス 2011 にゅあんす 뉘앙스, 느낌, 미묘한 차이 表現のニュアンスを説明する。 표현의 뉘앙스를 설명하다.",N1
가타카나,katakana,ノイローゼ,のいろーぜ,"노이로제, 신경질환, 신경증",ノイローゼに悩む。,노이로제로 고생하다.,,"ノイローゼ のいろーぜ 노이로제, 신경질환, 신경증 ノイローゼに悩む。 노이로제로 고생하다.",N1
가타카나,katakana,ノルマ,のるま,할당량,ノルマを果たす。,할당량을 채우다.,"{""year"": ""2014""}",ノルマ 2014 のるま 할당량 ノルマを果たす。 할당량을 채우다.,N1
가타카나,katakana,パートナー,ぱーとなー,"파트너, 동반자",よいパートナーとなる。,좋은 파트너가 되다.,,"パートナー ぱーとなー 파트너, 동반자 よいパートナーとなる。 좋은 파트너가 되다.",N1
가타카나,katakana,ハードル,はーどる,"허들, 장애물",目の前にあるハードルを越える。,눈 앞에 있는 장애물을 넘다.,"{""year"": ""2012""}","ハードル 2012 はーどる 허들, 장애물 目の前にあるハードルを越える。 눈 앞에 있는 장애물을 넘다.",N1
가타카나,katakana,バックアップ,ばっくあっぷ,"백업, 지원",立候補者をバックアップする。,입후보자를 지원하다.,,"バックアップ ばっくあっぷ 백업, 지원 立候補者をバックアップする。 입후보자를 지원하다.",N1
가타카나,katakana,バッテリー,ばってりー,"배터리, 전지",バッテリーが上がる。,배터리가 소진되다.,,"バッテリー ばってりー 배터리, 전지 バッテリーが上がる。 배터리가 소진되다.",N1
가타카나,katakana,パトカー,ぱとかー,"경찰차, 순찰차",パトカーがサイレンを鳴らす。,경찰차가 사이렌을 올리다.,,"パトカー ぱとかー 경찰차, 순찰차 パトカーがサイレンを鳴らす。 경찰차가 사이렌을 올리다.",N1
가타카나,katakana,ハンガー,はんがー,"행거, 옷걸이",コートをハンガーにかける。,코트를 옷걸이에 걸다.,,"ハンガー はんがー 행거, 옷걸이 コートをハンガーにかける。 코트를 옷걸이에 걸다.",N1
가타카나,katakana,ビジネス,びじねす,"비즈니스, 일, 업무",ビジネスに徹する。,비즈니스에 전념하다.,,"ビジネス びじねす 비즈니스, 일, 업무 ビジネスに徹する。 비즈니스에 전념하다.",N1
가타카나,katakana,ファイト,ふぁいと,투지,ファイトが足りない。,투지가 부족하다.,,ファイト ふぁいと 투지 ファイトが足りない。 투지가 부족하다.,N1
가타카나,katakana,フィット,ふぃっと,"핏, 몸에 꼭 맞음",このシャツは体にフィットする。,이 셔츠는 몸에 꼭 맞는다.,,"フィット ふぃっと 핏, 몸에 꼭 맞음 このシャツは体にフィットする。 이 셔츠는 몸에 꼭 맞는다.",N1
가타카나,katakana,フィルター,ふぃるたー,"필터, 여과기",浄水器のフィルターを交換する。,정수기의 필터를 교환하다.,,"フィルター ふぃるたー 필터, 여과기 浄水器のフィルターを交換する。 정수기의 필터를 교환하다.",N1
가타카나,katakana,フォーム,ふぉーむ,"폼, 형식, 양식",フォームに合わせて書類を作成する。,양식에 맞추어 서류를 작성하다.,,"フォーム ふぉーむ 폼, 형식, 양식 フォームに合わせて書類を作成する。 양식에 맞추어 서류를 작성하다.",N1
가타카나,katakana,フォロー,ふぉろー,"지원, 원조",新入社員の業務をフォローする。,신입사원의 업무를 지원하다.,"{""year"": ""2010""}","フォロー 2010 ふぉろー 지원, 원조 新入社員の業務をフォローする。 신입사원의 업무를 지원하다.",N1
가타카나,katakana,プライベート,ぷらいべーと,"프라이빗, 개인적, 사적",プライベートの時間が欲しい。,개인적인 시간을 갖고 싶다.,,"プライベート ぷらいべーと 프라이빗, 개인적, 사적 プライベートの時間が欲しい。 개인적인 시간을 갖고 싶다.",N1
가타카나,katakana,ブランク,ぶらんく,공백,職歴にブランクがあることが心配だ。,경력에 공백이 있는 것이 걱정이다.,"{""year"": ""2012""}",ブランク 2012 ぶらんく 공백 職歴にブランクがあることが心配だ。 경력에 공백이 있는 것이 걱정이다.,N1
가타카나,katakana,フロント,ふろんと,"프런트, 접수처",フロントに荷物を預ける。,프런트에 짐을 맡기다.,,"フロント ふろんと 프런트, 접수처 フロントに荷物を預ける。 프런트에 짐을 맡기다.",N1
가타카나,katakana,ペア,ぺあ,"페어, 한 조, 한 쌍",二人でペアになる。,둘이서 한 조가 되다.,,"ペア ぺあ 페어, 한 조, 한 쌍 二人でペアになる。 둘이서 한 조가 되다.",N1
가타카나,katakana,ペース,ぺーす,"페이스, 걷는 속도",自分のペースで走る。,자신의 페이스로 달리다.,,"ペース ぺーす 페이스, 걷는 속도 自分のペースで走る。 자신의 페이스로 달리다.",N1
가타카나,katakana,ボイコット,ぼいこっと,"보이콧, 참가 거부",投票をボイコットする。,투표를 거부하다.,,"ボイコット ぼいこっと 보이콧, 참가 거부 投票をボイコットする。 투표를 거부하다.",N1
가타카나,katakana,ポジション,ぽじしょん,"포지션, 지위, 역할",ポジションを得る。,지위를 얻다.,,"ポジション ぽじしょん 포지션, 지위, 역할 ポジションを得る。 지위를 얻다.",N1
가타카나,katakana,ボランティア,ぼらんてぃあ,자원봉사,ボランティア活動をする。,자원봉사 활동을 하다.,,ボランティア ぼらんてぃあ 자원봉사 ボランティア活動をする。 자원봉사 활동을 하다.,N1
가타카나,katakana,マスコミ,ますこみ,"매스컴, 언론",マスコミに取り上げられる。,언론에 거론되다.,,"マスコミ ますこみ 매스컴, 언론 マスコミに取り上げられる。 언론에 거론되다.",N1
가타카나,katakana,マッサージ,まっさーじ,맛사지,全身をマッサージする。,전신을 마사지하다.,,マッサージ まっさーじ 맛사지 全身をマッサージする。 전신을 마사지하다.,N1
가타카나,katakana,マニュアル,まにゅある,"매뉴얼, 설명서",マニュアルを読む。,설명서를 읽다.,,"マニュアル まにゅある 매뉴얼, 설명서 マニュアルを読む。 설명서를 읽다.",N1
가타카나,katakana,メカニズム,めかにずむ,메커니즘,経済のメカニズムを研究する。,경제의 메커니즘을 연구하다.,"{""year"": ""2013""}",メカニズム 2013 めかにずむ 메커니즘 経済のメカニズムを研究する。 경제의 메커니즘을 연구하다.,N1
가타카나,katakana,メディア,めでぃあ,"미디어, 매체",新聞というメディア。,신문이라는 매체.,"{""year"": ""2015""}","メディア 2015 めでぃあ 미디어, 매체 新聞というメディア。 신문이라는 매체.",N1
가타카나,katakana,メロディー,めろでぃー,멜로디,メロディーを奏でる。,멜로디를 연주하다.,,メロディー めろでぃー 멜로디 メロディーを奏でる。 멜로디를 연주하다.,N1
가타카나,katakana,モニター,もにたー,"모니터, 감시, 점검",番組をモニターする。,방송을 모니터하다.,,"モニター もにたー 모니터, 감시, 점검 番組をモニターする。 방송을 모니터하다.",N1
가타카나,katakana,モラル,もらる,"모럴, 도덕성, 윤리",モラルに欠ける。,도덕성이 부족하다.,,"モラル もらる 모럴, 도덕성, 윤리 モラルに欠ける。 도덕성이 부족하다.",N1
가타카나,katakana,ユニークな,ゆにーくな,"독창적인, 독특한",ユニークな発想。,독창적인 발상.,,"ユニークな ゆにーくな 독창적인, 독특한 ユニークな発想。 독창적인 발상.",N1
가타카나,katakana,ライバル,らいばる,"라이벌, 경쟁 상대",ライバル意識を燃やす。,라이벌 의식을 불태우다.,,"ライバル らいばる 라이벌, 경쟁 상대 ライバル意識を燃やす。 라이벌 의식을 불태우다.",N1
가타카나,katakana,ラフな,らふな,"거친, 엉성한",仕事ぶりがラフだ。,일하는 방식이 엉성하다.,,"ラフな らふな 거친, 엉성한 仕事ぶりがラフだ。 일하는 방식이 엉성하다.",N1
가타카나,katakana,ラベル,らべる,"라벨, 상표",ラベルを貼る。,라벨을 붙이다.,,"ラベル らべる 라벨, 상표 ラベルを貼る。 라벨을 붙이다.",N1
가타카나,katakana,リアリティー,りありてぃー,"리얼리티, 현실, 현실성",作品にリアリティーを持たせる。,작품에 리얼리티를 갖게 하다.,,"リアリティー りありてぃー 리얼리티, 현실, 현실성 作品にリアリティーを持たせる。 작품에 리얼리티를 갖게 하다.",N1
가타카나,katakana,リード,りーど,"리드, 앞섬",時代をリードする。,시대를 리드하다.,,"リード りーど 리드, 앞섬 時代をリードする。 시대를 리드하다.",N1
가타카나,katakana,リクエスト,りくえすと,"리퀘스트, 요구, 주문",リクエストに応じる。,요구에 응하다.,,"リクエスト りくえすと 리퀘스트, 요구, 주문 リクエストに応じる。 요구에 응하다.",N1
가타카나,katakana,リストアップ,りすとあっぷ,"나열, 목록 작성",招待客のリストアップを行う。,초대 손님의 명부일람표를 만들다.,"{""year"": ""2012""}","リストアップ 2012 りすとあっぷ 나열, 목록 작성 招待客のリストアップを行う。 초대 손님의 명부일람표를 만들다.",N1
가타카나,katakana,リセット,りせっと,"리셋, 초기상태로 돌림",設定をリセットする。,설정을 리셋하다.,,"リセット りせっと 리셋, 초기상태로 돌림 設定をリセットする。 설정을 리셋하다.",N1
가타카나,katakana,ルーズな,るーずな,"느슨한, 헐렁한, 칠칠치 못한",時間にルーズな人。,시간 개념이 없는 사람.,"{""year"": ""2018""}","ルーズな 2018 るーずな 느슨한, 헐렁한, 칠칠치 못한 時間にルーズな人。 시간 개념이 없는 사람.",N1
가타카나,katakana,レース,れーす,"레이스, 경주",ボートレースを見に行く。,보트 경주를 보러 가다.,,"レース れーす 레이스, 경주 ボートレースを見に行く。 보트 경주를 보러 가다.",N1
가타카나,katakana,レギュラー,れぎゅらー,"레귤러, 정규의",レギュラーメンバーになる。,정규 멤버가 되다.,,"レギュラー れぎゅらー 레귤러, 정규의 レギュラーメンバーになる。 정규 멤버가 되다.",N1
가타카나,katakana,レバー,ればー,"레버, 손잡이",サイドブレーキのレバーを引く。,사이드 브레이크의 손잡이를 당기다.,,"レバー ればー 레버, 손잡이 サイドブレーキのレバーを引く。 사이드 브레이크의 손잡이를 당기다.",N1
가타카나,katakana,レンタカー,れんたかー,"렌트카, 임대 자동차",レンタカーを借りる。,렌트카를 빌리다.,,"レンタカー れんたかー 렌트카, 임대 자동차 レンタカーを借りる。 렌트카를 빌리다.",N1
가타카나,katakana,レントゲン,れんとげん,"엑스레이, 엑스선",レントゲン写真をとる。,엑스레이 사진을 찍다.,,"レントゲン れんとげん 엑스레이, 엑스선 レントゲン写真をとる。 엑스레이 사진을 찍다.",N1
가타카나,katakana,ロマン,ろまん,"로망, 낭만",ロマンを追う。,낭만을 쫓다.,,"ロマン ろまん 로망, 낭만 ロマンを追う。 낭만을 쫓다.",N1
명사,noun,愛情,あいじょう,애정,,,,愛情 애정 あいじょう,N2
명사,noun,青空,あおぞら,푸른 하늘,,,,青空 푸른 하늘 あおぞら,N2
명사,noun,赤字,あかじ,적자,,,,赤字 적자 あかじ,N2
명사,noun,明かり,あかり,불빛,,,,明かり 불빛 あかり,N2
명사,noun,悪循環,あくじゅんかん,악순환,,,,循環 悪 악순환 あくじゅんかん,N2
명사,noun,悪条件,あくじょうけん,악조건,,,,悪条件 악조건 あくじょうけん,N2
명사,noun,悪天候,あくてんこう,악천후,,,,悪天候 악천후 あくてんこう,N2
명사,noun,悪魔,あくま,악마,,,,悪魔 악마 あくま,N2
명사,noun,明け方,あけがた,새벽녘,,,,明け方 새벽녘 あけがた,N2
명사,noun,辺り,あたり,근처,,,,辺り 근처 あたり,N2
명사,noun,圧縮,あっしゅく,압축,,,,圧縮 압축 あっしゅく,N2
명사,noun,圧勝,あっしょう,압승,,,,圧勝 2014 압승 あっしょう,N2
명사,noun,宛名,あてな,수신인,,,,宛名 수신인 あてな,N2
명사,noun,跡,あと,흔적,,,,跡 흔적 あと,N2
명사,noun,跡地,あとち,철거부지,,,,跡地 2013 철거부지 あとち,N2
명사,noun,過ち,あやまち,"과오, 과실",,,,"過ち 2012 과오, 과실 あやまち",N2
명사,noun,誤り,あやまり,"잘못, 실수",,,,"誤り 2017 잘못, 실수 あやまり",N2
명사,noun,嵐,あらし,폭풍,,,,嵐 폭풍 あらし,N2
명사,noun,粗筋,あらすじ,개요,,,,粗筋 개요 あらすじ,N2
명사,noun,有り,あり,있음,,,,有り 있음 あり,N2
명사,noun,案,あん,"안, 생각",,,,"案 안, 생각 あん",N2
명사,noun,安定,あんてい,안정,,,,安定 안정 あんてい,N2
명사,noun,胃,い,위(인체 기관),,,,胃 위(인체 기관) い,N2
명사,noun,委員,いいん,위원,,,,委員 위원 いいん,N2
명사,noun,居酒屋,いざかや,선술집,,,,居酒屋 선술집 いざかや,N2
명사,noun,遺産,いさん,유산,,,,遺産 유산 いさん,N2
명사,noun,維持,いじ,유지,,,,維持 유지 いじ,N2
명사,noun,意識,いしき,의식,,,,意識 의식 いしき,N2
명사,noun,異常,いじょう,이상,,,,異常 이상 いじょう,N2
명사,noun,衣食住,いしょくじゅう,의식주,,,,衣食住 의식주 いしょくじゅう,N2
명사,noun,泉,いずみ,"샘, 샘물",,,,"泉 샘, 샘물 いずみ",N2
명사,noun,いたずら,いたずら,장난,,,,いたずら 장난,N2
명사,noun,一家,いっか,일가,,,,一家 일가 いっか,N2
명사,noun,一種,いっしゅ,일종,,,,一種 일종 いっしゅ,N2
명사,noun,一瞬,いっしゅん,일순간,,,,一瞬 일순간 いっしゅん,N2
명사,noun,一睡,いっすい,"한잠, 짧은 잠",,,,"一睡 한잠, 짧은 잠 いっすい",N2
명사,noun,一石二鳥,いっせきにちょう,일석이조,,,,一石二鳥 일석이조 いっせきにちょう,N2
명사,noun,一致,いっち,일치,,,,一致 일치 いっち,N2
명사,noun,一定,いってい,일정,,,,一定 일정 いってい,N2
명사,noun,一方,いっぽう,한편,,,,一方 한편 いっぽう,N2
명사,noun,移転,いてん,이전,,,,移転 이전 いてん,N2
명사,noun,井戸,いど,우물,,,,井戸 우물 いど,N2
명사,noun,稲,いね,벼,,,,稲 벼 いね,N2
명사,noun,衣服,いふく,의복,,,,衣服 의복 いふく,N2
명사,noun,遺物,いぶつ,유물,,,,遺物 유물 いぶつ,N2
명사,noun,今頃,いまごろ,지금쯤,,,,今頃 지금쯤 いまごろ,N2
명사,noun,意欲,いよく,의욕,,,,意欲 2016 의욕 いよく,N2
명사,noun,以来,いらい,이래,,,,以来 이래 いらい,N2
명사,noun,印刷,いんさつ,인쇄,,,,印刷 인쇄 いんさつ,N2
명사,noun,引退,いんたい,은퇴,,,,引退 2016 은퇴 いんたい,N2
명사,noun,引用,いんよう,인용,,,,引用 인용 いんよう,N2
명사,noun,引力,いんりょく,인력,,,,引力 인력 いんりょく,N2
명사,noun,植木,うえき,정원수,,,,植木 정원수 うえき,N2
명사,noun,打ち合わせ,うちあわせ,협의,,,,打ち合わせ 협의 うちあわせ,N2
명사,noun,宇宙,うちゅう,우주,,,,宇宙 우주 うちゅう,N2
명사,noun,腕前,うでまえ,"실력, 솜씨",,,,"腕前 2013 실력, 솜씨 うでまえ",N2
명사,noun,海沿い,うみぞい,"해안, 바닷가",,,,"海沿い 해안, 바닷가 うみぞい",N2
명사,noun,海辺,うみべ,해변,,,,海辺 해변 うみべ,N2
명사,noun,有無,うむ,유무,,,,有無 유무 うむ,N2
명사,noun,裏口,うらぐち,뒷문,,,,裏口 뒷문 うらぐち,N2
명사,noun,恨み,うらみ,원한,,,,恨み 원한 うらみ,N2
명사,noun,売れ行き,うれゆき,"매출, 팔림새",,,,"売れ行き 매출, 팔림새 うれゆき",N2
명사,noun,運行,うんこう,운행,,,,運行 운행 うんこう,N2
명사,noun,永久,えいきゅう,"영구, 영원",,,,"永久 2017 영구, 영원 えいきゅう",N2
명사,noun,衛生,えいせい,위생,,,,衛生 위생 えいせい,N2
명사,noun,衛星,えいせい,위성,,,,衛星 위성 えいせい,N2
명사,noun,液体,えきたい,액체,,,,液体 액체 えきたい,N2
명사,noun,餌,えさ,먹이,,,,餌 먹이 えさ,N2
명사,noun,会釈,えしゃく,"인사, 가벼운 인사",,,,"会釈 2010 인사, 가벼운 인사 えしゃく",N2
명사,noun,得手,えて,"장기, 특기",,,,"得手 장기, 특기 えて",N2
명사,noun,絵の具,えのぐ,그림물감,,,,絵の具 그림물감 えのぐ,N2
명사,noun,絵本,えほん,그림책,,,,絵本 그림책 えほん,N2
명사,noun,延期,えんき,"연기, 뒤로 미룸",,,,"延期 2016 연기, 뒤로 미룰 えんき",N2
명사,noun,演技,えんぎ,연기(예술적 재주),,,,演技 2019 연기(예술적 재주) えんぎ,N2
명사,noun,園芸,えんげい,원예,,,,園芸 원예 えんげい,N2
명사,noun,演習,えんしゅう,"연습, 훈련",,,,"演習 연습, 훈련 えんしゅう",N2
명사,noun,援助,えんじょ,"원조, 도와줌",,,,"援助 2014 원조, 도와줌 えんじょ",N2
명사,noun,演説,えんぜつ,연설,,,,演説 2018 연설 えんぜつ,N2
명사,noun,円高,えんだか,"엔고, 엔화 강세",,,,"円高 엔고, 엔화 강세 えんだか",N2
명사,noun,延長,えんちょう,"연장, 길어짐, 이어짐",,,,"延長 2016 연장, 길어짐, 이어짐 えんちょう",N2
명사,noun,煙突,えんとつ,굴뚝,,,,煙突 굴뚝 えんとつ,N2
명사,noun,円安,えんやす,"엔하락, 엔화 약세",,,,"円安 엔하락, 엔화 약세 えんやす",N2
명사,noun,王女,おうじょ,"왕녀, 공주",,,,"王女 왕녀, 공주 おうじょ",N2
명사,noun,応接,おうせつ,응접,,,,応接 응접 おうせつ,N2
명사,noun,応対,おうたい,"응대, 상대",,,,"応対 응대, 상대 おうたい",N2
명사,noun,横断,おうだん,횡단,,,,横断 2016 횡단 おうだん,N2
명사,noun,欧米,おうべい,"구미, 미국과 유럽",,,,"欧米 구미, 미국과 유럽 おうべい",N2
명사,noun,往来,おうらい,왕래,,,,往来 왕래 おうらい,N2
명사,noun,大型,おおがた,대형,,,,大型 대형 おおがた,N2
명사,noun,大声,おおごえ,큰 소리,,,,大声 큰 소리 おおごえ,N2
명사,noun,大昔,おおむかし,먼 옛날,,,,大昔 먼 옛날 おおむかし,N2
명사,noun,多め,おおめ,조금 많은 듯함,,,,多め 조금 많은 듯함 おおめ,N2
명사,noun,丘,おか,언덕,,,,丘 언덕 おか,N2
명사,noun,おかず,,반찬,,,,おかず 반찬,N2
명사,noun,悪寒,おかん,오한,,,,悪寒 오한 おかん,N2
명사,noun,お勘定,おかんじょう,"계산, 지불",,,,"お勘定 2014 계산, 지불 おかんじょう",N2
명사,noun,沖,おき,"바다, 먼 바다",,,,沖 바다. 먼 바다 おき,N2
명사,noun,お気に入り,おきにいり,마음에 듦,,,,お気に入り 마음에 おきにいり,N2
명사,noun,お辞儀,おじぎ,"인사, 절",,,,"お辞儀 인사, 절 おじぎ",N2
명사,noun,おしゃべり,,수다,,,,おしゃべり 2010 수다,N2
명사,noun,汚染,おせん,오염,,,,汚染 오염 おせん,N2
명사,noun,恐れ,おそれ,"두려움, 우려",,,,"恐れ 두려움, 우려 おそれ",N2
명사,noun,鬼,おに,"도깨비, 귀신",,,,"鬼 도깨비, 귀신 おに",N2
명사,noun,お昼,おひる,"점심, 점심 식사",,,,"お昼 점심, 점심 식사 おひる",N2
명사,noun,お前,おまえ,너,,,,お前 너 おまえ,N2
명사,noun,おまけ,,"덤, 경품",,,,"おまけ 덤, 경품",N2
명사,noun,泳ぎ,およぎ,"헤엄치기, 수영",,,,"泳ぎ 헤엄 치기, 수영 およぎ",N2
명사,noun,恩恵,おんけい,"은혜, 혜택",,,,"恩恵 은혜, 혜택 おんけい",N2
명사,noun,温帯,おんたい,온대,,,,温帯 온대 おんたい,N2
명사,noun,御中,おんちゅう,귀중(단체 뒤에 붙이는 말),,,,御中 귀중(단체 뒤에 붙이는 말) おんちゅう,N2
명사,noun,音程,おんてい,음정,,,,音程 음정 おんてい,N2
명사,noun,蚊,か,모기,,,,蚊 모기 か,N2
명사,noun,害,がい,"해, 손해",,,,"害 해, 손해 がい",N2
명사,noun,開会,かいかい,개회,,,,開会 개회 かいかい,N2
명사,noun,会見,かいけん,회견,,,,会見 2014 회견 かいけん,N2
명사,noun,外見,がいけん,외관,,,,外見 2010 외관 がいけん,N2
명사,noun,外交,がいこう,외교,,,,外交 외교 がいこう,N2
명사,noun,開催,かいさい,개최,,,,開催 2010 개최 かいさい,N2
명사,noun,改札,かいさつ,개찰,,,,改札 개찰 かいさつ,N2
명사,noun,解散,かいさん,해산,,,,解散 2013 해산 かいさん,N2
명사,noun,開始,かいし,개시,,,,開始 개시 かいし,N2
명사,noun,解釈,かいしゃく,해석,,,,解釈 해석 かいしゃく,N2
명사,noun,解消,かいしょう,해소,,,,解消 2011 해소 かいしょう,N2
명사,noun,海上,かいじょう,해상,,,,海上 해상 かいじょう,N2
명사,noun,回数,かいすう,횟수,,,,回数 횟수 かいすう,N2
명사,noun,快晴,かいせい,쾌청,,,,快晴 쾌청 かいせい,N2
명사,noun,改正,かいせい,개정,,,,改正 2012 개정 かいせい,N2
명사,noun,改善,かいぜん,개선,,,,改善 2011 개선 かいぜん,N2
명사,noun,改造,かいぞう,개조,,,,改造 개조 かいぞう,N2
명사,noun,快速,かいそく,쾌속,,,,快速 쾌속 かいそく,N2
명사,noun,開通,かいつう,개통,,,,開通 개통 かいつう,N2
명사,noun,回転,かいてん,회전,,,,回転 회전 かいてん,N2
명사,noun,回答,かいとう,"회답, 대답",,,,"回答 회답, 대답 かいとう",N2
명사,noun,解答,かいとう,"해답, 정답",,,,"解答 해답, 정답 かいとう",N2
명사,noun,飼い主,かいぬし,주인(동물을 기르는 사람),,,,飼い主 주인(동물을 기르는 사람) かいぬし,N2
명사,noun,会費,かいひ,회비,,,,会費 회비 かいひ,N2
명사,noun,回復,かいふく,회복,,,,回復 2011 회복 かいふく,N2
명사,noun,解放,かいほう,해방,,,,解放 해방 かいほう,N2
명사,noun,海面,かいめん,해면,,,,海面 해면 かいめん,N2
명사,noun,海洋,かいよう,해양,,,,海洋 해양 かいよう,N2
명사,noun,概論,がいろん,개론,,,,概論 개론 がいろん,N2
명사,noun,家屋,かおく,가옥,,,,家屋 가옥 かおく,N2
명사,noun,顔つき,かおつき,"얼굴 생김새, 용모",,,,"顔つき 얼굴 생김새, 용모 かおつき",N2
명사,noun,垣根,かきね,울타리,,,,垣根 울타리 かきね,N2
명사,noun,限り,かぎり,"한계, 한도",,,,"限り 한계, 한도 かぎり",N2
명사,noun,架空,かくう,"가공, 상상, 허구",,,,"架空 가공, 상상, 허구 かくう",N2
명사,noun,各自,かくじ,각자,,,,各自 각자 かくじ,N2
명사,noun,学者,がくしゃ,학자,,,,学者 학자 がくしゃ,N2
명사,noun,拡充,かくじゅう,확충,,,,拡充 2013 확충 かくじゅう,N2
명사,noun,学術,がくじゅつ,학술,,,,学術 학술 がくじゅつ,N2
명사,noun,核心,かくしん,핵심,,,,核心 핵심 かくしん,N2
명사,noun,各人,かくじん,각자,,,,各人 각자 かくじん,N2
명사,noun,拡張,かくちょう,확장,,,,拡張 확장 かくちょう,N2
명사,noun,角度,かくど,각도,,,,角度 각도 かくど,N2
명사,noun,学年,がくねん,학년,,,,学年 학년 がくねん,N2
명사,noun,確保,かくほ,확보,,,,確保 2017 확보 かくほ,N2
명사,noun,確率,かくりつ,확률,,,,確率 확률 かくりつ,N2
명사,noun,影,かげ,그림자,,,,影 그림자 かげ,N2
명사,noun,可決,かけつ,가결,,,,可決 가결 かけつ,N2
명사,noun,かけら,,파편,,,,かけら 파편,N2
명사,noun,加減,かげん,① 가감② 조절,,,,加減 ① 가감② 조절 かげん,N2
명사,noun,籠,かご,바구니,,,,籠 바구니 かご,N2
명사,noun,加工,かこう,가공,,,,加工 가공 かこう,N2
명사,noun,下降,かこう,하강,,,,下降 하강 かこう,N2
명사,noun,火山,かざん,화산,,,,火山 화산 かさん,N2
명사,noun,家事,かじ,"가사, 집안 일",,,,"家事 가사, 집안 일 かじ",N2
명사,noun,過失,かしつ,"과실, 실수",,,,"過失 과실, 실수 かしつ",N2
명사,noun,果実,かじつ,"과실, 열매",,,,"果実 과실, 열매 かじつ",N2
명사,noun,貸家,かしや,셋집,,,,貸家 셋집 かしや,N2
명사,noun,箇所,かしょ,"개소, 군데, 한 군데",,,,"箇所 개소, 군데箇所 한 군데 かしょ",N2
명사,noun,過剰,かじょう,과잉,,,,過剰 2017 과잉 かじょう,N2
명사,noun,課税,かぜい,과세,,,,課税 과세 かぜい,N2
명사,noun,下線,かせん,밑줄,,,,下線 2017 밑줄 かせん,N2
명사,noun,加速,かそく,가속,,,,加速 가속 かそく,N2
명사,noun,過大,かだい,"과대함, 지나침",,,,"過大 과대함, 지나침 かだい",N2
명사,noun,塊,かたまり,"덩어리, 뭉치",,,,"塊 덩어리, 뭉치 かたまり",N2
명사,noun,学会,がっかい,학회,,,,学会 학회 がっかい,N2
명사,noun,学級,がっきゅう,학급,,,,学級 학급 がっきゅう,N2
명사,noun,括弧,かっこ,괄호,,,,括弧 괄호 かっこ,N2
명사,noun,各国,かっこく,각국,,,,各国 각국 かっこく,N2
명사,noun,活字,かつじ,활자,,,,活字 활자 かつじ,N2
명사,noun,活躍,かつやく,활약,,,,活躍 활약 かつやく,N2
명사,noun,活用,かつよう,활용,,,,活用 활용 かつよう,N2
명사,noun,活力,かつりょく,활력,,,,活力 활력 かつりょく,N2
명사,noun,課程,かてい,과정(코스),,,,課程 과정(코스) かてい,N2
명사,noun,過程,かてい,과정(진행 과정),,,,過程 과정(진행 과정) かてい,N2
명사,noun,稼動,かどう,"가동, 움직여 일함",,,,"稼動 가동, 움직여 일함 かどう",N2
명사,noun,仮名,かな,일본의 문자,,,,仮名 일본의 문자 かな,N2
명사,noun,鐘,かね,종,,,,鐘 종 かね,N2
명사,noun,加熱,かねつ,가열,,,,加熱 가열 かねつ,N2
명사,noun,過半数,かはんすう,과반수,,,,過半数 과반수 かはんすう,N2
명사,noun,かび,,곰팡이,,,,かび 곰팡이,N2
명사,noun,株,かぶ,주식,,,,株 주식 かぶ,N2
명사,noun,釜,かま,"솥, 가마",,,,"口釜 솥, 가마 かま",N2
명사,noun,元日,がんじつ,설날,,,,元日 설날 がんじつ,N2
명사,noun,鑑賞,かんしょう,감상,,,,鑑賞 감상 かんしょう,N2
명사,noun,完成,かんせい,완성,,,,完成 2012 완성 かんせい,N2
명사,noun,乾燥,かんそう,건조,,,,乾燥 2012 건조 かんそう,N2
명사,noun,観測,かんそく,관측,,,,観測 관측 かんそく,N2
명사,noun,寒帯,かんたい,"한대, 추운 지역",,,,"寒帯 한대, 추운 지역 かんたい",N2
명사,noun,勘違い,かんちがい,"착각, 오해",,,,"勘違い 착각, 오해 かんちがい",N2
명사,noun,官庁,かんちょう,관청,,,,官庁 관청 かんちょう,N2
명사,noun,缶詰,かんづめ,통조림,,,,缶詰 통조림 かんづめ,N2
명사,noun,乾電池,かんでんち,건전지,,,,乾電池 건전지 かんでんち,N2
명사,noun,監督,かんとく,감독,,,,監督 감독 かんとく,N2
명사,noun,館内,かんない,관내,,,,館内 관내 かんない,N2
명사,noun,観念,かんねん,관념,,,,観念 관념 かんねん,N2
명사,noun,看板,かんばん,간판,,,,看板 간판 かんばん,N2
명사,noun,看病,かんびょう,간병,,,,看病 간병 かんびょう,N2
명사,noun,願望,がんぼう,소망,,,,願望 2016 소망 がんぼう,N2
명사,noun,勧誘,かんゆう,권유,,,,勧誘 2010 권유 かんゆう,N2
명사,noun,管理,かんり,관리,,,,管理 2013 관리 かんり,N2
명사,noun,関連,かんれん,관련,,,,関連 관련 かんれん,N2
명사,noun,気圧,きあつ,기압,,,,気圧 기입 きあつ,N2
명사,noun,議員,ぎいん,의원,,,,議員 의원 ぎいん,N2
명사,noun,記憶,きおく,기억,,,,記憶 2017 기억 きおく,N2
명사,noun,議会,ぎかい,의회,,,,議会 의회 ぎかい,N2
명사,noun,着替え,きがえ,옷을 갈아입음,,,,着替え 옷을 갈아입음 きがえ,N2
명사,noun,機関,きかん,기관,,,,機関 기관 きかん,N2
명사,noun,危機,きき,위기,,,,危機 위기 きき,N2
명사,noun,企業,きぎょう,기업,,,,企業 기업 きぎょう,N2
명사,noun,飢饉,ききん,"기근, 모자람",,,,"飢饉 기근, 모자람 ききん",N2
명사,noun,器具,きぐ,기구,,,,器具 기구 きく,N2
명사,noun,機嫌,きげん,"기분, 심기",,,,"機嫌 기분, 심기 きげん",N2
명사,noun,気候,きこう,"기후, 날씨",,,,"気候 기후, 날씨 きこう",N2
명사,noun,記号,きごう,기호,,,,記号 기호 きごう,N2
명사,noun,岸,きし,"물가, 기슭, 벼랑",,,,"岸 물가, 기슭, 벼랑 きし",N2
명사,noun,生地,きじ,① 본성 ② 옷감 ③ 반죽,,,,生地 ① 본성 ② 옷감 ③ 반죽 きじ,N2
명사,noun,技師,ぎし,"기사, 엔지니어",,,,"技師 기사, 엔지니어 ぎし",N2
명사,noun,儀式,ぎしき,"의식, 행사",,,,"儀式 의식, 행사 ぎしき",N2
명사,noun,貴社,きしゃ,귀사,,,,貴社 귀사 きしゃ,N2
명사,noun,基準,きじゅん,기준,,,,基準 기준 きじゅん,N2
명사,noun,起床,きしょう,"기상, 잠자리에서 일어남",,,,"起床 기상, 잠자리에서 일어남 きしょう",N2
명사,noun,奇数,きすう,"기수, 홀수",,,,"奇数 기수, 홀수 きすう",N2
명사,noun,規制,きせい,규제,,,,規制 2016 규제 きせい,N2
명사,noun,帰省,きせい,"귀성, 고향으로 돌아감",,,,"帰省 귀성, 고향으로 돌아감 きせい",N2
명사,noun,基礎,きそ,"기초, 토대",,,,"基礎 기초, 토대 きそ",N2
명사,noun,基地,きち,기지,,,,基地 기지 きち,N2
명사,noun,議長,ぎちょう,의장,,,,議長 의장 ぎちょう,N2
명사,noun,きっかけ,,계기,,,,きっかけ 2016 계기,N2
명사,noun,喫茶,きっさ,차를 마심,,,,喫茶 차를 마실 きっさ,N2
명사,noun,起動,きどう,"기동, 시동",,,,"起動 기동, 시동 きどう",N2
명사,noun,機能,きのう,기능,,,,機能 2011 기능 きのう,N2
명사,noun,基盤,きばん,기반,,,,基盤 2016 기반 きばん,N2
명사,noun,寄付,きふ,기부,,,,寄付 2013 기부 きふ,N2
명사,noun,規模,きぼ,규모,,,,規模 2010 규모 きぼ,N2
명사,noun,基本,きほん,기본,,,,基本 기본 きほん,N2
명사,noun,気味,きみ,"기미, 기운, 낌새",,,,"気味 기미, 기운, 낌새 きみ",N2
명사,noun,義務,ぎむ,의무,,,,義務 의무 ぎむ,N2
명사,noun,客席,きゃくせき,객석,,,,客席 객석 きゃくせき,N2
명사,noun,休講,きゅうこう,휴강,,,,休講 휴강 きゅうこう,N2
명사,noun,求婚,きゅうこん,구혼,,,,求婚 구혼 きゅうこん,N2
명사,noun,吸収,きゅうしゅう,흡수,,,,吸収 흡수 きゅうしゅう,N2
명사,noun,救助,きゅうじょ,구조,,,,救助 구조 きゅうじょ,N2
명사,noun,休息,きゅうそく,휴식,,,,休息 휴식 きゅうそく,N2
명사,noun,教員,きょういん,교원,,,,教員 교원 きょういん,N2
명사,noun,境界,きょうかい,경계,,,,境界 경계 きょうかい,N2
명사,noun,競技,きょうぎ,경기,,,,競技 경기 きょうぎ,N2
명사,noun,行儀,ぎょうぎ,"예의, 질서, 예의범절",,,,"行儀 예의, 질서, 예의범절 ぎょうぎ",N2
명사,noun,供給,きょうきゅう,공급,,,,供給 공급 きょうきゅう,N2
명사,noun,恐縮,きょうしゅく,"황송함, 죄송함",,,,"恐縮 황송함, 죄송함 きょうしゅく",N2
명사,noun,協調,きょうちょう,협조,,,,協調 협조 きょうちょう,N2
명사,noun,共同,きょうどう,공동,,,,共同 공동 きょうどう,N2
명사,noun,恐怖,きょうふ,공포,,,,恐怖 공포 きょうふ,N2
명사,noun,共用,きょうよう,공용,,,,共用 공용 きょうよう,N2
명사,noun,教養,きょうよう,교양,,,,教養 교양 きょうよう,N2
명사,noun,行列,ぎょうれつ,행렬,,,,行列 행렬 ぎょうれつ,N2
명사,noun,漁業,ぎょぎょう,어업,,,,漁業 어업 ぎょぎょう,N2
명사,noun,曲線,きょくせん,곡선,,,,曲線 곡선 きょくせん,N2
명사,noun,拒否,きょひ,거부,,,,拒否 2015 거부 きょひ,N2
명사,noun,霧,きり,안개,,,,霧 안개 きり,N2
명사,noun,規律,きりつ,규율,,,,規律 규율 きりつ,N2
명사,noun,議論,ぎろん,"의논, 논의",,,,"議論 의논, 논의 ぎろん",N2
명사,noun,金額,きんがく,금액,,,,金額 금액 きんがく,N2
명사,noun,金庫,きんこ,금고,,,,金庫 금고 きんこ,N2
명사,noun,金銭,きんせん,금전,,,,金銭 금전 きんせん,N2
명사,noun,金属,きんぞく,금속,,,,金属 금속 きんぞく,N2
명사,noun,近代,きんだい,근대,,,,近代 근대 きんだい,N2
명사,noun,筋肉,きんにく,근육,,,,筋肉 근육 きんにく,N2
명사,noun,金融,きんゆう,금융,,,,金融 금융 きんゆう,N2
명사,noun,偶数,ぐうすう,"우수, 짝수",,,,"偶数 우수, 짝수 ぐうすう",N2
명사,noun,偶然,ぐうぜん,우연,,,,偶然 2019 우연 ぐうぜん,N2
명사,noun,空想,くうそう,공상,,,,空想 공상 くうそう,N2
명사,noun,空中,くうちゅう,공중,,,,空中 공중 くうちゅう,N2
명사,noun,苦情,くじょう,"불평, 불만, 고충",,,,"苦情 2017 불평, 불만, 고충 くじょう",N2
명사,noun,苦心,くしん,고심,,,,苦心 고심 くしん,N2
명사,noun,くず,,쓰레기,,,,くず 쓰레기,N2
명사,noun,管,くだ,"관, 대롱, 파이프",,,,"管 관, 대롱, 파이프 くだ",N2
명사,noun,愚痴,ぐち,"푸념, 넋두리",,,,"愚痴 2012 푸념, 넋두리 ぐち",N2
명사,noun,唇,くちびる,입술,,,,口唇 입술 くちびる,N2
명사,noun,口笛,くちぶえ,휘파람,,,,口笛 휘파람 くちぶえ,N2
명사,noun,苦痛,くつう,고통,,,,苦痛 고통 くつう,N2
명사,noun,苦難,くなん,고난,,,,苦難 고난 くなん,N2
명사,noun,工夫,くふう,"궁리, 연구",,,,"工夫 궁리, 연구 くふう",N2
명사,noun,区分,くぶん,구분,,,,区分 구분 くぶん,N2
명사,noun,組合,くみあい,"조합, 노동조합",,,,"組合 조합, 노동조합 くみあい",N2
명사,noun,組み合わせ,くみあわせ,"편성, 조합",,,,"組み合わせ 편성, 조합 くみあわせ",N2
명사,noun,暮れ,くれ,"해질 무렵, 끝무렵, 연말",,,,"暮れ 해질 무렵, 끝무렵, 연말 くれ",N2
명사,noun,黒字,くろじ,흑자,,,,黒字 흑자 くろじ,N2
명사,noun,軍隊,ぐんたい,군대,,,,軍隊 군대 ぐんたい,N2
명사,noun,訓練,くんれん,훈련,,,,訓練 2016 훈련 くんれん,N2
명사,noun,敬意,けいい,경의,,,,敬意 경의 けいい,N2
명사,noun,契機,けいき,계기,,,,契機 2017 계기 けいき,N2
명사,noun,敬語,けいご,경어,,,,敬語 경어 けいご,N2
명사,noun,傾向,けいこう,경향,,,,傾向 경향 けいこう,N2
명사,noun,蛍光灯,けいこうとう,형광등,,,,蛍光灯 형광등 けいこうとう,N2
명사,noun,警告,けいこく,경고,,,,警告 경고 けいこく,N2
명사,noun,掲示,けいじ,게시,,,,掲示 게시 けいじ,N2
명사,noun,形式,けいしき,형식,,,,形式 형식 けいしき,N2
명사,noun,継続,けいぞく,계속,,,,継続 2014 계속 けいぞく,N2
명사,noun,経度,けいど,경도(지구의 세로 좌표),,,,経度 경도(지구의 세로 좌표) けいど,N2
명사,noun,芸能人,げいのうじん,연예인,,,,芸能人 연예인 げいのうじん,N2
명사,noun,競馬,けいば,경마,,,,競馬 경마 けいば,N2
명사,noun,警備,けいび,경비,,,,警備 2018 경비 けいび,N2
명사,noun,毛皮,けがわ,모피,,,,毛皮 모피 けがわ,N2
명사,noun,激化,げきか,격화,,,,激化 격화 げきか,N2
명사,noun,劇場,げきじょう,극장,,,,劇場 극장 げきじょう,N2
명사,noun,激増,げきぞう,"격증, 급증",,,,"激增 격증, 급증 げきぞう",N2
명사,noun,下車,げしゃ,"하차, 차에서 내림",,,,"下車 하차, 차에서 내림 げしゃ",N2
명사,noun,桁,けた,"자릿수, 자리",,,,"桁 자릿수, 자리 けた",N2
명사,noun,下駄,げた,"게다, 왜나막신",,,,下駄 게다. 왜나막신 げた,N2
명사,noun,血圧,けつあつ,혈압,,,,血圧 혈압 けつあつ,N2
명사,noun,欠陥,けっかん,결함,,,,欠陥 결함 けっかん,N2
명사,noun,月給,げっきゅう,월급,,,,月給 월급 げっきゅう,N2
명사,noun,結婚式,けっこんしき,결혼식,,,,結婚式 결혼식 けっこんしき,N2
명사,noun,傑作,けっさく,걸작,,,,傑作 걸작 けっさく,N2
명사,noun,結末,けつまつ,결말,,,,結末 결말 けつまつ,N2
명사,noun,月末,げつまつ,월말,,,,月末 월말 げつまつ,N2
명사,noun,気配,けはい,기색,,,,気配 기색 けはい,N2
명사,noun,県,けん,현(일본의 행정구역),,,,県 현(일본의 행정구역) けん,N2
명사,noun,見解,けんかい,견해,,,,見解 2010 견해 けんかい,N2
명사,noun,研究所,けんきゅうじょ,연구소,,,,研究所 연구소 けんきゅうじょ,N2
명사,noun,原稿,げんこう,원고,,,,原稿 원고 げんこう,N2
명사,noun,原産,げんさん,원산,,,,原産 원산 げんさん,N2
명사,noun,原始,げんし,원시,,,,原始 원시 げんし,N2
명사,noun,研修,けんしゅう,연수,,,,研修 연수 けんしゅう,N2
명사,noun,現象,げんしょう,현상,,,,現象 2015 현상 げんしょう,N2
명사,noun,現状,げんじょう,현 상황,,,,現状 현 상황 げんじょう,N2
명사,noun,原子力,げんしりょく,원자력,,,,原子力 원자력 げんしりょく,N2
명사,noun,謙遜,けんそん,겸손,,,,謙遜 겸손 けんそん,N2
명사,noun,建築,けんちく,건축,,,,建築 건축 けんちく,N2
명사,noun,見当,けんとう,"짐작, 예상",,,,"見当 2013 짐작, 예상 けんとう",N2
명사,noun,検討,けんとう,검토,,,,検討 검토 けんとう,N2
명사,noun,現場,げんば,현장,,,,現場 현장 げんば,N2
명사,noun,憲法,けんぽう,헌법,,,,憲法 헌법 けんぼう,N2
명사,noun,懸命,けんめい,"열심임, 필사적임",,,,"懸命 열심임, 필사적임 けんめい",N2
명사,noun,原油,げんゆ,원유,,,,原油 원유 げんゆ,N2
명사,noun,権利,けんり,권리,,,,権利 권리 けんり,N2
명사,noun,原理,げんり,원리,,,,原理 원리 げんり,N2
명사,noun,講演,こうえん,강연,,,,講演 강연 こうえん,N2
명사,noun,後期,こうき,후기,,,,後期 후기 こうき,N2
명사,noun,好奇心,こうきしん,호기심,,,,好奇心 호기심 こうきしん,N2
명사,noun,公共,こうきょう,공공,,,,公共 공공 こうきょう,N2
명사,noun,航空,こうくう,항공,,,,航空 항공 こうくう,N2
명사,noun,光景,こうけい,광경,,,,光景 광경 こうけい,N2
명사,noun,工芸,こうげい,공예,,,,工芸 공예 こうげい,N2
명사,noun,後継者,こうけいしゃ,후계자,,,,後継者 후계자 こうけいしゃ,N2
명사,noun,攻撃,こうげき,공격,,,,攻擊 공격 こうげき,N2
명사,noun,貢献,こうけん,공헌,,,,貢献 2019 공헌 こうけん,N2
명사,noun,交差,こうさ,교차,,,,交差 교차 こうさ,N2
명사,noun,耕作,こうさく,경작,,,,耕作 경작 こうさく,N2
명사,noun,講師,こうし,강사,,,,講師 2015 강사 こうし,N2
명사,noun,公式,こうしき,공식,,,,公式 공식 こうしき,N2
명사,noun,口実,こうじつ,구실,,,,口実 구실 こうじつ,N2
명사,noun,後者,こうしゃ,"후자, 뒤의 것, 뒤를 잇는 자",,,,"後者 후자, 뒤의 것, 뒤를 잇는 자 こうしゃ",N2
명사,noun,公衆,こうしゅう,"공중, 대중",,,,"公衆 공중, 대중 こうしゅう",N2
명사,noun,向上,こうじょう,향상,,,,向上 향상 こうじょう,N2
명사,noun,更新,こうしん,갱신,,,,更新 갱신 こうしん,N2
명사,noun,香水,こうすい,향수,,,,香水 향수 こうすい,N2
명사,noun,厚生,こうせい,후생,,,,厚生 후생 こうせい,N2
명사,noun,功績,こうせき,"공적, 공훈, 공로",,,,"功績 공적, 공훈, 공로 こうせき",N2
명사,noun,光線,こうせん,광선,,,,光線 광선 こうせん,N2
명사,noun,高層,こうそう,고층,,,,高層 고층 こうそう,N2
명사,noun,構造,こうぞう,구조,,,,構造 구조 こうぞう,N2
명사,noun,高速,こうそく,고속,,,,高速 고속 こうそく,N2
명사,noun,交替/交代,こうたい,"교체, 교대",,,,"交替/交代 교체, 교대 こうたい",N2
명사,noun,耕地,こうち,"경지, 경작지, 농경지",,,,"耕地 경지, 경작지, 농경지 こうち",N2
명사,noun,肯定,こうてい,긍정,,,,肯定 긍정 こうてい,N2
명사,noun,高度,こうど,고도,,,,高度 고도 こうど,N2
명사,noun,強盗,ごうとう,강도,,,,強盗 강도 ごうとう,N2
명사,noun,公表,こうひょう,공표,,,,公表 공표 こうひょう,N2
명사,noun,鉱物,こうぶつ,광물,,,,鉱物 광물 こうぶつ,N2
명사,noun,候補,こうほ,후보,,,,候補 후보 こうほ,N2
명사,noun,公務,こうむ,공무,,,,公務 공무 こうむ,N2
명사,noun,項目,こうもく,항목,,,,項目 항목 こうもく,N2
명사,noun,合理,ごうり,합리,,,,合理 합리 ごうり,N2
명사,noun,交流,こうりゅう,교류,,,,交流 교류 こうりゅう,N2
명사,noun,考慮,こうりょ,고려,,,,考慮 고려 こうりょ,N2
명사,noun,高齢化,こうれいか,고령화,,,,高齢化 고령화 こうれいか,N2
명사,noun,氷枕,こおりまくら,얼음 주머니 베개,,,,氷枕 얼음 주머니 베개 こおりまくら,N2
명사,noun,小型,こがた,소형,,,,小型 소형 こがた,N2
명사,noun,国王,こくおう,"국왕, 임금",,,,"国王 국왕, 임금 こくおう",N2
명사,noun,国籍,こくせき,국적,,,,国籍 국적 こくせき,N2
명사,noun,克服,こくふく,극복,,,,克服 2019 극복 こくふく,N2
명사,noun,穀物,こくもつ,곡물,,,,穀物 곡물 こくもつ,N2
명사,noun,小言,こごと,"잔소리, 불평",,,,"小言 잔소리, 불평 こごと",N2
명사,noun,心当たり,こころあたり,"마음에 짚이는 데, 짐작가는 데",,,,"心当たり 2010 마음에 짚이는 데, 짐작가는 데 こころあたり",N2
명사,noun,誇示,こじ,과시,,,,誇示 과시 こじ,N2
명사,noun,固体,こたい,고체,,,,固体 고체 こたい,N2
명사,noun,国家,こっか,국가,,,,国家 국가 こっか,N2
명사,noun,国旗,こっき,국기,,,,国旗 국기 こっき,N2
명사,noun,国境,こっきょう,국경,,,,10国境 국경 こっきょう,N2
명사,noun,骨折,こっせつ,골절,,,,骨折 골절 こっせつ,N2
명사,noun,古典,こてん,고전,,,,古典 고전 こてん,N2
명사,noun,言葉づかい,ことばづかい,"말씨, 말투",,,,"言葉づかい 말씨, 말투 ことばづかい",N2
명사,noun,粉,こな,가루,,,,粉 가루 こな,N2
명사,noun,小麦,こむぎ,밀,,,,小麦 밀 こむぎ,N2
명사,noun,小屋,こや,오두막,,,,小屋 오두막 こや,N2
명사,noun,娯楽,ごらく,오락,,,,娯楽 오락 ごらく,N2
명사,noun,ご覧,ごらん,보심(존경어),,,,ご覧 보심(존경어) こらん,N2
명사,noun,混合,こんごう,혼합,,,,混合 혼합 こんごう,N2
명사,noun,献立,こんだて,"식단, 메뉴, 준비",,,,"献立 식단, 메뉴, 준비 こんだて",N2
명사,noun,困難,こんなん,곤란,,,,困難 곤란 こんなん,N2
명사,noun,婚約,こんやく,약혼,,,,婚約 약혼 こんやく,N2
명사,noun,差異,さい,차이,,,,差異 차이 さい,N2
명사,noun,財産,ざいさん,재산,,,,財産 재산 ざいさん,N2
명사,noun,最終,さいしゅう,최종,,,,最終 최종 さいしゅう,N2
명사,noun,最新,さいしん,최신,,,,最新 최신 さいしん,N2
명사,noun,催促,さいそく,재촉,,,,催促2013 재촉 さいそく,N2
명사,noun,最大,さいだい,최대,,,,最大 최대 さいだい,N2
명사,noun,最中,さいちゅう,한창인 때,,,,最中 한창인 때 さいちゅう,N2
명사,noun,災難,さいなん,재난,,,,災難 재난 さいなん,N2
명사,noun,裁判,さいばん,재판,,,,裁判 재판 さいばん,N2
명사,noun,材木,ざいもく,재목,,,,材木 재목 ざいもく,N2
명사,noun,境,さかい,"경계, 갈림길, 기로",,,,"境 경계, 갈림길, 기로 さかい",N2
명사,noun,逆さ,さかさ,"반대, 거꾸로 됨",,,,"逆さ 반대, 거꾸로 됨 さかさ",N2
명사,noun,逆様,さかさま,거꾸로 됨. 반대임,,,,逆様 거꾸로 됨. 반대임 さかさま,N2
명사,noun,酒場,さかば,"술집, 선술집",,,,"酒場 술집, 선술집 さかば",N2
명사,noun,先々,さきざき,①먼 장래 ②가는 곳마다. 도처,,,,先々 ①먼 장래 가는 곳마다. 도처 さきざき,N2
명사,noun,先程,さきほど,"아까, 조금 전",,,,"先程 아까, 조금 전 さきほど",N2
명사,noun,索引,さくいん,"색인, 인덱스",,,,"索引 색인, 인덱스 さくいん",N2
명사,noun,削除,さくじょ,삭제,,,,削除 2012 삭제 さくじょ,N2
명사,noun,作成,さくせい,작성,,,,作成 작성 さくせい,N2
명사,noun,作物,さくもつ,"작물, 농작물",,,,"作物 작물, 농작물 さくもつ",N2
명사,noun,差し支え,さしつかえ,"지장, 장애",,,,"差し支え 지장, 장애 さしつかえ",N2
명사,noun,刺身,さしみ,생선회,,,,刺身 생선회 さしみ,N2
명사,noun,札,さつ,지폐,,,,札 지폐 さつ,N2
명사,noun,撮影,さつえい,촬영,,,,撮影 2012 촬영 さつえい,N2
명사,noun,雑音,ざつおん,"잡음, 소음",,,,"雜音 잡음, 소용 ざつおん",N2
명사,noun,雑談,ざつだん,잡담,,,,雑談 2010 잡담 ざつだん,N2
명사,noun,茶道,さどう,다도,,,,茶道 다도 さどう,N2
명사,noun,作動,さどう,작동,,,,作動 2018 작동 さどう,N2
명사,noun,砂漠,さばく,사막,,,,砂漠 사막 さばく,N2
명사,noun,錆,さび,(금속) 녹,,,,錆 (금속) 녹 さび,N2
명사,noun,差別,さべつ,차별,,,,差別 차별 さべつ,N2
명사,noun,作法,さほう,"예의범절, 규범",,,,"作法 예의범절, 규범 さほう",N2
명사,noun,左右,さゆう,좌우,,,,左右 좌우 さゆう,N2
명사,noun,参考,さんこう,참고,,,,参考 참고 さんこう,N2
명사,noun,産地,さんち,산지,,,,産地 산지 さんち,N2
명사,noun,幸せ,しあわせ,행복,,,,幸せ 행복 しあわせ,N2
명사,noun,鹿,しか,사슴,,,,鹿 사슴 しか,N2
명사,noun,敷地,しきち,"(건축)부지, 터",,,,"敷地 (건축)부지, 터 しきち",N2
명사,noun,時給,じきゅう,"시급, 시간당 급료",,,,"時給 시급, 시간당 급료 じきゅう",N2
명사,noun,刺激,しげき,자극,,,,刺激 2019 자극 しげき,N2
명사,noun,資源,しげん,자원,,,,資源 자원 しげん,N2
명사,noun,思考,しこう,"사고, 생각",,,,"思考 사고, 생각 しこう",N2
명사,noun,持参,じさん,"지참, 지니고 옴",,,,"持参 지참, 지니고 옴 じさん",N2
명사,noun,支持,しじ,지지,,,,支持 2014 지지 しじ,N2
명사,noun,事実,じじつ,사실,,,,事実 사실 じじつ,N2
명사,noun,磁石,じしゃく,자석,,,,磁石 자석 じしゃく,N2
명사,noun,支出,ししゅつ,지출,,,,支出 지출 ししゅつ,N2
명사,noun,自身,じしん,자신,,,,自身 2016 자신 じしん,N2
명사,noun,姿勢,しせい,자세,,,,姿勢2016 자세 しせい,N2
명사,noun,思想,しそう,사상,,,,思想 사상 しそう,N2
명사,noun,子孫,しそん,자손,,,,子孫 자손 しそん,N2
명사,noun,自体,じたい,자체,,,,自体 자체 じたい,N2
명사,noun,辞退,じたい,사퇴,,,,辞退 2012 사퇴 じたい,N2
명사,noun,自宅,じたく,자택,,,,自宅 자택 じたく,N2
명사,noun,市長,しちょう,시장(지방 자치 단체인 시의 책임자),,,,市長 시장(지방 자치 단체인 시의 책임자) しちょう,N2
명사,noun,視聴者,しちょうしゃ,시청자,,,,視聴者 시청자 しちょうしゃ,N2
명사,noun,質,しつ,"질, 품질",,,,"質 질, 품질 しつ",N2
명사,noun,実感,じっかん,실감,,,,実感 실감 じっかん,N2
명사,noun,実験,じっけん,실험,,,,実験 実験 じっけん,N2
명사,noun,実際,じっさい,실제,,,,実際 실제 じっさい,N2
명사,noun,実施,じっし,실시,,,,実施 실시 じっし,N2
명사,noun,実習,じっしゅう,실습,,,,実習 실습 じっしゅう,N2
명사,noun,実績,じっせき,실적,,,,実績 실적 じっせき,N2
명사,noun,執筆,しっぴつ,집필,,,,執筆 집필 しっぴつ,N2
명사,noun,実物,じつぶつ,실물,,,,実物 실물 じつぶつ,N2
명사,noun,尻尾,しっぽ,꼬리,,,,尻尾 꼬리 しっぽ,N2
명사,noun,失望,しつぼう,실망,,,,失望 실망 しつぼう,N2
명사,noun,実務,じつむ,실무,,,,実務 실무 じつむ,N2
명사,noun,実用,じつよう,실용,,,,実用 실용 じつよう,N2
명사,noun,実例,じつれい,실례,,,,実例 실례 じつれい,N2
명사,noun,指定,してい,지정,,,,指定 指定 してい,N2
명사,noun,指摘,してき,지적,,,,指摘 2015 지적 してき,N2
명사,noun,児童,じどう,아동,,,,児童 아동 じどう,N2
명사,noun,品切れ,しなぎれ,품절,,,,品切れ 品切れ 品切れ 품절 しなぎれ,N2
명사,noun,支配,しはい,지배,,,,支配 지배 しはい,N2
명사,noun,芝居,しばい,연극,,,,芝居 연극 しばい,N2
명사,noun,芝生,しばふ,잔디,,,,芝生 잔디 しばふ,N2
명사,noun,地盤,じばん,지반,,,,地盤 지반 じばん,N2
명사,noun,紙幣,しへい,지폐,,,,紙幣 지폐 しへい,N2
명사,noun,資本,しほん,자본,,,,資本 자본 しほん,N2
명사,noun,地元,じもと,"고장, 연고지",,,,"地元201 고장, 연고지 じもと",N2
명사,noun,視野,しや,시야,,,,視野 2012 시야 しゃ,N2
명사,noun,社員,しゃいん,사원,,,,社員 사원 しゃいん,N2
명사,noun,弱点,じゃくてん,약점,,,,弱点 약점 じゃくてん,N2
명사,noun,車掌,しゃしょう,"차장, 승무원",,,,"車掌 차장, 승무원 しゃしょう",N2
명사,noun,借金,しゃっきん,"빚, 차입금",,,,"借金 빛, 차입금 しゃっきん",N2
명사,noun,しゃっくり,,딸꾹질,,,,しゃっくり 딸꾹질,N2
명사,noun,じゃんけん,,가위바위보,,,,じゃんけん 가위바위보,N2
명사,noun,銃,じゅう,총,,,,銃 총 じゅう,N2
명사,noun,集会,しゅうかい,집회,,,,集会 집회 しゅうかい,N2
명사,noun,収穫,しゅうかく,수확,,,,収穫 2010 수학 しゅうかく,N2
명사,noun,宗教,しゅうきょう,종교,,,,宗教 종교 しゅうきょう,N2
명사,noun,集金,しゅうきん,수금,,,,集金 수금 しゅうきん,N2
명사,noun,集合,しゅうごう,집합,,,,集合 집합 しゅうごう,N2
명사,noun,修士,しゅうし,석사,,,,修士 석사 しゅうし,N2
명사,noun,修正,しゅうせい,수정,,,,修正 수정 しゅうせい,N2
명사,noun,渋滞,じゅうたい,정체(일이나 교통 흐름이 더딤),,,,渋滞 정체(일이나 교통 흐름이 더딤) じゅうたい,N2
명사,noun,集団,しゅうだん,집단,,,,集団 집단 しゅうだん,N2
명사,noun,執着,しゅうちゃく,집착,,,,執着 2019 집착 しゅうちゃく,N2
명사,noun,終電,しゅうでん,"막차, 마지막 전철",,,,"終電 막차, 마지막 전철 しゅうでん",N2
명사,noun,重点,じゅうてん,"중점, 포인트",,,,"重点 중점, 포인트 じゅうてん",N2
명사,noun,充電,じゅうでん,충전,,,,充電 충전 じゅうでん,N2
명사,noun,就任,しゅうにん,취임,,,,就任 취임 しゅうにん,N2
명사,noun,収納,しゅうのう,수납(현금이나 물품),,,,収納 2015 수납(현금이나 물품) しゅうのう,N2
명사,noun,重役,じゅうやく,"중역, (회사의) 임원",,,,"重役 중역, (회사의) 임원 じゅうやく",N2
명사,noun,終了,しゅうりょう,종료,,,,終了 종료 しゅうりょう,N2
명사,noun,重量,じゅうりょう,"중량, 무게",,,,"重量 중량, 무게 じゅうりょう",N2
명사,noun,重力,じゅうりょく,중력,,,,重力 중력 じゅうりょく,N2
명사,noun,主義,しゅぎ,주의,,,,主義 주의 しゅぎ,N2
명사,noun,取材,しゅざい,취재,,,,取材 2010 취재 しゅざい,N2
명사,noun,首相,しゅしょう,수상,,,,首相 수상 しゅしょう,N2
명사,noun,主人公,しゅじんこう,주인공,,,,主人公 주인공 しゅじんこう,N2
명사,noun,出荷,しゅっか,출하,,,,出荷 출하 しゅっか,N2
명사,noun,出世,しゅっせ,출세,,,,出世 2010 출세 しゅっせ,N2
명사,noun,主役,しゅやく,주역,,,,主役 주역 しゅやく,N2
명사,noun,需要,じゅよう,"수요, 요구",,,,"需要 수요, 요구 じゅよう",N2
명사,noun,順,じゅん,"순, 순서",,,,"順 순, 순서 じゅん",N2
명사,noun,瞬間,しゅんかん,순간,,,,瞬間 순간 しゅんかん,N2
명사,noun,順序,じゅんじょ,순서,,,,順序 순서 じゅんじょ,N2
명사,noun,使用,しよう,사용,,,,使用 사용 しょう,N2
명사,noun,消火,しょうか,소화,,,,消火 소화 しょうか,N2
명사,noun,障害,しょうがい,"장해, 방해, 장애",,,,"障害 장해, 방해, 장애 しょうがい",N2
명사,noun,奨学金,しょうがくきん,장학금,,,,奨学金 장학금 しょうがくきん,N2
명사,noun,小学生,しょうがくせい,초등학생,,,,小学生 초등학생 しょうがくせい,N2
명사,noun,蒸気,じょうき,"증기, 김",,,,"蒸気 증기, 김 じょうき",N2
명사,noun,定規,じょうぎ,"자, 기준",,,,"定規 자, 기준 じょうぎ",N2
명사,noun,状況,じょうきょう,상황,,,,状況 상황 じょうきょう,N2
명사,noun,賞金,しょうきん,상금,,,,賞金 상금 しょうきん,N2
명사,noun,少子化,しょうしか,출산율 저하,,,,少子化 출산율 저하 しょうしか,N2
명사,noun,商社,しょうしゃ,"상사, 무역상사",,,,"商社 상사, 무역상사 しょうしゃ",N2
명사,noun,上昇,じょうしょう,상승,,,,上昇 2010 상승 じょうしょう,N2
명사,noun,小数,しょうすう,소수(1보다 작은 수),,,,小数 소수(1보다 작은 수) しょうすう,N2
명사,noun,少数,しょうすう,소수(적은 숫자),,,,少数 소수(적은 숫자) しょうすう,N2
명사,noun,情勢,じょうせい,정세,,,,情勢 정세 じょうせい,N2
명사,noun,状態,じょうたい,상태,,,,状態 상태 じょうたい,N2
명사,noun,上達,じょうたつ,능숙해짐,,,,上達 능숙해짐 じょうたつ,N2
명사,noun,承知,しょうち,① 이해 ② 승낙,,,,承知 ① 이해 승낙 しょうち,N2
명사,noun,象徴,しょうちょう,상징,,,,象徵 2011 상징 しょうちょう,N2
명사,noun,焦点,しょうてん,초점,,,,焦点 2012 초점 しょうてん,N2
명사,noun,消毒,しょうどく,소독,,,,消毒 소독 しょうどく,N2
명사,noun,衝突,しょうとつ,충돌,,,,衝突 2016 충돌 しょうとつ,N2
명사,noun,承認,しょうにん,승인,,,,承認 승인 しょうにん,N2
명사,noun,少人数,しょうにんずう,"소인원, 적은 인원",,,,"少人数 소인원, 적은 인원 しょうにんずう",N2
명사,noun,勝敗,しょうはい,승패,,,,勝敗 승패 しょうはい,N2
명사,noun,蒸発,じょうはつ,증발,,,,蒸発 증발 じょうはつ,N2
명사,noun,勝負,しょうぶ,승부,,,,勝負 승부 しょうぶ,N2
명사,noun,正味,しょうみ,"알맹이, 내용물",,,,"正味 알맹이, 내용물 しょうみ",N2
명사,noun,賞味期限,しょうみきげん,유통 기한,,,,賞味期限 유통 기한 しょうみきげん,N2
명사,noun,消耗,しょうもう,소모,,,,消耗 소모 しょうもう,N2
명사,noun,省略,しょうりゃく,생략,,,,省略 2015 생략 しょうりゃく,N2
명사,noun,女王,じょおう,여왕,,,,女王 여왕 じょおう,N2
명사,noun,食塩,しょくえん,"식염, 식용 소금",,,,"食塩 식염, 식용 소금 しょくえん",N2
명사,noun,食卓,しょくたく,식탁,,,,食卓 식탁 しょくたく,N2
명사,noun,職人,しょくにん,"장인, 숙련 기술자",,,,"職人 장인, 숙련 기술자 しょくにん",N2
명사,noun,職場,しょくば,직장,,,,職場 직장 しょくぱ,N2
명사,noun,食物,しょくもつ,"음식, 음식물",,,,"食物 음식, 음식물 しょくもつ",N2
명사,noun,助言,じょげん,조언,,,,助言 2015 조언 じょげん,N2
명사,noun,書籍,しょせき,서적,,,,書籍 서적 しょせき,N2
명사,noun,初対面,しょたいめん,첫 대면,,,,初対面 첫 대면 しょたいめん,N2
명사,noun,署名,しょめい,서명,,,,署名 서명 しょめい,N2
명사,noun,書物,しょもつ,서적,,,,書物 서적 しょもつ,N2
명사,noun,所有,しょゆう,소유,,,,所有 2015 소유 しょゆう,N2
명사,noun,処理,しょり,처리,,,,処理 2018 처리 しょり,N2
명사,noun,白髪,しらが,"흰머리, 백발",,,,"白髪 흰머리, 백발 しらが",N2
명사,noun,城,しろ,"성, 성곽",,,,"城 성, 성곽 しろ",N2
명사,noun,素人,しろうと,"초보자, 풋내기",,,,"素人 초보자, 풋내기 しろうと",N2
명사,noun,しわ,,주름,,,,しわ 주름,N2
명사,noun,神経,しんけい,신경,,,,神経 신경 しんけい,N2
명사,noun,人件費,じんけんひ,인건비,,,,人件費 인건비 じんけんひ,N2
명사,noun,信仰,しんこう,신앙,,,,信仰 신앙 しんこう,N2
명사,noun,進行,しんこう,진행,,,,進行 진행 しんこう,N2
명사,noun,申告,しんこく,신고,,,,申告 신고 しんこく,N2
명사,noun,人事,じんじ,인사,,,,人事 인사 じんじ,N2
명사,noun,心身,しんしん,"심신, 몸과 마음",,,,"心身 심신, 몸과 마음 しんしん",N2
명사,noun,新人,しんじん,신인,,,,新人 신인 しんじん,N2
명사,noun,心臓,しんぞう,심장,,,,心臟 심장 しんぞう,N2
명사,noun,新卒,しんそつ,신규 졸업자,,,,新卒 신규 졸업자 しんそつ,N2
명사,noun,身体,しんたい,신체,,,,身体 신체 しんたい,N2
명사,noun,診断,しんだん,진단,,,,診断 진단 しんだん,N2
명사,noun,侵入,しんにゅう,침입,,,,侵入 침입 しんにゅう,N2
명사,noun,審判,しんぱん,심판,,,,審判 심판 しんぱん,N2
명사,noun,人物,じんぶつ,인물,,,,人物 인물 じんぶつ,N2
명사,noun,人命,じんめい,"인명, 사람의 생명",,,,"人命 인명, 사람의 생명 じんめい",N2
명사,noun,信用,しんよう,신용,,,,信用 신용 しんよう,N2
명사,noun,信頼,しんらい,신뢰,,,,信頼 신뢰 しんらい,N2
명사,noun,森林,しんりん,삼림,,,,森林 삼림 しんりん,N2
명사,noun,人類,じんるい,인류,,,,人類 인류 じんるい,N2
명사,noun,図,ず,그림,,,,図 그림 ず,N2
명사,noun,吸い殻,すいがら,담배꽁초,,,,吸い殻 담배꽁초 すいがら,N2
명사,noun,水産,すいさん,수산,,,,水産 수산 すいさん,N2
명사,noun,水準,すいじゅん,수준,,,,水準 수준 すいじゅん,N2
명사,noun,水蒸気,すいじょうき,"수증기, 김",,,,"水蒸気 수증기, 김 すいじょうき",N2
명사,noun,推薦,すいせん,추천,,,,推薦 추천 すいせん,N2
명사,noun,垂直,すいちょく,수직,,,,垂直 2017 수칙 すいちょく,N2
명사,noun,推定,すいてい,"추정, 추측",,,,"推定 추정, 추측 すいてい",N2
명사,noun,水筒,すいとう,"물통, 수통",,,,"水筒 물통, 수통 すいとう",N2
명사,noun,水分,すいぶん,"수분, 물기",,,,"水分 수분, 물기 すいぶん",N2
명사,noun,水平,すいへい,수평,,,,水平 수평 すいへい,N2
명사,noun,水平線,すいへいせん,수평선,,,,水平線 수평선 すいへいせん,N2
명사,noun,水面,すいめん,수면,,,,水面 수면 すいめん,N2
명사,noun,数字,すうじ,숫자,,,,数字 숫자 すうじ,N2
명사,noun,末,すえ,"끝, 말",,,,"末 끝, 말 すえ",N2
명사,noun,姿,すがた,"모습, 자태",,,,"姿 모습, 자태 すがた",N2
명사,noun,図鑑,ずかん,도감,,,,図鑑 도감 ずかん,N2
명사,noun,隙間,すきま,틈새,,,,□隙間 틈새 すきま,N2
명사,noun,図形,ずけい,도형,,,,図形 도형 ずけい,N2
명사,noun,筋,すじ,① 근육 ② 줄기 ③ 줄거리,,,,筋 ① 근육 줄기 ③ 줄거리 すじ,N2
명사,noun,頭痛,ずつう,두통,,,,頭痛 2017 두통 ずつう,N2
명사,noun,頭脳,ずのう,두뇌,,,,頭脳 두뇌 ずのう,N2
명사,noun,図表,ずひょう,도표,,,,図表 도표 ずひょう,N2
명사,noun,炭,すみ,숯,,,,炭 숯 すみ,N2
명사,noun,寸法,すんぽう,"치수, 길이, 척도",,,,"寸法 치수, 길이, 척도 すんぼう",N2
명사,noun,世紀,せいき,세기,,,,世紀 세기 せいき,N2
명사,noun,請求,せいきゅう,청구,,,,請求 청구 せいきゅう,N2
명사,noun,制限,せいげん,제한,,,,制限 제한 せいげん,N2
명사,noun,製作,せいさく,제작,,,,製作 제작 せいさく,N2
명사,noun,精神,せいしん,정신,,,,精神 정신 せいしん,N2
명사,noun,整数,せいすう,정수(수학),,,,整数 정수(수학) せいすう,N2
명사,noun,製造,せいぞう,제조,,,,製造 2018 제조 せいぞう,N2
명사,noun,生存,せいぞん,생존,,,,生存 생존 せいぞん,N2
명사,noun,制度,せいど,제도,,,,制度 제도 せいど,N2
명사,noun,性能,せいのう,성능,,,,性能 성능 せいのう,N2
명사,noun,整備,せいび,정비,,,,整備 정비 せいび,N2
명사,noun,政府,せいふ,정부,,,,政府 정부 せいふ,N2
명사,noun,生物,せいぶつ,생물,,,,生物 생물 せいぶつ,N2
명사,noun,成分,せいぶん,성분,,,,成分 성분 せいぶん,N2
명사,noun,性別,せいべつ,성별,,,,性別 성별 せいべつ,N2
명사,noun,正方形,せいほうけい,"정방형, 정사각형",,,,"正方形 정방형, 정사각형 せいほうけい",N2
명사,noun,生命,せいめい,생명,,,,生命 생명 せいめい,N2
명사,noun,成立,せいりつ,성립,,,,成立 성립 せいりつ,N2
명사,noun,西暦,せいれき,서기,,,,西暦 서기 せいれき,N2
명사,noun,石炭,せきたん,석탄,,,,石炭 석탄 せきたん,N2
명사,noun,世間,せけん,세상,,,,世間 2011 세상 せけん,N2
명사,noun,接近,せっきん,접근,,,,接近 접근 せっきん,N2
명사,noun,設計,せっけい,설계,,,,設計 설계 せっけい,N2
명사,noun,絶好調,ぜっこうちょう,"절정, 최상의 상태",,,,"絶好調 절정, 최상의 상태 ぜっこうちょう",N2
명사,noun,接続,せつぞく,접속,,,,接続 2014 접속 せつぞく,N2
명사,noun,接待,せったい,접대,,,,接待 접대 せったい,N2
명사,noun,説得,せっとく,설득,,,,説得 설득 せっとく,N2
명사,noun,設備,せつび,설비,,,,設備 설비 せつび,N2
명사,noun,台詞,せりふ,대사,,,,台詞 대사 せりふ,N2
명사,noun,栓,せん,"마개, 병마개, (수도) 꼭지",,,,"栓 마개, 병마개, (수도) 꼭지 せん",N2
명사,noun,前期,ぜんき,전기,,,,前期 전기 ぜんき,N2
명사,noun,戦後,せんご,"전후, 전쟁 후",,,,"戦後 전후, 전쟁 후 せんご",N2
명사,noun,前後,ぜんご,"전후, 앞뒤",,,,"前後 전후, 앞뒤 ぜんご",N2
명사,noun,前者,ぜんしゃ,"전자, 앞의 것",,,,"前者 전자, 앞의 것 ぜんしゃ",N2
명사,noun,前進,ぜんしん,전진,,,,前進 전진 ぜんしん,N2
명사,noun,先祖,せんぞ,선조,,,,先祖 선조 せんぞ,N2
명사,noun,先端,せんたん,첨단,,,,先端 첨단 せんたん,N2
명사,noun,選定,せんてい,선정,,,,選定 선정 せんてい,N2
명사,noun,先頭,せんとう,선두,,,,先頭 선두 せんとう,N2
명사,noun,専念,せんねん,전념,,,,専念 2012 전념 せんねん,N2
명사,noun,全般,ぜんぱん,"전반, 전체",,,,"全般 전반, 전체 ぜんぱん",N2
명사,noun,全力,ぜんりょく,전력,,,,全力 전력 ぜんりょく,N2
명사,noun,象,そう,코끼리,,,,象 코끼리 そう,N2
명사,noun,相違,そうい,"상이, 차이, 다름",,,,"相違 2015 상이, 차이, 다름 そうい",N2
명사,noun,増加,ぞうか,증가,,,,增加 증가 そうか,N2
명사,noun,増減,ぞうげん,증감,,,,增減 증감 そうげん,N2
명사,noun,倉庫,そうこ,창고,,,,倉庫 창고 そうこ,N2
명사,noun,相互,そうご,상호,,,,相互2010 상호 そうご,N2
명사,noun,操作,そうさ,조작,,,,操作 조작 そうさ,N2
명사,noun,捜査,そうさ,수사,,,,捜査 수사 そうさ,N2
명사,noun,創作,そうさく,창작,,,,創作 창작 そうさく,N2
명사,noun,葬式,そうしき,장례식,,,,葬式 장례식 そうしき,N2
명사,noun,造船,ぞうせん,"조선, 배를 만듦",,,,"造船 조선, 배를 만들 ぞうせん",N2
명사,noun,増大,ぞうだい,증대,,,,増大 증대 ぞうだい,N2
명사,noun,装置,そうち,장치,,,,装置 2012 장치 そうち,N2
명사,noun,想定,そうてい,"상정, 가정, 전제",,,,"想定 상정, 가정, 전제 そうてい",N2
명사,noun,続出,ぞくしゅつ,속출,,,,続出 2018 속출 ぞくしゅつ,N2
명사,noun,速力,そくりょく,속력,,,,速力 속력 そくりょく,N2
명사,noun,組織,そしき,조직,,,,組織 2012 조직 そしき,N2
명사,noun,素質,そしつ,소질,,,,素質 소질 そしつ,N2
명사,noun,祖先,そせん,"선조, 조상",,,,"祖先 선조, 조상 そせん",N2
명사,noun,その後,そのご,그후,,,,その後 그후 そのご,N2
명사,noun,そのほか,,"그 외, 기타",,,,"そのほか 그 외, 기타",N2
명사,noun,そのまま,,그대로,,,,そのまま 그대로,N2
명사,noun,そのもの,,그 자체,,,,そのもの 그 자체,N2
명사,noun,算盤,そろばん,"주판, 계산, 셈",,,,"算盤 주판, 계산, 셈 そろばん",N2
명사,noun,損,そん,"손해, 손실",,,,"損2019 손해, 손실 そん",N2
명사,noun,損害,そんがい,"손해, 손실",,,,"損害 2015 손해, 손실 そんがい",N2
명사,noun,尊敬,そんけい,존경,,,,尊敬 존경 そんけい,N2
명사,noun,存在,そんざい,존재,,,,存在 존재 そんざい,N2
명사,noun,尊重,そんちょう,존중,,,,尊重 존중 そんちょう,N2
명사,noun,損得,そんとく,"손익, 손실과 이득",,,,"損得 손익, 손실과 이득 そんとく",N2
명사,noun,第一印象,だいいちいんしょう,첫인상,,,,第一印象 첫인상 だいいちいんしょう,N2
명사,noun,体格,たいかく,체격,,,,体格 2014 체격 たいかく,N2
명사,noun,大学院,だいがくいん,대학원,,,,大学院 대학원 だいがくいん,N2
명사,noun,体感,たいかん,체감,,,,体感 체감 たいかん,N2
명사,noun,大気,たいき,대기,,,,大気 대기 たいき,N2
명사,noun,大工,だいく,"목수, 목공",,,,"大工 목수, 목공 だいく",N2
명사,noun,体系,たいけい,체계,,,,体系 체계 たいけい,N2
명사,noun,太鼓,たいこ,북,,,,太鼓 북 たいこ,N2
명사,noun,滞在,たいざい,"체재, 체류",,,,"滞在 2017 체재, 체류 たいざい",N2
명사,noun,対象,たいしょう,"대상, 상대",,,,"対象 대상, 상대 たいしょう",N2
명사,noun,対照,たいしょう,"대조, 대비",,,,"対照 대조, 대비 たいしょう",N2
명사,noun,大小,だいしょう,대소,,,,大小 대소 だいしょう,N2
명사,noun,大臣,だいしん,"대신, 장관",,,,"大臣 대신, 장관 だいしん",N2
명사,noun,体制,たいせい,체제,,,,体制 체제 たいせい,N2
명사,noun,体積,たいせき,"체적, 부피",,,,"体積 체적, 부피 たいせき",N2
명사,noun,大戦,たいせん,"대전, 큰 전쟁",,,,"大戦 대전, 큰 전쟁 たいせん",N2
명사,noun,対戦,たいせん,"대전, 대항전",,,,"対戦 대전, 대항전 たいせん",N2
명사,noun,体操,たいそう,체조,,,,体操 체조 たいそう,N2
명사,noun,大半,たいはん,"태반, 대부분",,,,"大半 태반, 대부분 たいはん",N2
명사,noun,対比,たいひ,"대비, 대조",,,,"対比 대비, 대조 たいひ",N2
명사,noun,大部分,だいぶぶん,"대부분, 거의",,,,"大部分 대부분, 거의 だいぶぶん",N2
명사,noun,大木,たいぼく,"거목, 커다란 나무",,,,"大木 거목, 커다란 나무 たいぼく",N2
명사,noun,代名詞,だいめいし,대명사,,,,代名詞 대명사 だいめいし,N2
명사,noun,体毛,たいもう,"체모, 몸의 털",,,,"体毛 체모, 몸의 털 たいもう",N2
명사,noun,太陽,たいよう,태양,,,,太陽 태양 たいよう,N2
명사,noun,大陸,たいりく,대륙,,,,大陸 대륙 たいりく,N2
명사,noun,対立,たいりつ,대립,,,,対立 대립 たいりつ,N2
명사,noun,田植え,たうえ,모내기,,,,田植え 모내기 たうえ,N2
명사,noun,楕円,だえん,타원,,,,楕円 타원 だえん,N2
명사,noun,滝,たき,폭포,,,,滝 목포 たき,N2
명사,noun,立場,たちば,입장,,,,立場 입장 たちば,N2
명사,noun,脱線,だっせん,탈선,,,,脱線 탈선 だっせん,N2
명사,noun,谷,たに,계곡,,,,谷 계곡 たに,N2
명사,noun,束,たば,"다발, 묶음",,,,"束 다발, 묶음 たば",N2
명사,noun,田畑,たはた,"전답, 논밭",,,,"田畑 전답, 논밭 たはた",N2
명사,noun,便り,たより,"소식, 편지",,,,"便り 소식, 편지 たより",N2
명사,noun,単位,たんい,"단위, 학점",,,,"単位 단위, 학점 たんい",N2
명사,noun,段階,だんかい,단계,,,,段階 단계 だんかい,N2
명사,noun,短所,たんしょ,단점,,,,短所 단점 たんしょ,N2
명사,noun,男女,だんじょ,남녀,,,,男女 남녀 だんじょ,N2
명사,noun,淡水,たんすい,"담수, 민물",,,,"淡水 담수, 민물 たんすい",N2
명사,noun,団地,だんち,단지,,,,団地 단지 だんち,N2
명사,noun,断定,だんてい,단정,,,,断定 단정 だんてい,N2
명사,noun,担任,たんにん,담임,,,,担任 담임 たんにん,N2
명사,noun,短編,たんぺん,단편,,,,短編 단편 たんべん,N2
명사,noun,田んぼ,たんぼ,논,,,,田んぼ 논 たんぽ,N2
명사,noun,地位,ちい,지위,,,,地位 지위 ちい,N2
명사,noun,地域,ちいき,지역,,,,地域 지역 ちいき,N2
명사,noun,知恵,ちえ,지혜,,,,知恵 지혜 ちえ,N2
명사,noun,近頃,ちかごろ,"최근, 요즘",,,,"近頃 최근, 요즘 ちかごろ",N2
명사,noun,地区,ちく,"지구, 지역",,,,"地区 구, 지역 ちく",N2
명사,noun,知事,ちじ,지사(행정 직위),,,,知事 지사(행정 직위) ちじ,N2
명사,noun,知識,ちしき,지식,,,,知識 지식 ちしき,N2
명사,noun,地帯,ちたい,지대,,,,地帯 지대 ちたい,N2
명사,noun,地点,ちてん,지점,,,,地点 지점 ちてん,N2
명사,noun,知能,ちのう,지능,,,,知能 지능 ちのう,N2
명사,noun,地平線,ちへいせん,지평선,,,,地平線 지평선 ちへいせん,N2
명사,noun,中継,ちゅうけい,중계,,,,中継 2013 중계 ちゅうけい,N2
명사,noun,駐車,ちゅうしゃ,주차,,,,駐車 주차 ちゅうしゃ,N2
명사,noun,中断,ちゅうだん,중단,,,,中断 2015 중단 ちゅうだん,N2
명사,noun,中立,ちゅうりつ,중립,,,,中立 중립 ちゅうりつ,N2
명사,noun,長官,ちょうかん,장관(행적 직위),,,,長官 장관(행적 직위) ちょうかん,N2
명사,noun,朝刊,ちょうかん,"조간, 조간신문",,,,"朝刊 조간, 조간신문 ちょうかん",N2
명사,noun,長期,ちょうき,장기,,,,長期 장기 ちょうき,N2
명사,noun,彫刻,ちょうこく,조각,,,,彫刻 조각 ちょうこく,N2
명사,noun,長時間,ちょうじかん,장시간,,,,長時間 장시간 ちょうじかん,N2
명사,noun,頂上,ちょうじょう,"정상, 꼭대기",,,,"頂上 2017 정상, 꼭대기 ちょうじょう",N2
명사,noun,調節,ちょうせつ,조절,,,,調節 2011 조철 ちょうせつ,N2
명사,noun,頂点,ちょうてん,"정점, 정상, 꼭대기",,,,"頂点 정점, 정상 꼭대기 ちょうてん",N2
명사,noun,長方形,ちょうほうけい,"장방형, 직사각형",,,,"長方形 장방형, 직사각형 ちょうほうけい",N2
명사,noun,調理,ちょうり,조리,,,,調理 조리 ちょうり,N2
명사,noun,著者,ちょしゃ,저자,,,,著者 저자 ちょしゃ,N2
명사,noun,著書,ちょしょ,저서,,,,著書 저서 ちょしょ,N2
명사,noun,貯蔵,ちょぞう,저장,,,,貯蔵 저장 ちょぞう,N2
명사,noun,直角,ちょっかく,직각,,,,直角 직각 ちょっかく,N2
명사,noun,直径,ちょっけい,"직경, 지름",,,,"直径 직경, 지름 ちょっけい",N2
명사,noun,治療,ちりょう,치료,,,,治療 2010 치료 ちりょう,N2
명사,noun,追加,ついか,추가,,,,追加 2012 추가 ついか,N2
명사,noun,通貨,つうか,"통화, 통용화",,,,"通貨 통화, 통용화 つうか",N2
명사,noun,通学,つうがく,통학,,,,通学 통학 つうがく,N2
명사,noun,通達,つうたつ,"통첩, 통지(행정 용어)",,,,"通達 통첩, 통지(행정 용어) つうたつ",N2
명사,noun,通用,つうよう,통용,,,,通用 통용 つうよう,N2
명사,noun,通路,つうろ,통로,,,,通路 통로 つうろ,N2
명사,noun,使い捨て,つかいすて,"일회용, 쓰고 버림",,,,"使い捨て 일회용, 쓰고 버림 つかいすて",N2
명사,noun,疲れ,つかれ,피로,,,,疲れ 피로 つかれ,N2
명사,noun,突き当たり,つきあたり,막다른 곳,,,,突き当たり 막다른 곳 つきあたり,N2
명사,noun,唾,つば,"침, 타액",,,,"唾 침, 타액 つば",N2
명사,noun,粒,つぶ,"알갱이, 낱알",,,,"粒 알갱이, 낱알 つぶ",N2
명사,noun,罪,つみ,죄,,,,罪 죄 つみ,N2
명사,noun,積み重ね,つみかさね,"축적, 쌓아 올림",,,,"積み重ね 축적, 쌓아 올림 つみかさね",N2
명사,noun,つや,,"윤기, 광택",,,,"つや 윤기, 광택",N2
명사,noun,強み,つよみ,강점,,,,強み 2011 강점 つよみ,N2
명사,noun,釣り,つり,낚시,,,,釣り 낚시 つり,N2
명사,noun,連れ,つれ,동반,,,,連れ 동반 つれ,N2
명사,noun,定価,ていか,정가,,,,定価 정가 ていか,N2
명사,noun,定休日,ていきゅうび,정기휴일,,,,定休日 정기휴일 ていきゅうび,N2
명사,noun,抵抗,ていこう,저항,,,,抵抗 2012 저항 ていこう,N2
명사,noun,停止,ていし,정지,,,,停止 정지 ていし,N2
명사,noun,訂正,ていせい,정정,,,,訂正 2014 정정 ていせい,N2
명사,noun,程度,ていど,"정도, 수준, 가량",,,,"程度 정도, 수준, 가량 ていど",N2
명사,noun,停留所,ていりゅうじょ,정류소,,,,停留所 정류소 ていりゅうじょ,N2
명사,noun,手入れ,ていれ,"손질, 단속",,,,"手入れ 손질, 단속 ていれ",N2
명사,noun,手書き,てがき,"자필, 손으로 씀",,,,"手書き 자필, 손으로 씀 てがき",N2
명사,noun,敵,てき,적,,,,敵 적 てき,N2
명사,noun,適用,てきよう,적용,,,,適用 적용 てきよう,N2
명사,noun,弟子,でし,제자,,,,弟子 제자 でし,N2
명사,noun,手帳,てちょう,수첩,,,,手帳 수첩 てちょう,N2
명사,noun,鉄,てつ,철(금속),,,,鉄 철(금속) てつ,N2
명사,noun,哲学,てつがく,철학,,,,哲学 철학 てつがく,N2
명사,noun,鉄橋,てっきょう,철교,,,,鉄橋 철교 てっきょう,N2
명사,noun,手作り,てづくり,"손수 만듦, 수제",,,,"手作り 손수 만듦, 수제 てづくり",N2
명사,noun,手続き,てつづき,수속,,,,手続き 수속 てつづき,N2
명사,noun,徹底,てってい,철저,,,,徹底 철저 てってい,N2
명사,noun,鉄砲,てっぽう,총,,,,鉄砲 총 てっぽう,N2
명사,noun,徹夜,てつや,"철야, 밤 새움",,,,"徹夜 철야, 밤 새움 てつや",N2
명사,noun,手間,てま,"수고, 시간, 노력",,,,"手間 수고, 시간, 노력 てま",N2
명사,noun,出迎え,でむかえ,마중,,,,出迎え 마중 でむかえ,N2
명사,noun,添加,てんか,첨가,,,,添加 첨가 てんか,N2
명사,noun,展開,てんかい,전개,,,,展開 전개 てんかい,N2
명사,noun,伝記,でんき,전기(기록),,,,伝記 전기(기록) でんき,N2
명사,noun,典型,てんけい,전형,,,,典型 전형 てんけい,N2
명사,noun,天候,てんこう,"기후, 날씨",,,,"天候 기후, 날씨 てんこう",N2
명사,noun,電子,でんし,전자,,,,電子 전자 でんし,N2
명사,noun,天井,てんじょう,"천정, 천장",,,,"天井 천정, 천장 てんじょう",N2
명사,noun,天職,てんしょく,천직,,,,天職 천직 てんしょく,N2
명사,noun,点数,てんすう,점수,,,,点数 점수 てんすう,N2
명사,noun,電卓,でんたく,전자 계산기,,,,電卓 전자 계산기 でんたく,N2
명사,noun,電池,でんち,전지,,,,電池 전지 でんち,N2
명사,noun,店長,てんちょう,점장,,,,店長 점장 てんちょう,N2
명사,noun,伝統,でんとう,전통,,,,伝統 2010 전통 でんとう,N2
명사,noun,店内,てんない,점내,,,,店内 점내 てんない,N2
명사,noun,天然,てんねん,천연,,,,天然 천연 てんねん,N2
명사,noun,電波,でんぱ,전파,,,,電波 전파 でんぱ,N2
명사,noun,添付,てんぷ,첨부,,,,添付 첨부 てんぶ,N2
명사,noun,電流,でんりゅう,전류,,,,電流 전류 でんりゅう,N2
명사,noun,電力,でんりょく,전력,,,,電力 전력 でんりょく,N2
명사,noun,統一,とういつ,통일,,,,統一 통일 とういつ,N2
명사,noun,同格,どうかく,"동격, 같은 자격",,,,"同格 동격, 같은 자격 どうかく",N2
명사,noun,峠,とうげ,"고개, 고비",,,,"峠 고개, 고비 とうげ",N2
명사,noun,動作,どうさ,동작,,,,動作 동작 どうさ,N2
명사,noun,東西,とうざい,"동서, 동쪽과 서쪽",,,,"東西 동서, 동쪽과 서쪽 とうざい",N2
명사,noun,当時,とうじ,당시,,,,当時 당시 とうじ,N2
명사,noun,同時,どうじ,동시,,,,同時 동시 どうじ,N2
명사,noun,投書,とうしょ,"투서, 투고",,,,"投書 투서, 투고 とうしょ",N2
명사,noun,道徳,どうとく,도덕,,,,道徳 도덕 どうとく,N2
명사,noun,盗難,とうなん,도난,,,,盗難 도난 とうなん,N2
명사,noun,導入,どうにゅう,도입,,,,導入 2014 도입 どうにゅう,N2
명사,noun,当番,とうばん,당번,,,,当番 담번 とうばん,N2
명사,noun,投票,とうひょう,투표,,,,投票 투표 とうひょう,N2
명사,noun,逃亡,とうぼう,도망,,,,逃亡 2013 도망 とうぼう,N2
명사,noun,童謡,どうよう,동요,,,,童謡 동요 どうよう,N2
명사,noun,同僚,どうりょう,동료,,,,同僚 동료 どうりょう,N2
명사,noun,登録,とうろく,등록,,,,登録 2011 등록 とうろく,N2
명사,noun,討論,とうろん,토론,,,,討論 2017 토론 とうろん,N2
명사,noun,童話,どうわ,동화,,,,童話 동화 どうわ,N2
명사,noun,特性,とくせい,특성,,,,特性 특성 とくせい,N2
명사,noun,特徴,とくちょう,특징,,,,特徴 특징 とくちょう,N2
명사,noun,特定,とくてい,특정,,,,特定 특정 とくてい,N2
명사,noun,図書,としょ,도서,,,,図書 도서 としょ,N2
명사,noun,都心,としん,도심,,,,都心 도심 としん,N2
명사,noun,戸棚,とだな,찬장,,,,戸棚 찬장 とだな,N2
명사,noun,とたん,,"(바로 그) 순간, 갑자기",,,,"とたん (바로 그) 순간, 갑자기",N2
명사,noun,隣,となり,"이웃, 옆",,,,"隣 2019 , 옆 となり",N2
명사,noun,虎,とら,호랑이,,,,1虎 호랑이 とら,N2
명사,noun,丼,どんぶり,①사발 ②덮밥,,,,丼 ①사발② 덮밥 どんぶり,N2
명사,noun,長生き,ながいき,장수,,,,長生き 장수 ながいき,N2
명사,noun,仲直り,なかなおり,화해,,,,仲直り 화해 なかなおり,N2
명사,noun,長年,ながねん,오랜 세월,,,,長年 오랜 세월 ながねん,N2
명사,noun,半ば,なかば,"절반, 중간",,,,"半ば 절반, 중간 なかば",N2
명사,noun,仲間,なかま,동료,,,,仲間 동료 なかま,N2
명사,noun,中身,なかみ,"속, 내용, 알맹이",,,,"中身 속, 내용, 알맹이 なかみ",N2
명사,noun,眺め,ながめ,"전망, 조망, 경치",,,,"眺め 전망, 조망, 경치 ながめ",N2
명사,noun,無し,なし,없음,,,,無し 없음 なし,N2
명사,noun,謎,なぞ,수수께끼,,,,謎 수수께끼 なぞ,N2
명사,noun,納豆,なっとう,낫토(콩 발효 식품),,,,納豆 낫토(콩 발효 식품) なっとう,N2
명사,noun,納得,なっとく,납득,,,,納得 납득 なっとく,N2
명사,noun,鍋,なべ,냄비,,,,鍋 냄비 なべ,N2
명사,noun,縄,なわ,"새끼줄, 밧줄",,,,"縄 새끼줄, 밧줄 なわ",N2
명사,noun,南極,なんきょく,남극,,,,南極 남극 なんきょく,N2
명사,noun,南米,なんべい,남미,,,,南米 남미 なんべい,N2
명사,noun,荷,に,"짐, 부담",,,,"荷2012 짐, 부담 に",N2
명사,noun,肉類,にくるい,육류,,,,肉類 육류 にくるい,N2
명사,noun,虹,にじ,무지개,,,,虹 무지개 にじ,N2
명사,noun,日課,にっか,일과,,,,日課 2018 일과 にっか,N2
명사,noun,日光,にっこう,"일광, 햇빛",,,,"日光 일광, 햇빛 にっこう",N2
명사,noun,入荷,にゅうか,"입하, 들어옴",,,,"入荷 입하, 들어옴 にゅうか",N2
명사,noun,布,ぬの,"천, 헝겊",,,,"布 천, 헝겊 ぬの",N2
명사,noun,ねじ,,"나사, 태엽",,,,"ねじ 나사, 태엽",N2
명사,noun,熱帯,ねったい,열대,,,,熱帯 열대 ねったい,N2
명사,noun,値引き,ねびき,"가격 인하, 값을 깎아줌, 할인",,,,"値引き 가격 인하, 값을 깎아줌, 할인 ねびき",N2
명사,noun,寝巻き,ねまき,잠옷,,,,寝巻き 잠옷 ねまき,N2
명사,noun,眠り,ねむり,"잠, 수면",,,,"眠り 잠, 수면 ねむり",N2
명사,noun,狙い,ねらい,"표적, 목적",,,,"狙い 표적, 목적 ねらい",N2
명사,noun,年代,ねんだい,연대,,,,年代 연대 ねんだい,N2
명사,noun,年度,ねんど,연도,,,,年度 연도 ねんど,N2
명사,noun,年齢,ねんれい,연령,,,,年齢 연령 ねんれい,N2
명사,noun,農家,のうか,농가,,,,農家 농가 のうか,N2
명사,noun,農業,のうぎょう,농업,,,,農業 2016 농업 のうぎょう,N2
명사,noun,農産物,のうさんぶつ,농산물,,,,農産物 농산물 のうさんぶっ,N2
명사,noun,納税,のうぜい,납세,,,,納税 납세 のうぜい,N2
명사,noun,濃度,のうど,농도,,,,濃度 농도 のうど,N2
명사,noun,納付,のうふ,납부,,,,納付 납부 のうふ,N2
명사,noun,農薬,のうやく,농약,,,,農薬 농약 のうやく,N2
명사,noun,能率,のうりつ,능률,,,,能率 능률 のうりつ,N2
명사,noun,軒,のき,처마,,,,軒 처마 のき,N2
명사,noun,望み,のぞみ,"바램, 소망",,,,"望み 바램, 소망 のぞみ",N2
명사,noun,後,のち,"후, 다음, 나중",,,,"後 후, 다음, 나중 のち",N2
명사,noun,糊,のり,풀(접착제),,,,糊 물(접착제) のり,N2
명사,noun,場,ば,"곳, 장소",,,,場 곳. 장소 ば,N2
명사,noun,背景,はいけい,배경,,,,背景 2010 배경 はいけい,N2
명사,noun,廃止,はいし,폐지,,,,廃止2019 폐지 はいし,N2
명사,noun,配分,はいぶん,배분,,,,配分 배분 はいぶん,N2
명사,noun,売買,ばいばい,매매,,,,売買 매매 ばいばい,N2
명사,noun,俳優,はいゆう,배우,,,,俳優 배우 はいゆう,N2
명사,noun,墓,はか,무덤,,,,墓 무덤 はか,N2
명사,noun,馬鹿,ばか,바보,,,,馬鹿 바보 ばか,N2
명사,noun,博士,はかせ,박사,,,,博士 박사 はかせ,N2
명사,noun,墓参り,はかまいり,성묘,,,,墓参り 성묘 はかまいり,N2
명사,noun,秤,はかり,저울,,,,秤 저울 はかり,N2
명사,noun,吐気,はきけ,"구역질, 메스꺼움",,,,"吐気 구역질, 메스꺼움 はきけ",N2
명사,noun,爆発,ばくはつ,폭발,,,,爆発 폭발 ばくはつ,N2
명사,noun,歯車,はぐるま,톱니바퀴,,,,歯車 톱니바퀴 はぐるま,N2
명사,noun,はさみ,,가위,,,,はさみ 2019 가위,N2
명사,noun,破産,はさん,파산,,,,破産 파산 はさん,N2
명사,noun,端,はし,"끝, 가장자리",,,,"端 끝, 가장자리 はし",N2
명사,noun,梯子,はしご,사다리,,,,梯子 사다리 はしご,N2
명사,noun,初め,はじめ,"처음, 시작",,,,"初め 처음, 시작 はじめ",N2
명사,noun,旗,はた,"기, 깃발",,,,"旗 기, 깃발 はた",N2
명사,noun,肌,はだ,피부,,,,肌 피부 はだ,N2
명사,noun,裸,はだか,알몸,,,,裸 알몸 はだか,N2
명사,noun,肌着,はだぎ,"속옷, 내의",,,,"肌着 속옷, 내의 はだぎ",N2
명사,noun,鉢,はち,"주발, 대접",,,,"鉢 주발, 대접 はち",N2
명사,noun,発揮,はっき,발휘,,,,発揮 2018 발휘 はっき,N2
명사,noun,発掘,はっくつ,발굴,,,,発掘 발굴 はっくつ,N2
명사,noun,発行,はっこう,발행,,,,発行 발행 はっこう,N2
명사,noun,発射,はっしゃ,발사,,,,発射 발사 はっしゃ,N2
명사,noun,花嫁,はなよめ,"신부, 새색시",,,,"花嫁 신부, 새색시 はなよめ",N2
명사,noun,ばね,,"용수철, 탄력",,,,"ばね 용수철, 탄력",N2
명사,noun,破片,はへん,파편,,,,破片 2010 파편 はへん,N2
명사,noun,早起き,はやおき,"일찍 일어남, 조기",,,,"早起き 일찍 일어남, 조기 はやおき",N2
명사,noun,針金,はりがね,철사,,,,針金 철사 はりがね,N2
명사,noun,春先,はるさき,"초봄, 이른 봄",,,,"春先 초봄, 이른 봄 はるさき",N2
명사,noun,反映,はんえい,반영,,,,反映 2011 반영 はんえい,N2
명사,noun,半径,はんけい,"반경, 반지름",,,,"半径 반경, 반지름 はんけい",N2
명사,noun,判子,はんこ,"도장, 인감",,,,"判子 도장, 인감 はんこ",N2
명사,noun,反抗,はんこう,반항,,,,反抗 반항 はんこう,N2
명사,noun,犯罪,はんざい,범죄,,,,犯罪 범죄 はんざい,N2
명사,noun,万歳,ばんざい,만세,,,,万歳 만세 ばんざい,N2
명사,noun,判事,はんじ,판사,,,,判事 판사 はんじ,N2
명사,noun,半数,はんすう,반수,,,,半数 반수 はんすう,N2
명사,noun,半そで,はんそで,반 소매,,,,半そで 반 소매 はんそで,N2
명사,noun,判断,はんだん,판단,,,,判断 판단 はんだん,N2
명사,noun,反応,はんのう,반응,,,,反応 반응 はんのう,N2
명사,noun,反面,はんめん,반면,,,,反面 반면 はんめん,N2
명사,noun,反論,はんろん,반론,,,,反論 반론 はんろん,N2
명사,noun,比較,ひかく,비교,,,,比較2017 비교 ひかく,N2
명사,noun,日陰,ひかげ,"그늘, 응달, 음지",,,,"日陰 그늘, 응달, 음지 ひかげ",N2
명사,noun,引き分け,ひきわけ,"갈라 놓음, 무승부",,,,"引き分け 갈라 놓음, 무승부 ひきわけ",N2
명사,noun,悲劇,ひげき,비극,,,,悲劇 비극 ひげき,N2
명사,noun,膝,ひざ,무릎,,,,膝 무릎 ひざ,N2
명사,noun,日差し,ひざし,"햇살, 햇볕",,,,"日差し 햇살, 햇볕 ひざし",N2
명사,noun,肘,ひじ,팔꿈치,,,,肘 팔꿈치 ひじ,N2
명사,noun,非常,ひじょう,비상,,,,非常 비상 ひじょう,N2
명사,noun,額,ひたい,이마,,,,計額 이마 ひたい,N2
명사,noun,筆者,ひっしゃ,필자,,,,筆者 필자 ひっしゃ,N2
명사,noun,必需品,ひつじゅひん,필수품,,,,必需品 필수품 ひつじゅひん,N2
명사,noun,否定,ひてい,부정,,,,否定 부정 ひてい,N2
명사,noun,一言,ひとこと,한마디,,,,一言 한마디 ひとこと,N2
명사,noun,人込み,ひとごみ,인파,,,,人込み 인파 ひとごみ,N2
명사,noun,人手,ひとで,"일손, 노동력",,,,"人手 2015 일손, 노동력 ひとで",N2
명사,noun,人通り,ひとどおり,"왕래, 통행",,,,"人通り 왕래, 통행 ひとどおり",N2
명사,noun,一眠り,ひとねむり,"한숨 잠, 잠깐 잠",,,,"一眠り 한숨 잠, 잠깐 잠 ひとねむり",N2
명사,noun,瞳,ひとみ,눈동자,,,,瞳 눈동자 ひとみ,N2
명사,noun,一人暮らし,ひとりぐらし,"혼자서 삶, 독신 생활",,,,"一人暮らし 혼자서 삶, 독신 생활 ひとりぐらし",N2
명사,noun,独り言,ひとりごと,혼잣말,,,,独り言 혼잣말 ひとりごと,N2
명사,noun,非難,ひなん,비난,,,,非難 비난 ひなん,N2
명사,noun,皮肉,ひにく,"비아냥, 비꼼",,,,"皮肉 비아냥, 비꼼 ひにく",N2
명사,noun,日にち,ひにち,날짜,,,,日にち 날짜 ひにち,N2
명사,noun,日の出,ひので,"일출, 해돋이",,,,"日の出 일출, 해돋이 ひので",N2
명사,noun,批判,ひはん,비판,,,,批判 2014 비판 ひはん,N2
명사,noun,日々,ひび,"나날, 매일",,,,"日々 나날, 매일 ひび",N2
명사,noun,批評,ひひょう,비평,,,,批評 2016 비평 ひひょう,N2
명사,noun,皮膚,ひふ,피부,,,,皮膚 피부 ひふ,N2
명사,noun,秘密,ひみつ,비밀,,,,秘密 비밀 ひみつ,N2
명사,noun,評価,ひょうか,평가,,,,評価 평가 ひょうか,N2
명사,noun,標識,ひょうしき,"표지, 표식",,,,"標識 표지, 표식 ひょうしき",N2
명사,noun,標準,ひょうじゅん,표준,,,,標準 표준 ひょうじゅん,N2
명사,noun,評判,ひょうばん,평판,,,,評判 2010 평판 ひょうばん,N2
명사,noun,標本,ひょうほん,"표본, 본보기",,,,"標本 표본, 본보기 ひょうほん",N2
명사,noun,評論,ひょうろん,평론,,,,評論 평론 ひょうろん,N2
명사,noun,比例,ひれい,비례,,,,比例 2013 비례 ひれい,N2
명사,noun,疲労,ひろう,피로,,,,疲労 피로 ひろう,N2
명사,noun,広場,ひろば,광장,,,,広場 광장 ひろば,N2
명사,noun,瓶,びん,병,,,,瓶 병 びん,N2
명사,noun,貧困,ひんこん,빈곤,,,,貧困 빈곤 ひんこん,N2
명사,noun,無愛想,ぶあいそう,"무뚝뚝함, 상냥치 못함",,,,"無愛想 무뚝뚝함, 상냥치 못함 ぶあいそう",N2
명사,noun,部員,ぶいん,"부원, 멤버",,,,"部員 부원, 엠버 ぶいん",N2
명사,noun,風船,ふうせん,풍선,,,,風船 풍선 ふうせん,N2
명사,noun,笛,ふえ,피리,,,,口笛 피리 ふえ,N2
명사,noun,不可,ふか,① 옳지 않음 ② 불가능함,,,,不可 ① 옳지 않음 ② 불가능함 ふか,N2
명사,noun,部活,ぶかつ,"동아리 활동, 클럽 활동",,,,"部活 동아리 활동, 클럽 활동 ぶかつ",N2
명사,noun,武器,ぶき,무기,,,,武器 무기 ぶき,N2
명사,noun,普及,ふきゅう,보급,,,,普及2016 보급 ふきゅう,N2
명사,noun,付近,ふきん,부근,,,,付近 부근 ふきん,N2
명사,noun,福祉,ふくし,복지,,,,福祉 2017 복지 ふくし,N2
명사,noun,複写,ふくしゃ,복사,,,,複写 복사 ふくしゃ,N2
명사,noun,服従,ふくじゅう,복종,,,,服従 복종 ふくじゅう,N2
명사,noun,服装,ふくそう,"복장, 옷차림",,,,"服装 복장, 옷차림 ふくそう",N2
명사,noun,袋,ふくろ,"봉지, 자루",,,,"口袋 봉지, 자루 ふくろ",N2
명사,noun,符号,ふごう,"부호, 기호",,,,"符号 부호, 기호 ふごう",N2
명사,noun,無沙汰,ぶさた,"무소식, 격조",,,,"無沙汰 무소식, 격조 ぶさた",N2
명사,noun,節,ふし,"① 마디, 관절 ② 매듭, 고비",,,,"節 ① 마디, 관절② 매듭, 고비 ふし",N2
명사,noun,武士,ぶし,무사,,,,武士 무사 ぶし,N2
명사,noun,部署,ぶしょ,부서,,,,部署 부서 ぶしょ,N2
명사,noun,不祥事,ふしょうじ,불상사,,,,不祥事 불상사 ふしょうじ,N2
명사,noun,不正,ふせい,부정,,,,不正 부정 ふせい,N2
명사,noun,付属,ふぞく,부속,,,,付属 부속 ふぞく,N2
명사,noun,双子,ふたご,쌍둥이,,,,双子 쌍둥이 ふたご,N2
명사,noun,負担,ふたん,부담,,,,負担 2019 부담 ふたん,N2
명사,noun,不注意,ふちゅうい,부주의,,,,不注意 부주의 ふちゅうい,N2
명사,noun,物質,ぶっしつ,물질,,,,物質 물질 ぶっしつ,N2
명사,noun,船便,ふなびん,배편,,,,船便 배편 ふなびん,N2
명사,noun,吹雪,ふぶき,눈보라,,,,吹雪 눈보라 ふぶき,N2
명사,noun,不平,ふへい,"불평, 불만",,,,"不平 2017 불평, 불만 ふへい",N2
명사,noun,父母,ふぼ,부모,,,,父母 부모 ふぼ,N2
명사,noun,麓,ふもと,산기슭,,,,麓 2013 산기슭 ふもと,N2
명사,noun,不利益,ふりえき,불이익,,,,不利益 불이익 ふりえき,N2
명사,noun,ふるさと,,고향,,,,ふるさと 고향,N2
명사,noun,噴火,ふんか,분화,,,,噴火 분화 ふんか,N2
명사,noun,分解,ぶんかい,분해,,,,分解 2017 분해 ぶんかい,N2
명사,noun,噴水,ふんすい,분수,,,,噴水 분수 ふんすい,N2
명사,noun,文明,ぶんめい,문명,,,,文明 문명 ぶんめい,N2
명사,noun,分野,ぶんや,분야,,,,分野 분야 ぶんや,N2
명사,noun,塀,へい,"담, 담장",,,,"塀 담, 담장 へい",N2
명사,noun,閉会,へいかい,폐회,,,,閉会 폐회 へいかい,N2
명사,noun,兵隊,へいたい,"병대, 병사",,,,"兵隊 병대, 병사 へいたい",N2
명사,noun,平野,へいや,평야,,,,平野 평야 へいや,N2
명사,noun,別荘,べっそう,별장,,,,別荘 별장 べっそう,N2
명사,noun,北極,ほっきょく,북극,,,,北極 북극 ほっきょく,N2
명사,noun,炎,ほのお,"불꽃, 불길",,,,"炎 불꽃, 불길 ほのお",N2
명사,noun,ぼろ,,"넝마, 누더기",,,,ぼろ 넝마. 누더기,N2
명사,noun,本社,ほんしゃ,본사,,,,本社 본사 ほんしゃ,N2
명사,noun,本日,ほんじつ,오늘,,,,本日 오늘 ほんじつ,N2
명사,noun,本書,ほんしょ,"본서, 이 책",,,,"本書 본서, 이 책 ほんしょ",N2
명사,noun,盆地,ぼんち,분지,,,,盆地 분지 ぼんち,N2
명사,noun,本来,ほんらい,본래,,,,本来 본래 ほんらい,N2
명사,noun,本論,ほんろん,본론,,,,本論 본론 ほんろん,N2
명사,noun,毎回,まいかい,"매회, 매번",,,,"毎回 매회, 매번 まいかい",N2
명사,noun,間際,まぎわ,직전,,,,間際 2014 직전 まぎわ,N2
명사,noun,枕,まくら,베개,,,,枕 베개 まくら,N2
명사,noun,摩擦,まさつ,마찰,,,,摩擦 마찰 まさつ,N2
명사,noun,待合室,まちあいしつ,대합실,,,,待合室 대합실 まちあいしつ,N2
명사,noun,町中,まちなか,"시내, 번화가",,,,"町中 시내, 번화가 まちなか",N2
명사,noun,真っ先,まっさき,"맨 앞, 최초",,,,"真っ先 맨 앞, 최초 まっさき",N2
명사,noun,真夏,まなつ,한여름,,,,真夏 한여름 まなつ,N2
명사,noun,まぶた,,눈꺼풀,,,,まぶた 눈꺼풀,N2
명사,noun,真冬,まふゆ,한겨울,,,,真冬 한겨울 まふゆ,N2
명사,noun,万引き,まんびき,"물건 훔치기, 몰래 훔침",,,,"万引き 물건 훔치기, 몰래 훔침 まんびき",N2
명사,noun,実,み,"열매, 결실, 성과",,,,"実 열매, 결실, 성과 み",N2
명사,noun,見かけ,みかけ,"외관, 겉보기",,,,"見かけ 외관, 겉보기 みかけ",N2
명사,noun,見方,みかた,"견해, 생각",,,,"見方 견해, 생각 みかた",N2
명사,noun,三日月,みかづき,초승달,,,,三日月 초승달 みかづき,N2
명사,noun,味噌,みそ,된장,,,,味噌 된장 みそ,N2
명사,noun,味噌汁,みそしる,된장국,,,,味噌汁 된장국 みそしる,N2
명사,noun,身分,みぶん,"지위, 신분",,,,"身分 지위, 신분 みぶん",N2
명사,noun,見本,みほん,"견본, 본보기",,,,"見本 견본, 본보기 みほん",N2
명사,noun,未満,みまん,미만,,,,未満 미만 みまん,N2
명사,noun,身元,みもと,신원,,,,身元 신원 みもと,N2
명사,noun,都,みやこ,"도시, 수도",,,,"都 도시, 수도 みやこ",N2
명사,noun,名字,みょうじ,"성, 성씨",,,,"名字 성, 성씨 みょうじ",N2
명사,noun,魅力,みりょく,매력,,,,魅力 매력 みりょく,N2
명사,noun,民謡,みんよう,민요,,,,民謡 민요 みんよう,N2
명사,noun,無限,むげん,무한,,,,無限 무한 むげん,N2
명사,noun,矛盾,むじゅん,모순,,,,矛盾 2012 모순 むじゅん,N2
명사,noun,無数,むすう,무수,,,,無数 무수 むすう,N2
명사,noun,無責任,むせきにん,무책임,,,,無責任 무책임 むせきにん,N2
명사,noun,紫,むらさき,보라색,,,,紫 보라색 むらさき,N2
명사,noun,群れ,むれ,"무리, 떼",,,,"群れ 우리, 떼 むれ",N2
명사,noun,芽,め,"싹, 움",,,,芽 싹 움 め,N2
명사,noun,姪,めい,조카딸,,,,姪 조카딸 めい,N2
명사,noun,名所,めいしょ,명소,,,,名所 2017 명소 めいしょ,N2
명사,noun,迷信,めいしん,미신,,,,迷信 미신 めいしん,N2
명사,noun,名物,めいぶつ,명물,,,,名物 명물 めいぶつ,N2
명사,noun,命令,めいれい,명령,,,,命令 명령 めいれい,N2
명사,noun,迷路,めいろ,미로,,,,迷路 미로 めいろ,N2
명사,noun,目印,めじるし,"표시, 목표물",,,,"目印 표시, 목표물 めじるし",N2
명사,noun,目安,めやす,"기준, 목표",,,,"目安 2018 기준, 목표 めやす",N2
명사,noun,面,めん,"얼굴, 면, 표면",,,,"面 얼굴, 면, 표면 めん",N2
명사,noun,免疫,めんえき,"면역, 익숙함",,,,"免疫 면역, 익숙함 めんえき",N2
명사,noun,面積,めんせき,면적,,,,面積 면적 めんせき,N2
명사,noun,木材,もくざい,목재,,,,木材 목재 もくざい,N2
명사,noun,目次,もくじ,목차,,,,目次 목차 もくじ,N2
명사,noun,木製,もくせい,목제,,,,木製 목제 もくせい,N2
명사,noun,木造,もくぞう,목조,,,,木造 목조 もくぞう,N2
명사,noun,餅,もち,떡,,,,餅 떡 もち,N2
명사,noun,持ち主,もちぬし,소유자,,,,持ち主 소유자 もちぬし,N2
명사,noun,元,もと,원래,,,,元 원래 もと,N2
명사,noun,物音,ものおと,소리,,,,物音 소리 ものおと,N2
명사,noun,物事,ものごと,"사물, 매사, 세상사",,,,"物事 사물, 매사, 세상사 ものごと",N2
명사,noun,物差し,ものさし,"기준, 척도",,,,"物差し 기준, 척도 ものさし",N2
명사,noun,模範,もはん,모범,,,,模範 2013 모범 もはん,N2
명사,noun,紅葉,もみじ,단풍(こうよう로도 읽음),,,,紅葉 단풍(こうよう로도 읽음) もみじ,N2
명사,noun,催し,もよおし,"모임, 행사, 이벤트, 기획",,,,"催し 2016 모임, 행사, 이벤트, 기획 もよおし",N2
명사,noun,問答,もんどう,문답,,,,問答 문답 ・もんどう,N2
명사,noun,やかん,,주전자,,,,やかん 주전자,N2
명사,noun,焼き物,やきもの,① 도자기 구이 요리,,,,焼き物 ① 도자기 구이 요리 やきもの,N2
명사,noun,役者,やくしゃ,배우,,,,役者 배우 やくしゃ,N2
명사,noun,役所,やくしょ,관공서,,,,役所 관공서 やくしょ,N2
명사,noun,役人,やくにん,"관리, 공무원",,,,"役人 관리, 공무원 やくにん",N2
명사,noun,薬品,やくひん,약품,,,,薬品 약품 やくひん,N2
명사,noun,役目,やくめ,"역할, 임무",,,,"役目 2018 역할, 임무 やくめ",N2
명사,noun,役割,やくわり,"역할, 임무",,,,"役割 역할, 임무 やくわり",N2
명사,noun,矢印,やじるし,화살표,,,,矢印 화살표 やじるし,N2
명사,noun,野生,やせい,야생,,,,野生 야생 やせい,N2
명사,noun,宿,やど,숙소,,,,宿 숙소 やど,N2
명사,noun,家主,やぬし,"집주인, 가장",,,,"家主 집주인, 가장 やぬし",N2
명사,noun,屋根,やね,지붕,,,,屋根 지붕 やね,N2
명사,noun,山火事,やまかじ,산불,,,,山火事 산불 やまかじ,N2
명사,noun,山小屋,やまごや,오두막,,,,山小屋 오두막 やまごや,N2
명사,noun,唯一,ゆいいつ,유일,,,,唯一 유일 ゆいいつ,N2
명사,noun,遺言,ゆいこん,유언,,,,遺言 유언 ゆいこん,N2
명사,noun,遊園地,ゆうえんち,유원지,,,,遊園地 유원지 ゆうえんち,N2
명사,noun,夕刊,ゆうかん,"석간, 석간 신문",,,,"夕刊 석간, 석간 신문 ゆうかん",N2
명사,noun,有効,ゆうこう,유효,,,,有効 유효 ゆうこう,N2
명사,noun,優勝,ゆうしょう,우승,,,,優勝 우승 ゆうしょう,N2
명사,noun,優良,ゆうりょう,우량,,,,優良 우량 ゆうりょう,N2
명사,noun,浴衣,ゆかた,"유카타, 면 홑옷",,,,"浴衣 유카타, 면 홀옷 ゆかた",N2
명사,noun,行き止まり,ゆきどまり,막다른 곳(いきどまり로도 읽음),,,,行き止まり 막다른 곳(いきどまり로도 읽음) ゆきどまり,N2
명사,noun,行方,ゆくえ,"행방, 행선지",,,,"行方 2015 행방, 행선지 ゆくえ",N2
명사,noun,湯気,ゆげ,"김, 증기",,,,"11 湯気 김, 증기 ゆげ",N2
명사,noun,輸血,ゆけつ,수혈,,,,輸血 수혈 ゆけつ,N2
명사,noun,輸送,ゆそう,수송,,,,輸送 수송 ゆそう,N2
명사,noun,油断,ゆだん,"방심, 부주의",,,,"油断 2010 방심, 부주의 ゆだん",N2
명사,noun,湯飲み,ゆのみ,찻잔,,,,湯飲み 찻잔 ゆのみ,N2
명사,noun,溶岩,ようがん,용암,,,,溶岩 용암 ようがん,N2
명사,noun,用語,ようご,용어,,,,用語 용어 ようご,N2
명사,noun,用紙,ようし,용지,,,,用紙 용지 ようし,N2
명사,noun,容姿,ようし,"용모와 자태, 얼굴과 몸매",,,,"容姿 용모와 자태, 얼굴과 몸매 ようし",N2
명사,noun,用心,ようじん,"조심, 주의",,,,"用心20 조심, 주의 ようじん",N2
명사,noun,様子,ようす,모습,,,,様子 모습 ようす,N2
명사,noun,容積,ようせき,"용적, 용량, 부피",,,,"容積 용적, 용량, 부피 ようせき",N2
명사,noun,要素,ようそ,요소,,,,要素 요소 ようそ,N2
명사,noun,要点,ようてん,요점,,,,要点 요점 ようてん,N2
명사,noun,養分,ようぶん,양분,,,,養分 양분 ようぶん,N2
명사,noun,羊毛,ようもう,"양모, 양털",,,,"羊毛 양모, 양털 ようもう",N2
명사,noun,要領,ようりょう,요령,,,,要領 요령 ようりょう,N2
명사,noun,予感,よかん,예감,,,,予感 예감 よかん,N2
명사,noun,予期,よき,"예기, 미리 기대함",,,,"予期 예기, 미리 기대함 よき",N2
명사,noun,予告,よこく,예고,,,,予告 예고 よこく,N2
명사,noun,横道,よこみち,"옆길, 샛길",,,,"横道 옆길, 샛길 よこみち",N2
명사,noun,予選,よせん,예선,,,,予選 예선 よせん,N2
명사,noun,酔っ払い,よっぱらい,"술꾼, 술주정뱅이, 취객",,,,"酔っ払い 술꾼, 술주정뱅이, 취객 よっぱらい",N2
명사,noun,与党,よとう,여당,,,,与党 여담 よとう,N2
명사,noun,予備,よび,예비,,,,予備 예비 よび,N2
명사,noun,予備校,よびこう,입시학원,,,,予備校 입시학원 よびこう,N2
명사,noun,余分,よぶん,"여분, 나머지",,,,"余分 여분, 나머지 よぶん",N2
명사,noun,嫁,よめ,"며느리, 신부",,,,"嫁 며느리, 신부 よめ",N2
명사,noun,余裕,よゆう,여유,,,,余裕 여유 よゆう,N2
명사,noun,弱気,よわき,"연약함, 무기력함",,,,"弱気 연약함, 무기력함 よわき",N2
명사,noun,弱み,よわみ,약점,,,,弱み 약점 よわみ,N2
명사,noun,来日,らいにち,"일본 방문, 방일",,,,"来日 일본 방문, 방일 らいにち",N2
명사,noun,落選,らくせん,낙선,,,,落選 낙선 らくせん,N2
명사,noun,落第,らくだい,"낙제, 낙방, 유급",,,,"落第 낙제, 낙방, 유급 らくだい",N2
명사,noun,欄,らん,"란, 칸",,,,"四欄 란, 칸 らん",N2
명사,noun,利益,りえき,"이익, 이득",,,,"利益 2011 이익, 이득 りえき",N2
명사,noun,利害,りがい,"이해, 득실",,,,"利害 이해, 득실 りがい",N2
명사,noun,陸地,りくち,육지,,,,陸地 육지 りくち,N2
명사,noun,理事会,りじかい,이사회,,,,理事会 이사회 りじかい,N2
명사,noun,流域,りゅういき,유역,,,,流域 유역 りゅういき,N2
명사,noun,漁師,りょうし,어부,,,,漁師 어부 りょうし,N2
명사,noun,領事,りょうじ,"영사, 외국에서 자국민을 보호하는 공무원",,,,"領事 영사, 외국에서 자국민을 보호하는 공무원 りょうじ",N2
명사,noun,領収,りょうしゅう,"영수, (돈이나 물건을) 받음",,,,"領収 영수, (돈이나 물건을) 받음 りょうしゅう",N2
명사,noun,臨時,りんじ,임시,,,,臨時 임시 りんじ,N2
명사,noun,礼儀,れいぎ,예의,,,,礼儀 2010 예의 れいぎ,N2
명사,noun,零点,れいてん,"영점, 0점",,,,"零点 영점, 어는 점 れいてん",N2
명사,noun,列島,れっとう,열도,,,,列島 열도 れっとう,N2
명사,noun,連合,れんごう,연합,,,,連合 연합 れんごう,N2
명사,noun,連想,れんそう,연상,,,,連想 연상 れんそう,N2
명사,noun,連続,れんぞく,연속,,,,連続 연속 れんぞく,N2
명사,noun,ろうそく,,"초, 양초",,,,"ろうそく 초, 양초",N2
명사,noun,労働,ろうどう,노동,,,,労働 노동 ろうどう,N2
명사,noun,露出,ろしゅつ,노출,,,,露出 노출 ろしゅつ,N2
명사,noun,路線,ろせん,노선,,,,路線 노선 ろせん,N2
명사,noun,論争,ろんそう,논쟁,,,,論争 2017 논쟁 ろんそう,N2
명사,noun,論文,ろんぶん,논문,,,,論文 논문 ろんぶん,N2
명사,noun,和,わ,일본식의 ~,,,,和 일본식의~ 和食 일시 わ,N2
명사,noun,脇,わき,"① 겨드랑이, 옆구리 ② 옆",,,,"脇 ① 겨드랑이, 옆구리 옆 わき",N2
명사,noun,若人,わこうど,"젊은이, 청년",,,,"若人 젊은이, 청년 わこうど",N2
명사,noun,綿,わた,"솜, 목화",,,,"綿 솜, 목화 わた",N2
명사,noun,和服,わふく,일본식 옷,,,,和服 일본식 옷 わふく,N2
명사,noun,割り勘,わりかん,"각자 부담, 각출",,,,"割り勘 각자 부담, 각출 わりかん",N2
명사,noun,割高,わりだか,품질이나 양에 비해 비쌈,,,,割高 품질이나 양에 비해 비쌈 わりだか,N2
명사,noun,割安,わりやす,품질이나 양에 비해 쌈,,,,割安 품질이나 양에 비해 쌈 わりやす,N2
명사,noun,悪口,わるくち,욕(わるぐち로도 읽음),,,,悪口 욕(わるぐち로도 읽음) わるくち,N2
명사,noun,我々,われわれ,우리들,,,,我々 우리들 われわれ,N2
명사,noun,湾,わん,"만, 항만",,,,"湾 만, 항만 わん",N2
명사,prefix,悪~,あく,악(나쁜)~,,,,悪~2019 악(나쁜)~ あく,N2
명사,prefix,薄~,うす,"조금~, 약간~",,,,"薄~2010 조금~, 약간~ うす",N2
명사,prefix,仮~,かり,임시~,,,,仮~2012 임시~ かり,N2
명사,prefix,旧~,きゅう,구(옛날)~,,,,旧~2010 구(옛날)~ きゅう,N2
명사,prefix,現~,げん,현재의~,,,,現~2011 현재의~ げん,N2
명사,prefix,高~,こう,고(높은)~,,,,高~2015 고(높은)~ こう,N2
명사,prefix,再~,さい,재(다시)~,,,,再~2016 재(다시)~ さい,N2
명사,prefix,最~,さい,최(가장)~,,,,最~2013 최(가장)~ さい,N2
명사,prefix,準~,じゅん,준~,,,,準~2013 준~ じゅん,N2
명사,prefix,諸~,しょ,"여러~, 많은~",,,,諸~2017 여러~ 많은~ しょ,N2
명사,prefix,総~,そう,총~,,,,総~2011 총~ そう,N2
명사,prefix,低~,てい,저~,,,,低~2017 저~ てい,N2
명사,prefix,同~,どう,동~,,,,同~ 동~ どう,N2
명사,prefix,初~,はつ,첫~,,,,初~ 첫~ はつ,N2
명사,prefix,反~,はん,반~,,,,反~ 반~ はん,N2
명사,prefix,半~,はん,"반(절반, 중간)~",,,,"半~2012 반(절반, 중간)~ はん",N2
명사,prefix,非~,ひ,비(부정)~,,,,非~2011 비(부정)~ ひ,N2
명사,prefix,不~,ふ,불~,,,,不~ 불~ ふ,N2
명사,prefix,副~,ふく,부~,,,,副~ 부~ ふく,N2
명사,prefix,真~,ま,"완전히~, 정확히~",,,,真~2017 완전히~ 정확히~ ま,N2
명사,prefix,未~,み,미~,,,,未~2016 미~ み,N2
명사,prefix,無~,む,무~,,,,無~2018 무~ む,N2
명사,prefix,来~,らい,"내(다음의, 이쪽으로 옴)~",,,,"来~2018 내(다음의, 이쪽으로 옴)~ らい",N2
명사,suffix,~明け,あけ,~직후,,,,~明け ~직후 あけ,N2
명사,suffix,~一色,いっしょく,~일색,,,,~一色 2014 ~일색 いっしょく,N2
명사,suffix,~おきに,おきに,"~걸러, ~간격으로",,,,"~おきに 2014 ~걸러, ~간격으로 おきに",N2
명사,suffix,~界,かい,~계(분야),,,,~界2011 계(분야) かい,N2
명사,suffix,~街,がい,~가(거리),,,,~街 2017 가(거리) がい,N2
명사,suffix,~感,かん,(~하는) 느낌,,,,~感 (~하는) 느낌 かん,N2
명사,suffix,~気味,ぎみ,"~기미, ~기색",,,,~気味 ~기미~기색 ぎみ,N2
명사,suffix,~切れ,ぎれ,"다한 상태, 소진된 상태",,,,"~切れ 2014 다한 상태, 소진된 상태 ぎれ",N2
명사,suffix,~号,ごう,"~호(순서), ~호(교통수단 이름)",,,,"~号 ~호(순서), ~호(교통수단 이름) ごう",N2
명사,suffix,~集,しゅう,~집(모음),,,,~集 2014 ~집(모음) しゅう,N2
명사,suffix,~順,じゅん,~순(순서),,,,~順 2016 ~(순순서) じゅん,N2
명사,suffix,~力,りょく,~력,,,,~力 2010 ~력 りょく,N2
명사,suffix,~類,るい,~류(종류),,,,~類 2013 ~류(종류) るい,N2
명사,suffix,~対~,たい,~대~,,,,~対~2010 ~대~ たい,N2
명사,suffix,~賞,しょう,~상,,,,~賞 2011 ~상 しょう,N2
명사,suffix,~状,じょう,"~장(문서), ~상(~상태)",,,,"~状 2015 ~장(문서), ~상(~상태) じょう",N2
명사,suffix,~色,しょく,"~색(정서, 분위기)",,,,"~色 ~색(정서, 분위기) しょく",N2
명사,suffix,~性,せい,"~성(성질, 경향)",,,,"~性 ~성(성질, 경향) せい",N2
명사,suffix,~制,せい,"~제(제도, 규칙)",,,,"~制 ~제(제도, 규칙) せい",N2
명사,suffix,~全般,ぜんぱん,~전반(모든 것),,,,~全般 ~전반(모든 것) ぜんぱん,N2
명사,suffix,~沿い,ぞい,"~을 따라, ~와 나란한",,,,"~沿い ~을 따라, ~와 나란한 ぞい",N2
명사,suffix,~だらけ,だらけ,~투성이,,,,~だらけ 2014 ~투성이 だらけ,N2
명사,suffix,~足らず,たらず,"~미만, ~남짓",,,,"~足らず ~미만, ~남짓 たらず",N2
명사,suffix,~団,だん,~단(단체),,,,~団 2015 ~단(단체) だん,N2
명사,suffix,~賃,ちん,"~임(요금, 비용)",,,,"~賃2014 ~임(요금, 비용) ちん",N2
명사,suffix,~付き,つき,"~제공, 딸림",,,,"~付き ~제공, 딸림 つき",N2
명사,suffix,~連れ,づれ,~동반(함께 함),,,,~連れ 2017 ~동반(함께 함) づれ,N2
명사,suffix,~発,はつ,~발(출발),,,,~発 2013 ~발(출발) はつ,N2
명사,suffix,~離れ,はなれ,~에서 동떨어짐,,,,~離れ 2015 ~에서 동떨어짐 はなれ,N2
명사,suffix,~風,ふう,"~풍, ~분위기",,,,"~風 2017 ~풍, ~분위기 ふう",N2
명사,suffix,~向け,むけ,"~대상, ~용",,,,~向け ~대상 ~용 むけ,N2
명사,suffix,~率,りつ,~율(비율),,,,~率 2018 ~율(비율) りつ,N2
명사,suffix,~流,りゅう,"~류(특유의 방식, 특성)",,,,"~流 2018 ~류(특유의 방식, 특성) りゅう",N2
동사,verb,相次ぐ,あいつぐ,"잇따르다, 연달다",事故が相次いで起こる。,사고가 연달아 발생하다.,,相次ぐ あいつぐ 事故が相次いで起こる。,N2
동사,verb,扇ぐ,あおぐ,부채질하다,うちわで扇ぐ。,부채로 부채질하다.,,扇ぐ あおぐ うちわで扇ぐ。,N2
동사,verb,あきれる,あきれる,"질리다, 어처구니없다",あきれてものも言えない。,어처구니가 없어서 아무말도 할 수 없다.,,あきれる あきれる あきれてものも言えない。,N2
동사,verb,揚げる,あげる,(기름에) 튀기다,天ぷらを揚げる。,튀김을 하다.,,揚げる あげる 天ぷらを揚げる。,N2
동사,verb,焦る,あせる,초조해하다,焦って失敗する。,초조해서 실수하다.,,焦る あせる 焦って失敗する。,N2
동사,verb,当たる,あたる,"① 맞다, 부딪히다 ② 적중하다",ボールが顔に当たる。天気予報が当たる。,공이 얼굴에 부딪히다. 일기 예보가 적중하다.,,当たる あたる ボールが顔に当たる。天気予報が当たる。,N2
동사,verb,当てはまる,あてはまる,"들어맞다, 적합하다",条件に当てはまる。,조건에 들어맞다.,,当てはまる あてはまる 条件に当てはまる。,N2
동사,verb,当てる,あてる,"① 마주 대다 ② 적중시키다, 맞히다",ボールにバットを当てる。答えを当てる。,공에 배트를 대다. 답을 맞히다.,,当てる あてる ボールにバットを当てる。答えを当てる。,N2
동사,verb,暴れる,あばれる,"날뛰다, 난폭하게 굴다",酒に酔って暴れる。,술에 취해 난동을 부리다.,,暴れる あばれる 酒に酔って暴れる。,N2
동사,verb,あぶる,あぶる,(불에 살짝) 굽다,海苔をあぶる。,김을 굽다.,,あぶる あぶる 海苔をあぶる。,N2
동사,verb,甘やかす,あまやかす,"응석을 받아주다, 버릇없이 기르다",子供を甘やかすとよくない。,아이를 버릇없이 기르면 좋지 않다.,,甘やかす あまやかす 子供を甘やかすとよくない。,N2
동사,verb,争う,あらそう,"싸우다, 다투다",隣の国と領土問題で争う。,이웃 나라와 영토 문제로 싸우다.,,争う あらそう 隣の国と領土問題で争う。,N2
동사,verb,改める,あらためる,"고치다, 개정하다",悪い点を改める。,나쁜 점을 고치다.,,改める あらためる 悪い点を改める。,N2
동사,verb,現れる,あらわれる,나타나다,雨上がりの空に虹が現れた。,비가 갠 후의 하늘에 무지개가 나타났다.,,現れる あらわれる 雨上がりの空に虹が現れた。,N2
동사,verb,荒れる,あれる,거칠어지다,海が荒れる。,바다가 거칠어지다.,,荒れる あれる 海が荒れる。,N2
동사,verb,言い付ける,いいつける,① 지시하다 ② 고자질하다,予約を取るように言い付ける。母親に弟のいたずらを言い付ける。,예약을 하도록 지시하다. 어머니에게 남동생의 장난을 고자질하다.,,言い付ける いいつける 予約を取るように言い付ける。母親に弟のいたずらを言い付ける。,N2
동사,verb,抱く,いだく,"(생각, 의문 등을) 품다",遠大な夢を抱く。,원대한 꿈을 품다.,,抱く いだく 遠大な夢を抱く。,N2
동사,verb,傷む,いたむ,"상하다, 부패하다",夏は食べ物が傷みやすい。,여름에는 음식이 상하기 쉽다.,,傷む いたむ 夏は食べ物が傷みやすい。,N2
동사,verb,至る,いたる,"(어떠한 장소, 시간, 상태에) 도달하다, 이르다",会議は深夜に至るまで続いた。,회의는 심야에 이를 때까지 계속되었다.,,至る いたる 会議は深夜に至るまで続いた。,N2
동사,verb,威張る,いばる,"뽐내다, 으스대다",部下に威張る。,부하에게 잘난 체 하다.,,威張る いばる 部下に威張る。,N2
동사,verb,飢える,うえる,굶주리다,親の愛情に飢える。,부모의 애정에 굶주리다.,,飢える うえる 親の愛情に飢える。,N2
동사,verb,浮かぶ,うかぶ,"뜨다, 떠오르다",雲が浮かぶ。,구름이 뜨다.,,浮かぶ うかぶ 雲が浮かぶ。,N2
동사,verb,裏切る,うらぎる,"배반하다, 배신하다",友人を裏切る。,친구를 배신하다.,,裏切る うらぎる 友人を裏切る。,N2
동사,verb,占う,うらなう,점치다,運命を占う。,운명을 점치다.,,占う うらなう 運命を占う。,N2
동사,verb,恨む,うらむ,원망하다,冷たい態度を恨む。,냉담한 태도를 원망하다.,,恨む うらむ 冷たい態度を恨む。,N2
동사,verb,うらやむ,うらやむ,부러워하다,合格した友人をうらやむ。,합격한 친구를 부러워하다.,,うらやむ うらやむ 合格した友人をうらやむ。,N2
동사,verb,描く,えがく,"그리다, 묘사하다",人間の心理を描いた小説。,인간의 심리를 그린 소설.,,描く えがく 人間の心理を描いた小説。,N2
동사,verb,得る,える,얻다,情報を得る。,정보를 얻다.,,得る える 情報を得る。,N2
동사,verb,演じる,えんじる,연기하다,平凡なサラリーマンの役を演じる。,평범한 샐러리맨 역을 연기하다.,,演じる えんじる 平凡なサラリーマンの役を演じる。,N2
동사,verb,追いかける,おいかける,뒤좇다,流行を追いかける。,유행을 뒤쫓다.,,追いかける おいかける 流行を追いかける。,N2
동사,verb,応じる,おうじる,"응하다, 대응하다",相談に応じる。,상담에 응하다.,,応じる おうじる 相談に応じる。,N2
동사,verb,覆う,おおう,"덮다, 뒤덮다",庭が雑草に覆われている。,정원이 잡초에 덮여 있다.,,覆う おおう 庭が雑草に覆われている。,N2
동사,verb,侵す,おかす,"침범하다, 침해하다",国境を侵す。,국경을 침범하다.,,侵す おかす 国境を侵す。,N2
동사,verb,拝む,おがむ,"빌다, 경배하다, 숭배하다",神を拝む。,신을 숭배하다.,,拝む おがむ 神を拝む。,N2
동사,verb,受け入れる,うけいれる,받아들이다,相手の提案を受け入れる。,상대의 제안을 받아들이다.,,受け入れる うけいれる 相手の提案を受け入れる。,N2
동사,verb,承る,うけたまわる,"받다, 듣다(겸양)",ご意見を承る。,의견을 받다.,,承る うけたまわる ご意見を承る。,N2
동사,verb,失う,うしなう,잃다,自信を失う。,자신감을 잃다.,,失う うしなう 自信を失う。,N2
동사,verb,薄める,うすめる,"묽게 하다, 옅게 하다, 희석하다",ウイスキーを水で薄める。,위스키를 물로 희석하다.,,薄める うすめる ウイスキーを水で薄める。,N2
동사,verb,打ち消す,うちけす,부정하다,世間のうわさを打ち消す。,세간의 소문을 부정하다.,,打ち消す うちけす 世間のうわさを打ち消す。,N2
동사,verb,撃つ,うつ,"쏘다, 사격하다",鉄砲を撃つ。,총을 쏘다.,,撃つ うつ 鉄砲を撃つ。,N2
동사,verb,訴える,うったえる,"호소하다, 소송하다",世論に訴える。,여론에 호소하다.,,訴える うったえる 世論に訴える。,N2
동사,verb,うつむく,うつむく,고개 숙이다,うつむいて何か考えている。,고개 숙여 무엇인가 생각하고 있다.,,うつむく うつむく うつむいて何か考えている。,N2
동사,verb,うなずく,うなずく,"수긍하다, 고개를 끄덕이다",うなずきながら話を聞く。,고개를 끄덕이며 이야기를 듣다.,,うなずく うなずく うなずきながら話を聞く。,N2
동사,verb,生み出す,うみだす,"만들어 내다, 창출해 내다",利益を生み出す。,이익을 창출해 내다.,,生み出す うみだす 利益を生み出す。,N2
동사,verb,敬う,うやまう,공경하다,老人を敬う。,노인을 공경하다.,,敬う うやまう 老人を敬う。,N2
동사,verb,裏返す,うらがえす,뒤집다,トランプを裏返して見る。,트럼프(카드)를 뒤집어서 보다.,,裏返す うらがえす トランプを裏返して見る。,N2
동사,verb,補う,おぎなう,"보충하다, 보완하다",努力で欠点を補う。,노력으로 결점을 보완하다.,,補う おぎなう 努力で欠点を補う。,N2
동사,verb,贈る,おくる,"주다, 선물하다",誕生日に花束を贈る。,생일에 꽃다발을 선물하다.,,贈る おくる 誕生日に花束を贈る。,N2
동사,verb,納める,おさめる,납부하다,授業料を納める。,수업료를 납부하다.,,納める おさめる 授業料を納める。,N2
동사,verb,治める,おさめる,"통치하다, 다스리다",国を治める。,나라를 통치하다.,,治める おさめる 国を治める。,N2
동사,verb,収める,おさめる,"수확하다, 거두다",よい成績を収める。,좋은 성적을 거두다.,,収める おさめる よい成績を収める。,N2
동사,verb,押し通す,おしとおす,"밀고 나가다, 관철시키다",自分の意見を押し通す。,자신의 의견을 관철시키다.,,押し通す おしとおす 自分の意見を押し通す。,N2
동사,verb,恐れる,おそれる,두려워하다,失敗を恐れる。,실패를 두려워하다.,,恐れる おそれる 失敗を恐れる。,N2
동사,verb,脅かす,おどかす,① 위협하다 ② 놀래키다,人を驚かして金を奪う。急に声を上げて脅かす。,사람을 위협해서 돈을 빼앗다. 갑자기 소리를 질러 놀래키다.,,脅かす おどかす 人を驚かして金を奪う。急に声を上げて脅かす。,N2
동사,verb,訪れる,おとずれる,"찾아오다, 방문하다",春が訪れる。,봄이 찾아오다.,,訪れる おとずれる 春が訪れる。,N2
동사,verb,劣る,おとる,뒤떨어지다,性能が劣る。,성능이 뒤떨어지다.,,劣る おとる 性能が劣る。,N2
동사,verb,脅かす,おびやかす,"위협하다, 위태롭게 하다",インフレが家計を脅かす。,인플레이션이 가계를 위협하다.,,脅かす おびやかす インフレが家計を脅かす。,N2
동사,verb,おぼれる,おぼれる,"물에 빠지다, 익사하다",おぼれている子供を助ける。,물에 빠진 아이를 구조하다.,,おぼれる おぼれる おぼれている子供を助ける。,N2
동사,verb,お目にかける,おめにかける,보여 드리다,作品をお目にかける。,작품을 보여 드리다.,,お目にかける おめにかける 作品をお目にかける。,N2
동사,verb,思い切る,おもいきる,"① 단념하다 ② 결심하다, 결단하다",大学進学を思い切る。思い切って計画を実行する。,대학 진학을 단념하다. 결심하고 계획을 실행하다.,,思い切る おもいきる 大学進学を思い切る。思い切って計画を実行する。,N2
동사,verb,思える,おもえる,생각되다,彼が謝罪するとは思えない。,그가 사죄하리라고는 생각되지 않는다.,,思える おもえる 彼が謝罪するとは思えない。,N2
동사,verb,及ぼす,およぼす,"미치게 하다, 파급시키다",悪い影響を及ぼす。,나쁜 영향을 미치다.,,及ぼす およぼす 悪い影響を及ぼす。,N2
동사,verb,買い占める,かいしめる,"매점하다, 독점적으로 사모으다",投資目的で商品を買い占める。,투자 목적으로 제품을 사들이다.,,買い占める かいしめる 投資目的で商品を買い占める。,N2
동사,verb,抱える,かかえる,"안다, 감싸쥐다",頭を抱えて考え込む。,머리를 움켜 쥐고 골똘히 생각하다.,,抱える かかえる 頭を抱えて考え込む。,N2
동사,verb,かかわる,かかわる,관계되다,農業にかかわる仕事がしたい。,농업과 관계되는 일을 하고 싶다.,,かかわる かかわる 農業にかかわる仕事がしたい。,N2
동사,verb,かき混ぜる,かきまぜる,"뒤섞다, 휘젓다",コーヒーに砂糖を入れてかき混ぜる。,커피에 설탕을 넣고 섞는다.,,かき混ぜる かきまぜる コーヒーに砂糖を入れてかき混ぜる。,N2
동사,verb,限る,かぎる,"국한하다, 한정하다",特売品は50個に限られている。,특가품은 50개로 한정되어 있다.,,限る かぎる 特売品は50個に限られている。,N2
동사,verb,かぶせる,かぶせる,씌우다,帽子をかぶせる。,모자를 씌우다.,,かぶせる かぶせる 帽子をかぶせる。,N2
동사,verb,構う,かまう,"신경쓰다, 상관하다, 상대하다, 돌보다",子供を構っている暇がない。,아이 신경쓸 틈이 없다.,,構う かまう 子供を構っている暇がない。,N2
동사,verb,からかう,からかう,"조롱하다, 놀리다",弟をからかう。,남동생을 놀리다.,,からかう からかう 弟をからかう。,N2
동사,verb,刈る,かる,베다,草を刈る。,풀을 베다.,,刈る かる 草を刈る。,N2
동사,verb,かわいがる,かわいがる,귀여워하다,犬をかわいがる。,개를 귀여워하다.,,かわいがる かわいがる 犬をかわいがる。,N2
동사,verb,考え込む,かんがえこむ,골똘히 생각하다,真剣な顔で何か考え込んでいる。,진지한 얼굴로 무엇인가 골똘히 생각하고 있다.,,考え込む かんがえこむ 真剣な顔で何か考え込んでいる。,N2
동사,verb,着替える,きがえる,갈아입다,普段着に着替える。,평상복으로 갈아입다.,,着替える きがえる 普段着に着替える。,N2
동사,verb,聞き返す,ききかえす,"되묻다, 다시 듣다",分からない点を聞き返した。,이해가 안 되는 점을 되물었다.,,聞き返す ききかえす 分からない点を聞き返した。,N2
동사,verb,着せる,きせる,입히다,赤ちゃんに服を着せる。,아기에게 옷을 입히다.,,着せる きせる 赤ちゃんに服を着せる。,N2
동사,verb,嫌う,きらう,싫어하다,勉強を嫌う。,공부를 싫어하다.,,嫌う きらう 勉強を嫌う。,N2
동사,verb,切れる,きれる,끊어지다,糸が切れる。,실이 끊어지다.,,切れる きれる 糸が切れる。,N2
동사,verb,禁じる,きんじる,금지하다,喫煙を禁じる。,흡연을 금지하다.,,禁じる きんじる 喫煙を禁じる。,N2
동사,verb,掻く,かく,① 긁다 ② 땀을 흘리다,かゆいところを掻く。汗をかく。,가려운 곳을 긁다. 땀을 흘리다.,,掻く かく かゆいところを掻く。汗をかく。,N2
동사,verb,貸し出す,かしだす,대출하다,図書を貸し出す。,도서를 대출하다.,,貸し出す かしだす 図書を貸し出す。,N2
동사,verb,嗅ぐ,かぐ,냄새 맡다,においを嗅ぐ。,냄새를 맡다.,,嗅ぐ かぐ においを嗅ぐ。,N2
동사,verb,欠ける,かける,부족하다,常識に欠ける。,상식이 부족하다.,,欠ける かける 常識に欠ける。,N2
동사,verb,かじる,かじる,"갉아먹다, 베어 먹다",りんごをかじって食べる。,사과를 베어 먹다.,,かじる かじる りんごをかじって食べる。,N2
동사,verb,固まる,かたまる,"굳어지다, 단단해지다",砂糖が固まる。,설탕이 굳어지다.,,固まる かたまる 砂糖が固まる。,N2
동사,verb,傾く,かたむく,기울다,地震で家が傾く。,지진으로 집이 기울어지다.,,傾く かたむく 地震で家が傾く。,N2
동사,verb,偏る,かたよる,치우치다,栄養が偏る。,영양이 치우치다.,,偏る かたよる 栄養が偏る。,N2
동사,verb,語る,かたる,말하다,考えを人に語る。,생각을 다른 사람에게 말하다.,,語る かたる 考えを人に語る。,N2
동사,verb,担ぐ,かつぐ,"메다, 짊어지다",肩に荷物を担ぐ。,어깨에 짐을 짊어지다.,,担ぐ かつぐ 肩に荷物を担ぐ。,N2
동사,verb,かなう,かなう,이루어지다,願いがかなう。,소원이 이루어지다.,,かなう かなう 願いがかなう。,N2
동사,verb,兼ねる,かねる,겸하다,趣味と実益を兼ねる。,취미와 실익을 겸하다.,,兼ねる かねる 趣味と実益を兼ねる。,N2
동사,verb,食う,くう,먹다,飯を食う。,밥을 먹다.,,食う くう 飯を食う。,N2
동사,verb,崩す,くずす,"무너뜨리다, 허물다",古い塀を崩す。,낡은 담을 허물다.,,崩す くずす 古い塀を崩す。,N2
동사,verb,崩れる,くずれる,무너지다,大雨で山が崩れる。,큰비로 산이 무너지다.,,崩れる くずれる 大雨で山が崩れる。,N2
동사,verb,砕く,くだく,"부수다, 깨뜨리다",氷を小さく砕く。,얼음을 잘게 부수다.,,砕く くだく 氷を小さく砕く。,N2
동사,verb,くっつく,くっつく,들러붙다,子供が親にくっついて離れない。,아이가 부모에게 들러붙어 떨어지지 않는다.,,くっつく くっつく 子供が親にくっついて離れない。,N2
동사,verb,くっつける,くっつける,붙이다,紙と紙をのりでくっつける。,종이와 종이를 풀로 붙이다.,,くっつける くっつける 紙と紙をのりでくっつける。,N2
동사,verb,配る,くばる,"나누다, 분배하다",チラシを配る。,광고지를 나눠주다.,,配る くばる チラシを配る。,N2
동사,verb,組み立てる,くみたてる,조립하다,部品を組み立てる。,부품을 조립하다.,,組み立てる くみたてる 部品を組み立てる。,N2
동사,verb,悔やむ,くやむ,후회하다,失敗を悔やむ。,실패를 후회하다.,,悔やむ くやむ 失敗を悔やむ。,N2
동사,verb,狂う,くるう,"① 미치다 ② 어긋나다, 잘못되다",狂ったように泣く。計画が狂う。,미친 듯이 울다. 계획이 어긋나다.,,狂う くるう 狂ったように泣く。計画が狂う。,N2
동사,verb,苦しめる,くるしめる,괴롭히다,不眠症に苦しめられて体を壊す。,불면증에 시달려 건강을 해치다.,,苦しめる くるしめる 不眠症に苦しめられて体を壊す。,N2
동사,verb,くわえる,くわえる,입에 물다,タバコを口にくわえる。,담배를 입에 물다.,,くわえる くわえる タバコを口にくわえる。,N2
동사,verb,削る,けずる,"깎다, 삭감하다",鉛筆を削る。,연필을 깎다.,,削る けずる 鉛筆を削る。,N2
동사,verb,超える,こえる,넘다,損害は1億円を超える。,손해는 1억 엔을 넘는다.,,超える こえる 損害は1億円を超える。,N2
동사,verb,凍る,こおる,얼다,池の水が凍る。,연못의 물이 얼다.,,凍る こおる 池の水が凍る。,N2
동사,verb,漕ぐ,こぐ,"발을 구르다, 밟다",自転車のペダルを漕ぐ。,자전거의 페달을 밟다.,,漕ぐ こぐ 自転車のペダルを漕ぐ。,N2
동사,verb,焦げる,こげる,"타다, 눌러붙다",この餅は少し焦げている。,이 떡은 조금 탔다.,,焦げる こげる この餅は少し焦げている。,N2
동사,verb,凍える,こごえる,"추위로 몸의 감각이 없어지다, 곱다",寒さで手が凍える。,추위로 손의 감각이 없어지다.,,凍える こごえる 寒さで手が凍える。,N2
동사,verb,腰掛ける,こしかける,걸터앉다,ベンチに腰掛ける。,벤치에 걸터앉다.,,腰掛ける こしかける ベンチに腰掛ける。,N2
동사,verb,こする,こする,비비다,眠い目をこする。,졸린 눈을 비비다.,,こする こする 眠い目をこする。,N2
동사,verb,異なる,ことなる,"다르다, 같지 않다",報告が事実と異なる。,보고가 사실과 다르다.,,異なる ことなる 報告が事実と異なる。,N2
동사,verb,込める,こめる,담다,愛情を込めて手紙を書く。,애정을 담아 편지를 쓰다.,,込める こめる 愛情を込めて手紙を書く。,N2
동사,verb,堪える,こらえる,견디다,涙を堪えながら話す。,눈물을 참으며 이야기하다.,,堪える こらえる 涙を堪えながら話す。,N2
동사,verb,さかのぼる,さかのぼる,거슬러 오르다,ボートで川をさかのぼる。,보트로 강을 거슬러 오르다.,,さかのぼる さかのぼる ボートで川をさかのぼる。,N2
동사,verb,逆らう,さからう,"거역하다, 거스르다",時代の流れに逆らう。,시대의 흐름을 거스르다.,,逆らう さからう 時代の流れに逆らう。,N2
동사,verb,探る,さぐる,"찾다, 살피다",相手の本心を探る。,상대의 본심을 살피다.,,探る さぐる 相手の本心を探る。,N2
동사,verb,支える,ささえる,"떠받치다, 유지하다, 지원하다",長男が生計を支えている。,장남이 생계를 유지하고 있다.,,支える ささえる 長男が生計を支えている。,N2
동사,verb,ささやく,ささやく,속삭이다,相手の耳にささやく。,상대의 귀에 속삭이다.,,ささやく ささやく 相手の耳にささやく。,N2
동사,verb,差し支える,さしつかえる,지장을 주다,工事の騒音が授業に差し支える。,공사 소음이 수업에 지장을 준다.,,差し支える さしつかえる 工事の騒音が授業に差し支える。,N2
동사,verb,差し引く,さしひく,"빼다, 공제하다, 차감하다",給料から税金を差し引く。,월급에서 세금을 공제하다.,,差し引く さしひく 給料から税金を差し引く。,N2
동사,verb,指す,さす,가리키다,ほしい品物を指で指す。,갖고 싶은 물건을 손가락으로 가리키다.,,指す さす ほしい品物を指で指す。,N2
동사,verb,錆びる,さびる,녹슬다,包丁が錆びて切れない。,부엌칼이 녹슬어 썰리지 않는다.,,錆びる さびる 包丁が錆びて切れない。,N2
동사,verb,妨げる,さまたげる,방해하다,眠りを妨げる。,잠을 방해하다.,,妨げる さまたげる 眠りを妨げる。,N2
동사,verb,敷く,しく,깔다,布団を敷く。,이불을 깔다.,,敷く しく 布団を敷く。,N2
동사,verb,茂る,しげる,"우거지다, 무성하다",草が茂る。,풀이 무성하다.,,茂る しげる 草が茂る。,N2
동사,verb,縛る,しばる,"묶다, 매다, 속박하다",新聞紙を紐で縛る。,신문지를 끈으로 묶다.,,縛る しばる 新聞紙を紐で縛る。,N2
동사,verb,しびれる,しびれる,"저리다, 마비되다",足がしびれて立てない。,다리가 저려서 일어날 수 없다.,,しびれる しびれる 足がしびれて立てない。,N2
동사,verb,しぼむ,しぼむ,"시들다, 위축되다",花がしぼむ。,꽃이 시들다.,,しぼむ しぼむ 花がしぼむ。,N2
동사,verb,占める,しめる,"차지하다, 점유하다",全体生産量の3割を占める。,전체 생산량의 3할을 차지하다.,,占める しめる 全体生産量の3割を占める。,N2
동사,verb,湿る,しめる,"습기차다, 축축하다",洗濯物がまだ湿っている。,세탁물이 아직 축축하다.,,湿る しめる 洗濯物がまだ湿っている。,N2
동사,verb,しゃぶる,しゃぶる,"빨다, 핥다",飴をしゃぶる。,사탕을 빨다.,,しゃぶる しゃぶる 飴をしゃぶる。,N2
동사,verb,生じる,しょうじる,"생기다, 발생하다",火災によって損害が生じる。,화재에 의해 손해가 발생하다.,,生じる しょうじる 火災によって損害が生じる。,N2
동사,verb,透き通る,すきとおる,"투명하다, 비쳐 보이다, 맑다",川の底まで透き通っている。,강 바닥까지 비쳐 보이다.,,透き通る すきとおる 川の底まで透き通っている。,N2
동사,verb,救う,すくう,"구하다, 살리다",人命を救う。,인명을 구하다.,,救う すくう 人命を救う。,N2
동사,verb,優れる,すぐれる,"뛰어나다, 우수하다",彼は語学に優れている。,그는 어학에서 뛰어나다.,,優れる すぐれる 彼は語学に優れている。,N2
동사,verb,済ます,すます,"끝내다, 마치다",食事を済ましてから出かける。,식사를 마치고 나서 외출하다.,,済ます すます 食事を済ましてから出かける。,N2
동사,verb,ずらす,ずらす,"(겹치지 않게 조금) 이동시키다, 비켜 놓다",テーブルの皿を横へずらす。,테이블에 있는 접시를 조금 옆으로 옮기다.,,ずらす ずらす テーブルの皿を横へずらす。,N2
동사,verb,すれ違う,すれちがう,"스쳐 지나다, 엇갈리다",列車と列車がすれ違う。,열차와 열차가 스쳐 지나다.,,すれ違う すれちがう 列車と列車がすれ違う。,N2
동사,verb,背負う,せおう,짊어지다,荷物を背負って歩く。,짐을 짊어지고 걷다.,,背負う せおう 荷物を背負って歩く。,N2
동사,verb,接する,せっする,"접하다, 응대하다",人に優しく接する。,사람에게 상냥하게 응대하다.,,接する せっする 人に優しく接する。,N2
동사,verb,迫る,せまる,"① (시간·공간) 다가오다 ② 강요하다, 재촉하다",締め切りが迫る。返答を迫る。,마감이 다가오다. 대답을 재촉하다.,,迫る せまる 締め切りが迫る。返答を迫る。,N2
동사,verb,責める,せめる,"꾸짖다, 나무라다",部下の失敗を責める。,부하의 실수를 꾸짖다.,,責める せめる 部下の失敗を責める。,N2
동사,verb,攻める,せめる,공격하다,敵を攻める。,적을 공격하다.,,攻める せめる 敵を攻める。,N2
동사,verb,属する,ぞくする,속하다,日本は漢字文化圏に属する。,일본은 한자 문화권에 속한다.,,属する ぞくする 日本は漢字文化圏に属する。,N2
동사,verb,備える,そなえる,"대비하다, 갖추다",地震に備える。,지진에 대비하다.,,備える そなえる 地震に備える。,N2
동사,verb,剃る,そる,깎다,ひげを剃る。,수염을 깎다.,,剃る そる ひげを剃る。,N2
동사,verb,対する,たいする,"대하다, 상대하다",にこやかに客に対する。,상냥하게 손님을 대하다.,,対する たいする にこやかに客に対する。,N2
동사,verb,耕す,たがやす,"경작하다, 일구다, 갈다",畑を耕して種をまく。,밭을 경작하여 씨를 뿌리다.,,耕す たがやす 畑を耕して種をまく。,N2
동사,verb,炊く,たく,밥을 짓다,ご飯を炊く。,밥을 짓다.,,炊く たく ご飯を炊く。,N2
동사,verb,蓄える,たくわえる,"저축하다, 비축하다, 쌓다, 기르다",食糧を蓄える。,식량을 비축하다.,,蓄える たくわえる 食糧を蓄える。,N2
동사,verb,尋ねる,たずねる,"묻다, 질문하다",駅へ行く道を尋ねる。,역으로 가는 길을 묻다.,,尋ねる たずねる 駅へ行く道を尋ねる。,N2
동사,verb,達する,たっする,"달하다, 도달하다",目的地に達する。,목적지에 도달하다.,,達する たっする 目的地に達する。,N2
동사,verb,例える,たとえる,"비유하다, 빗대다",人生を旅に例える。,인생을 여행에 비유하다.,,例える たとえる 人生を旅に例える。,N2
동사,verb,ダブる,だぶる,"겹치다, 중복되다",字がダブって見える。,글자가 겹쳐 보인다.,,ダブる だぶる 字がダブって見える。,N2
동사,verb,黙る,だまる,"다물다, 침묵하다, 잠자코 있다",黙って話を聞く。,잠자코 이야기를 듣다.,,黙る だまる 黙って話を聞く。,N2
동사,verb,試す,ためす,시험하다,自分の力を試す。,자신의 힘을 시험하다.,,試す ためす 自分の力を試す。,N2
동사,verb,ためらう,ためらう,"망설이다, 주저하다",はっきりした返事をためらう。,확실한 대답을 주저하다.,,ためらう ためらう はっきりした返事をためらう。,N2
동사,verb,保つ,たもつ,유지하다,若さを保つ。,젊음을 유지하다.,,保つ たもつ 若さを保つ。,N2
동사,verb,頼る,たよる,의지하다,親に頼りすぎて自立できない。,부모에게 너무 의지하여 자립할 수 없다.,,頼る たよる 親に頼りすぎて自立できない。,N2
동사,verb,誓う,ちかう,"맹세하다, 서약하다",二人は永遠の愛を誓った。,두 사람은 영원한 사랑을 맹세했다.,,誓う ちかう 二人は永遠の愛を誓った。,N2
동사,verb,近寄る,ちかよる,"접근하다, 다가가다",近寄ってよく見る。,다가가서 잘 살펴보다.,,近寄る ちかよる 近寄ってよく見る。,N2
동사,verb,ちぎる,ちぎる,"잘게 찢다, 잡아 뜯다",パンをちぎって食べる。,빵을 뜯어 먹다.,,ちぎる ちぎる パンをちぎって食べる。,N2
동사,verb,契る,ちぎる,"굳게 약속하다, 결혼을 약속하다",友と契ったことを果たす。,친구와 굳게 약속한 것을 이루어내다.,,契る ちぎる 友と契ったことを果たす。,N2
동사,verb,縮む,ちぢむ,"줄어들다, 쭈글쭈글해지다",ズボンが縮む。,바지가 줄어들다(작아지다).,,縮む ちぢむ ズボンが縮む。,N2
동사,verb,縮める,ちぢめる,"줄이다, 축소시키다, 단축시키다",得点差を1点に縮める。,득점 차를 1점으로 줄이다.,,縮める ちぢめる 得点差を1点に縮める。,N2
동사,verb,縮れる,ちぢれる,"주름지다, 곱슬거리다, 오그라들다",髪の毛が縮れる。,머리카락이 곱슬거리다.,,縮れる ちぢれる 髪の毛が縮れる。,N2
동사,verb,散らす,ちらす,"뿌리다, 흩어놓다",嵐が花びらを散らす。,바람이 꽃잎을 흩어지게 하다.,,散らす ちらす 嵐が花びらを散らす。,N2
동사,verb,突き当たる,つきあたる,"부딪치다, 마주치다, 충돌하다",バイクが電柱に突き当たる。,오토바이가 전봇대에 부딪치다.,,突き当たる つきあたる バイクが電柱に突き当たる。,N2
동사,verb,尽きる,つきる,"다하다, 떨어지다, 바닥나다",体力が尽きる。,체력이 떨어지다.,,尽きる つきる 体力が尽きる。,N2
동사,verb,就く,つく,"지위에 오르다, 취임하다, 취업하다",重役のポストに就く。,중역의 자리에 취임하다.,,就く つく 重役のポストに就く。,N2
동사,verb,次ぐ,つぐ,"뒤따르다, 잇따르다",地震に次いで津波が起こる。,지진에 잇따라 해일이 일어나다.,,次ぐ つぐ 地震に次いで津波が起こる。,N2
동사,verb,作り出す,つくりだす,만들어내다,製品を作り出す。,제품을 만들어내다.,,作り出す つくりだす 製品を作り出す。,N2
동사,verb,造る,つくる,만들다,船を造る。,배를 만들다.,,造る つくる 船を造る。,N2
동사,verb,突っ込む,つっこむ,"① 돌진하다 ② 마구 집어넣다, 처넣다",ゴールに突っ込む。本をかばんに突っ込む。,골을 향해 돌진하다. 책을 가방에 마구 집어넣다.,,突っ込む つっこむ ゴールに突っ込む。本をかばんに突っ込む。,N2
동사,verb,務める,つとめる,"(임무, 역할)을 맡다",主役を務める。,주역을 맡다.,,務める つとめる 主役を務める。,N2
동사,verb,つながる,つながる,"연결되다, 이어지다",電話がつながる。,전화가 연결되다.,,つながる つながる 電話がつながる。,N2
동사,verb,つなげる,つなげる,"연결하다, 잇다",紐をつなげて長くする。,끈을 연결하여 길게 만들다.,,つなげる つなげる 紐をつなげて長くする。,N2
동사,verb,つねる,つねる,꼬집다,子供の手をつねる。,아이의 손을 꼬집다.,,つねる つねる 子供の手をつねる。,N2
동사,verb,つまずく,つまずく,"발이 걸려 넘어지다, 좌절하다",石につまずいて転ぶ。,돌에 걸려 넘어지다.,,つまずく つまずく 石につまずいて転ぶ。,N2
동사,verb,詰まる,つまる,"가득 차다, 막히다",本棚には本が詰まっている。,책장에는 책이 가득 차 있다.,,詰まる つまる 本棚には本が詰まっている。,N2
동사,verb,詰める,つめる,"(가득) 채우다, 채워 넣다",箱に服を詰める。,상자에 옷을 가득 채우다.,,詰める つめる 箱に服を詰める。,N2
동사,verb,釣り合う,つりあう,"어울리다, 균형잡히다",収入と支出が釣り合う。,수입과 지출이 균형 잡히다.,,釣り合う つりあう 収入と支出が釣り合う。,N2
동사,verb,吊る,つる,"매달다, 매다",ちょうちんを吊る。,초롱을 매달다.,,吊る つる ちょうちんを吊る。,N2
동사,verb,吊るす,つるす,매달다,洋服をハンガーに吊るす。,양복을 옷걸이에 매달다.,,吊るす つるす 洋服をハンガーに吊るす。,N2
동사,verb,適する,てきする,"적합하다, 알맞다",体力に適した運動をする。,체력에 적합한 운동을 하다.,,適する てきする 体力に適した運動をする。,N2
동사,verb,出くわす,でくわす,"우연히 만나다, 마주치다, 맞닥뜨리다",駅で昔の友達と出くわした。,역에서 옛 친구와 우연히 만났다.,,出くわす でくわす 駅で昔の友達と出くわした。,N2
동사,verb,照らす,てらす,비추다,ライトで舞台を照らす。,조명으로 무대를 비추다.,,照らす てらす ライトで舞台を照らす。,N2
동사,verb,照る,てる,"밝게 비치다, (날씨가) 개다",日が照っている。,해가 밝게 비치고 있다.,,照る てる 日が照っている。,N2
동사,verb,問い合わせる,といあわせる,"문의하다, 조회하다",電話で会議の日程を問い合わせる。,전화로 회의 일정을 문의하다.,,問い合わせる といあわせる 電話で会議の日程を問い合わせる。,N2
동사,verb,問いかける,といかける,"물어 보다, 질문을 던지다",社会に環境問題を問いかける。,사회에 환경문제를 제기하다.,,問いかける といかける 社会に環境問題を問いかける。,N2
동사,verb,通す,とおす,통과시키다,針に糸を通す。,바늘에 실을 꿰다(통과시키다).,,通す とおす 針に糸を通す。,N2
동사,verb,通りかかる,とおりかかる,우연히 지나가다,通りかかった人に助けられる。,우연히 지나가던 사람에게 도움을 받다.,,通りかかる とおりかかる 通りかかった人に助けられる。,N2
동사,verb,尖る,とがる,뾰족하다,針の先は鋭く尖っている。,바늘 끝은 날카롭게 뾰족하다.,,尖る とがる 針の先は鋭く尖っている。,N2
동사,verb,解く,とく,풀다,難しい問題を解く。,어려운 문제를 풀다.,,解く とく 難しい問題を解く。,N2
동사,verb,どく,どく,"물러나다, 비키다",ちょっとどいてください。,조금 비켜 주세요.,,どく どく ちょっとどいてください。,N2
동사,verb,溶け込む,とけこむ,"① 용해되다 ② 융화되다, 동화되다",塩分が溶け込む。新しい職場に溶け込む。,염분이 물에 용해되다. 새로운 직장에 익숙해지다.,,溶け込む とけこむ 塩分が溶け込む。新しい職場に溶け込む。,N2
동사,verb,溶ける,とける,녹다,雪が溶ける。,눈이 녹다.,,溶ける とける 雪が溶ける。,N2
동사,verb,解ける,とける,"풀리다, 풀어지다, 해제되다",なぞが解ける。,수수께끼가 풀리다.,,解ける とける なぞが解ける。,N2
동사,verb,どける,どける,"치우다, 다른 곳으로 옮기다",その荷物をどけてください。,그 짐을 치워 주세요.,,どける どける その荷物をどけてください。,N2
동사,verb,整う,ととのう,"갖추어지다, 정돈되다",準備が整う。,준비가 갖추어지다.,,整う ととのう 準備が整う。,N2
동사,verb,とどまる,とどまる,머물다,当分東京にとどまるつもりだ。,당분간 도쿄에 머물 생각이다.,,とどまる とどまる 当分東京にとどまるつもりだ。,N2
동사,verb,伴う,ともなう,"따르다, 동반하다",この仕事には危険が伴う。,이 일에는 위험이 따른다.,,伴う ともなう この仕事には危険が伴う。,N2
동사,verb,とらえる,とらえる,"잡다, 파악하다",チャンスをとらえる。,찬스를 잡다.,,とらえる とらえる チャンスをとらえる。,N2
동사,verb,取り上げる,とりあげる,"채택하다, 거론하다",部下の意見を取り上げる。,부하의 의견을 채택하다.,,取り上げる とりあげる 部下の意見を取り上げる。,N2
동사,verb,取り入れる,とりいれる,"① 도입하다 ② 걷어들이다, 수확하다",外国の文化を取り入れる。洗濯物を取り入れる。,외국의 문화를 도입하다. 세탁물을 걷어들이다.,,取り入れる とりいれる 外国の文化を取り入れる。洗濯物を取り入れる。,N2
동사,verb,取り組む,とりくむ,몰두하다,真剣に研究に取り組む。,진지하게 연구에 몰두하다.,,取り組む とりくむ 真剣に研究に取り組む。,N2
동사,verb,長引く,ながびく,"오래 걸리다, 길어지다",会議が長引く。,회의가 길어지다.,,長引く ながびく 会議が長引く。,N2
동사,verb,眺める,ながめる,바라보다,窓から夜景を眺める。,창에서 야경을 바라본다.,,眺める ながめる 窓から夜景を眺める。,N2
동사,verb,慰める,なぐさめる,위로하다,落ち込んでいる友人を慰める。,낙담하고 있는 친구를 위로하다.,,慰める なぐさめる 落ち込んでいる友人を慰める。,N2
동사,verb,殴る,なぐる,때리다,相手を殴る。,상대를 때리다.,,殴る なぐる 相手を殴る。,N2
동사,verb,なでる,なでる,쓰다듬다,頭をなでる。,머리를 쓰다듬다.,,なでる なでる 頭をなでる。,N2
동사,verb,成る,なる,"구성되다, 이루어지다",この国は多民族から成る。,이 나라는 다민족으로 구성된다.,,成る なる この国は多民族から成る。,N2
동사,verb,煮える,にえる,"익다, 삶아지다, 끓다",豆が煮える。,콩이 익다.,,煮える にえる 豆が煮える。,N2
동사,verb,におう,におう,"냄새나다, 향기가 나다",せっけんがにおう。,비누 향기가 난다.,,におう におう せっけんがにおう。,N2
동사,verb,逃がす,にがす,① 놓아주다 ② 놓치다,小鳥をかごから逃がす。犯人を逃がす。,작은 새를 새장에서 놓아주다. 범인을 놓치다.,,逃がす にがす 小鳥をかごから逃がす。犯人を逃がす。,N2
동사,verb,握り締める,にぎりしめる,"움켜쥐다, 꽉 쥐다",母親の手を握り締める。,어머니의 손을 꽉 쥐다.,,握り締める にぎりしめる 母親の手を握り締める。,N2
동사,verb,握る,にぎる,"잡다, 쥐다",ペンを握る。,펜을 잡다.,,握る にぎる ペンを握る。,N2
동사,verb,憎む,にくむ,"미워하다, 싫어하다",人を憎む。,사람을 미워하다.,,憎む にくむ 人を憎む。,N2
동사,verb,濁る,にごる,탁해지다,川の水が濁る。,강물이 탁해지다.,,濁る にごる 川の水が濁る。,N2
동사,verb,縫う,ぬう,"꿰매다, 바느질하다",布を縫って服を作る。,옷감을 바느질하여 옷을 만든다.,,縫う ぬう 布を縫って服を作る。,N2
동사,verb,ねじる,ねじる,"비틀다, 틀다, 돌리다",水道の栓をねじる。,수도꼭지를 비틀다.,,ねじる ねじる 水道の栓をねじる。,N2
동사,verb,熱する,ねっする,"뜨겁게 하다, 가열하다",鉄を熱する。,철을 가열하다.,,熱する ねっする 鉄を熱する。,N2
동사,verb,狙う,ねらう,"노리다, 목표로 하다",優勝を狙う。,우승을 노리다.,,狙う ねらう 優勝を狙う。,N2
동사,verb,逃す,のがす,놓치다,チャンスを逃す。,찬스를 놓치다.,,逃す のがす チャンスを逃す。,N2
동사,verb,望む,のぞむ,"바라다, 희망하다",子供の幸せを望む。,아이의 행복을 바라다.,,望む のぞむ 子供の幸せを望む。,N2
동사,verb,跳ねる,はねる,"뛰어오르다, 튀다",ボールが跳ねる。,공이 뛰어오르다.,,跳ねる はねる ボールが跳ねる。,N2
동사,verb,省く,はぶく,"생략하다, 없애다, 줄이다",詳しい説明を省く。,자세한 설명을 생략하다.,,省く はぶく 詳しい説明を省く。,N2
동사,verb,はめる,はめる,"끼다, 끼워 넣다",手袋をはめる。,장갑을 끼다.,,はめる はめる 手袋をはめる。,N2
동사,verb,流行る,はやる,유행하다,インフルエンザが流行っている。,독감이 유행하고 있다.,,流行る はやる インフルエンザが流行っている。,N2
동사,verb,払い込む,はらいこむ,"불입하다, 납입하다",税金を払い込む。,세금을 납입하다.,,払い込む はらいこむ 税金を払い込む。,N2
동사,verb,張り切る,はりきる,의욕이 넘치다,仕事に張り切る。,일에 의욕이 넘치다.,,張り切る はりきる 仕事に張り切る。,N2
동사,verb,引き返す,ひきかえす,"(원래 장소로) 되돌리다, 되돌아가다",途中で引き返す。,도중에 방향을 되돌리다.,,引き返す ひきかえす 途中で引き返す。,N2
동사,verb,引き止める,ひきとめる,"만류하다, 제지하다, 말리다",辞任を引き止める。,사임을 만류하다.,,引き止める ひきとめる 辞任を引き止める。,N2
동사,verb,引っかかる,ひっかかる,걸리다,彼の言葉が妙に引っかかる。,그의 말이 묘하게 마음에 걸린다.,,引っかかる ひっかかる 彼の言葉が妙に引っかかる。,N2
동사,verb,ひっくり返す,ひっくりかえす,"뒤집다, 뒤엎다",決定をひっくり返す。,결정을 뒤집다.,,ひっくり返す ひっくりかえす 決定をひっくり返す。,N2
동사,verb,ひっくり返る,ひっくりかえる,"뒤집히다, 엎어지다",ボートがひっくり返る。,보트가 뒤집히다.,,ひっくり返る ひっくりかえる ボートがひっくり返る。,N2
동사,verb,引っ込む,ひっこむ,틀어박히다,自分の部屋に引っ込む。,자기 방에 틀어박히다.,,引っ込む ひっこむ 自分の部屋に引っ込む。,N2
동사,verb,引っ張る,ひっぱる,"이끌다, 당기다",ロープを引っ張る。,로프를 당기다.,,引っ張る ひっぱる ロープを引っ張る。,N2
동사,verb,ひねる,ひねる,"돌리다, 비틀다",スイッチをひねる。,스위치를 돌리다.,,ひねる ひねる スイッチをひねる。,N2
동사,verb,響く,ひびく,"(소리가) 울리다, 울려 퍼지다",鐘の音が響く。,종소리가 울리다.,,響く ひびく 鐘の音が響く。,N2
동사,verb,広める,ひろめる,넓히다,知識を広める。,지식을 넓히다.,,広める ひろめる 知識を広める。,N2
동사,verb,含む,ふくむ,"포함하다, 함유하다, 머금다",料金にはサービス料が含まれる。,요금에는 서비스료가 포함된다.,,含む ふくむ 料金にはサービス料が含まれる。,N2
동사,verb,含める,ふくめる,"포함하다, 포함시키다",手数料を含めて請求する。,수수료를 포함하여 청구하다.,,含める ふくめる 手数料を含めて請求する。,N2
동사,verb,膨らます,ふくらます,"부풀리다, 부풀게 하다",風船を膨らます。,풍선을 부풀리다.,,膨らます ふくらます 風船を膨らます。,N2
동사,verb,膨らむ,ふくらむ,"부풀다, 부풀어 오르다, 팽창하다",予算が膨らむ。,예산이 팽창하다.,,膨らむ ふくらむ 予算が膨らむ。,N2
동사,verb,更ける,ふける,"(계절, 밤이) 깊어지다",夜が更ける。,밤이 깊어지다.,,更ける ふける 夜が更ける。,N2
동사,verb,塞がる,ふさがる,"막히다, 차다, 닫히다",工事のトラックで道が塞がっている。,공사 트럭으로 길이 막혀 있다.,,塞がる ふさがる 工事のトラックで道が塞がっている。,N2
동사,verb,塞ぐ,ふさぐ,"막다, 닫다",入口を塞ぐ。,입구를 막다.,,塞ぐ ふさぐ 入口を塞ぐ。,N2
동사,verb,ふざける,ふざける,장난치다,子供たちがふざけてうるさい。,아이들이 장난을 쳐서 시끄럽다.,,ふざける ふざける 子供たちがふざけてうるさい。,N2
동사,verb,ぶら下がる,ぶらさがる,"늘어지다, 매달리다",天井から電灯がぶら下がっている。,천정에서 전등이 매달려 있다.,,ぶら下がる ぶらさがる 天井から電灯がぶら下がっている。,N2
동사,verb,ぶら下げる,ぶらさげる,"늘어뜨리다, 매달다, (손에) 들다",紙袋をぶら下げて歩く。,종이봉투를 들고 걷다.,,ぶら下げる ぶらさげる 紙袋をぶら下げて歩く。,N2
동사,verb,振り向く,ふりむく,뒤돌아보다,後ろを振り向く。,뒤를 돌아보다.,,振り向く ふりむく 後ろを振り向く。,N2
동사,verb,振る舞う,ふるまう,① 행동하다 ② 대접하다,明るく振る舞う。客に料理を振る舞う。,밝게 행동하다. 손님에게 요리를 대접하다.,,振る舞う ふるまう 明るく振る舞う。客に料理を振る舞う。,N2
동사,verb,触れる,ふれる,"닿다, 접하다, 스치다",外国の文化に触れる。,외국 문화를 접하다.,,触れる ふれる 外国の文化に触れる。,N2
동사,verb,へこむ,へこむ,"움푹 들어가다, 패이다",車体が大きくへこんだ。,차체가 크게 움푹 들어갔다.,,へこむ へこむ 車体が大きくへこんだ。,N2
동사,verb,隔たる,へだたる,"거리가 떨어지다, 멀어지다",家は学校から遠く隔たっている。,집은 학교에서 멀리 떨어져 있다.,,隔たる へだたる 家は学校から遠く隔たっている。,N2
동사,verb,隔てる,へだてる,"거리를 두다, 사이에 두다",道を隔てて向かい合う。,길을 사이에 두고 서로 마주보다.,,隔てる へだてる 道を隔てて向かい合う。,N2
동사,verb,放る,ほうる,"던지다, 내던지다, 내팽개치다",ボールを空高く放る。,볼을 하늘 높이 던지다.,,放る ほうる ボールを空高く放る。,N2
동사,verb,吠える,ほえる,"짖다, 으르렁거리다",犬が吠える。,개가 짖다.,,吠える ほえる 犬が吠える。,N2
동사,verb,掘る,ほる,"파다, 파내다, 캐다",庭を掘って木を植える。,정원을 파서 나무를 심다.,,掘る ほる 庭を掘って木を植える。,N2
동사,verb,まく,まく,"뿌리다, 살포하다",庭に水をまく。,정원에 물을 뿌리다.,,まく まく 庭に水をまく。,N2
동사,verb,混じる,まじる,섞이다,酒に水が混じる。,술에 물이 섞이다.,,混じる まじる 酒に水が混じる。,N2
동사,verb,増す,ます,"늘어나다, 많아지다",人口が増す。,인구가 늘어나다.,,増す ます 人口が増す。,N2
동사,verb,祭る,まつる,"제사지내다, 섬기다",先祖を祭る。,조상의 제사를 지내다.,,祭る まつる 先祖を祭る。,N2
동사,verb,真似る,まねる,"흉내내다, 모방하다",話し方を真似る。,말투를 흉내내다.,,真似る まねる 話し方を真似る。,N2
동사,verb,回す,まわす,돌리다,ハンドルを回す。,핸들을 돌리다.,,回す まわす ハンドルを回す。,N2
동사,verb,乱れる,みだれる,"흐트러지다, 혼란스러워지다",嵐で髪が乱れる。,바람으로 머리카락이 흐트러지다.,,乱れる みだれる 嵐で髪が乱れる。,N2
동사,verb,導く,みちびく,"이끌다, 인도하다",客を応接間に導く。,손님을 응접실로 인도하다.,,導く みちびく 客を応接間に導く。,N2
동사,verb,満ちる,みちる,가득차다,確信に満ちる。,확신으로 가득차다.,,満ちる みちる 確信に満ちる。,N2
동사,verb,見つめる,みつめる,"응시하다, 주시하다",現実を見つめる。,현실을 응시하다(직시하다).,,見つめる みつめる 現実を見つめる。,N2
동사,verb,認める,みとめる,인정하다,負けを認める。,패배를 인정하다.,,認める みとめる 負けを認める。,N2
동사,verb,見慣れる,みなれる,"보아서 익숙하다, 낯익다",見慣れない人が立っている。,낯선 사람이 서 있다.,,見慣れる みなれる 見慣れない人が立っている。,N2
동사,verb,身につける,みにつける,"터득하다, 익히다",フランス語を身につける。,프랑스어를 익히다.,,身につける みにつける フランス語を身につける。,N2
동사,verb,実る,みのる,"열매 맺다, 결실을 맺다, 성과를 거두다",長年の苦労が実る。,오랜 고생이 결실을 맺다.,,実る みのる 長年の苦労が実る。,N2
동사,verb,向かう,むかう,향하다,目標に向かって進む。,목표를 향해 나아가다.,,向かう むかう 目標に向かって進む。,N2
동사,verb,向ける,むける,"향하다, (방향으로) 돌리다",顔を向ける。,얼굴을 향하다.,,向ける むける 顔を向ける。,N2
동사,verb,命じる,めいじる,명령하다,転勤を命じる。,전근을 명하다.,,命じる めいじる 転勤を命じる。,N2
동사,verb,恵まれる,めぐまれる,"혜택을 받다, 풍족하다",資源に恵まれる。,자원이 풍족하다.,,恵まれる めぐまれる 資源に恵まれる。,N2
동사,verb,めぐる,めぐる,① 돌다 ② 둘러싸다,季節がめぐって春を迎える。遺産をめぐって兄弟が争っている。,계절이 돌아서 봄을 맞이하다. 유산을 둘러싸고 형제가 다투고 있다.,,めぐる めぐる 季節がめぐって春を迎える。遺産をめぐって兄弟が争っている。,N2
동사,verb,目指す,めざす,"목표로 하다, 노리다",金メダルを目指す。,금메달을 목표로 하다.,,目指す めざす 金メダルを目指す。,N2
동사,verb,面する,めんする,"향하다, 마주하다",大通りに面してビルが建ち並んでいる。,대로를 향해 빌딩이 늘어서 있다.,,面する めんする 大通りに面してビルが建ち並んでいる。,N2
동사,verb,儲かる,もうかる,"벌이가 되다, 벌다, 득을 보다",株で儲かる。,주식으로 돈을 벌다.,,儲かる もうかる 株で儲かる。,N2
동사,verb,儲ける,もうける,돈을 벌다,莫大な金を儲ける。,막대한 돈을 벌다.,,儲ける もうける 莫大な金を儲ける。,N2
동사,verb,潜る,もぐる,"잠수하다, 숨어들다",海に潜る。,바다에 잠수하다.,,潜る もぐる 海に潜る。,N2
동사,verb,述べる,のべる,"말하다, 서술하다",意見を述べる。,의견을 말하다.,,述べる のべる 意見を述べる。,N2
동사,verb,昇る,のぼる,"오르다, (해·달) 뜨다",日が昇る。,해가 뜨다.,,昇る のぼる 日が昇る。,N2
동사,verb,乗り過ごす,のりすごす,정차역을 지나치다,うっかりして乗り過ごす。,깜빡해서 한 역을 지나치다.,,乗り過ごす のりすごす うっかりして乗り過ごす。,N2
동사,verb,剥がす,はがす,"벗기다, 떼어내다",ポスターを剥がす。,포스터를 떼어내다.,,剥がす はがす ポスターを剥がす。,N2
동사,verb,吐く,はく,"구토하다, 뱉다",酒に酔って吐く。,술에 취해 토하다.,,吐く はく 酒に酔って吐く。,N2
동사,verb,挟まる,はさまる,"끼다, 끼이다",電車のドアにかばんが挟まる。,전철 문에 가방이 끼이다.,,挟まる はさまる 電車のドアにかばんが挟まる。,N2
동사,verb,挟む,はさむ,"끼다, 끼우다",パンにハムを挟む。,빵에 햄을 끼워넣다.,,挟む はさむ パンにハムを挟む。,N2
동사,verb,果たす,はたす,"다하다, 완수하다, 해내다",任務を果たす。,임무를 완수하다.,,果たす はたす 任務を果たす。,N2
동사,verb,罰する,ばっする,"벌하다, 처벌하다",法律によって罰する。,법률에 따라 처벌하다.,,罰する ばっする 法律によって罰する。,N2
동사,verb,話し込む,はなしこむ,이야기에 열중하다,時を忘れて話し込む。,시간 가는 줄도 모르고 이야기하다.,,話し込む はなしこむ 時を忘れて話し込む。,N2
동사,verb,放す,はなす,"풀어놓다, 놓아주다",牛を牧場に放す。,소를 목장에 풀어놓다.,,放す はなす 牛を牧場に放す。,N2
동사,verb,離れる,はなれる,"떨어지다, 벗어나다",親と離れて生活する。,부모와 떨어져 생활하다.,,離れる はなれる 親と離れて生活する。,N2
동사,verb,もたれる,もたれる,"기대다, 의지하다",壁にもたれる。,벽에 기대다.,,もたれる もたれる 壁にもたれる。,N2
동사,verb,持ち上げる,もちあげる,"들어올리다, 치켜세우다",荷物を持ち上げる。,짐을 들어올리다.,,持ち上げる もちあげる 荷物を持ち上げる。,N2
동사,verb,用いる,もちいる,"쓰다, 사용하다, 이용하다",新しい方法を用いる。,새로운 방법을 이용하다.,,用いる もちいる 新しい方法を用いる。,N2
동사,verb,基づく,もとづく,"기초를 두다, 근거하다",規則に基づいて処理する。,규칙에 근거해 처리하다.,,基づく もとづく 規則に基づいて処理する。,N2
동사,verb,求める,もとめる,"요구하다, 구하다, 바라다",謝罪を求める。,사죄를 요구하다.,,求める もとめる 謝罪を求める。,N2
동사,verb,揉む,もむ,"비비다, 주무르다",肩を揉む。,어깨를 주무르다.,,揉む もむ 肩を揉む。,N2
동사,verb,休まる,やすまる,"편안해지다, 피로가 풀리다",気が休まる。,마음이 편안해지다.,,休まる やすまる 気が休まる。,N2
동사,verb,やっつける,やっつける,"해치우다, 혼내주다",たまった仕事をやっつける。,쌓인 일을 해치우다.,,やっつける やっつける たまった仕事をやっつける。,N2
동사,verb,やって来る,やってくる,"찾아오다, 다가오다",彼がやって来た。,그가 찾아왔다.,,やって来る やってくる 彼がやって来た。,N2
동사,verb,雇う,やとう,고용하다,人を雇う。,사람을 고용하다.,,雇う やとう 人を雇う。,N2
동사,verb,敗れる,やぶれる,"지다, 패배하다",試合に敗れる。,시합에 지다.,,敗れる やぶれる 試合に敗れる。,N2
동사,verb,譲る,ゆずる,양보하다,お年寄りに席を譲る。,노인에게 자리를 양보하다.,,譲る ゆずる お年寄りに席を譲る。,N2
동사,verb,止す,よす,"그만두다, 멈추다, 중지하다",騒ぐのは止しなさい。,떠드는 일은 그만하렴.,,止す よす 騒ぐのは止しなさい。,N2
동사,verb,寄せる,よせる,"다가오다, 부르다, 가까이 대다",机を隅に寄せる。,책상을 구석에 대다.,,寄せる よせる 机を隅に寄せる。,N2
동사,verb,呼びかける,よびかける,호소하다,住民に協力を呼びかける。,주민에게 협력을 호소하다.,,呼びかける よびかける 住民に協力を呼びかける。,N2
동사,verb,呼び止める,よびとめる,불러 세우다,見知らぬ人に呼び止められる。,낯선 사람이 불러 세우다.,,呼び止める よびとめる 見知らぬ人に呼び止められる。,N2
동사,verb,略する,りゃくする,"줄이다, 생략하다",詳しい説明は略する。,자세한 설명은 생략하겠다.,,略する りゃくする 詳しい説明は略する。,N2
동사,verb,詫びる,わびる,"사과하다, 사죄하다",自分の過ちを詫びる。,자신의 잘못을 사과하다.,,詫びる わびる 自分の過ちを詫びる。,N2
이형용사,i_adjective,清い,きよい,맑다,川の清い流れを見る。,강의 맑은 흐름을 보다.,,清い 맑다 川の清い流れを見る。강의 맑은 흐름을 보다. きよい,N2
이형용사,i_adjective,くどい,くどい,장황하다,話がくどくなる。,이야기가 장황해지다.,,くどい 장황하다 話がくどくなる。이야기가 장황해지다.,N2
이형용사,i_adjective,煙い,けむい,"눈이 따갑다, 맵다",たばこの煙が煙い。,담배 연기로 눈이 따갑다.,,煙い 눈이 따갑다. 맵다 たばこの煙が遅い。담배 연기로 눈이 따갑다. けむむい,N2
이형용사,i_adjective,心強い,こころづよい,든든하다,君がいてくれれば心強い。,네가 있어 준다면 든든하다.,,心強い 2012 든든하다 がいてくれれば心強い。 네가 있어 준다면 든든하다. こころづよい,N2
이형용사,i_adjective,快い,こころよい,"기분 좋다, 상쾌하다",仕事を快く引き受ける。,일을 흔쾌히 받아들이다.,,快い 2016 기분 좋다. 상쾌하다 仕事を快く引き受ける 일을 흔쾌히 받아들이다. こころよい,N2
이형용사,i_adjective,騒がしい,さわがしい,소란스럽다,教室が騒がしい。,교실이 소란스럽다.,,騒がしい 소란스럽다 教室が騒がしい。교실이 소란스럽다. さわがしい,N2
이형용사,i_adjective,仕方がない,しかたがない,"어쩔 수 없다, 방법이 없다",そうするしか仕方がない。,그렇게 하는 수밖에 방법이 없다.,,仕方がない 어쩔 수 없다. 방법이 없다 そうするしか仕方がない。 그렇게 하는 수밖에 방법이 없다. しかたがない,N2
이형용사,i_adjective,湿っぽい,しめっぽい,"눅눅하다, 축축하다",雨が降り続いて家の中が湿っぽい。,비가 계속 내려서 집안이 눅눅하다.,,湿っぽい 2014 눅눅하다. 축축하다 が降り続いて家の中が湿っぽい。 비가 계속 내려서 집안이 눅눅하다. しめっぽい,N2
이형용사,i_adjective,しょうがない,しょうがない,"어쩔 수 없다, 다른 방법이 없다",遅れてもしょうがない。,늦어도 어쩔 수 없다.,,しょうがない 어쩔 수 없다. 다른 방법이 없다 遅れてもしょうがない。늦어도 어쩔 수 없다.,N2
이형용사,i_adjective,しょっぱい,しょっぱい,짜다,みそ汁がしょっぱい。,된장국이 짜다.,,しょっぱい 짜다 みそ汁がしょっぱい。된장국이 짜다.,N2
이형용사,i_adjective,白々しい,しらじらしい,"속이 빤히 보이다, 천연덕스럽다",白々しいうそをつく。,속이 빤한 거짓말을 하다.,,白々しい 속이 빤히 보이다. 천연덕스럽다 1606 白々しいうそをつく。속이 반한 거짓말을 하다. しらじらしい,N2
이형용사,i_adjective,酸っぱい,すっぱい,"시다, 시큼하다",酸っぱい味がする。,시큼한 맛이 나다.,,酸っぱい 시다. 시큼하다 あじ 酸っぱい味がする。 시름한 맛이 나다. すっぱい,N2
이형용사,i_adjective,温かい,あたたかい,따뜻하다,温かいご飯。,따뜻한 밥.,,温かい 따뜻하다 温かいご飯。따뜻한 밥. あたたかい,N2
이형용사,i_adjective,厚かましい,あつかましい,뻔뻔스럽다,厚かましい人。,뻔뻔스러운 사람.,,厚かましい 뻔뻔스럽다 厚かましい人。뻔뻔스러운 사람. あつかましい,N2
이형용사,i_adjective,危うい,あやうい,위험하다,生命が危うい。,생명이 위험하다.,,危うい 위험하다 せいめいあら 生命が危うい。생명이 위험하다. あやうい,N2
이형용사,i_adjective,荒い,あらい,"거칠다, 거세다",波が荒い。,파도가 거칠다.,,荒い 거칠다. 거세다 波が荒い。파도가 거칠다. あらい,N2
이형용사,i_adjective,淡い,あわい,"엷다, 흐리다, 희미하다",色が淡い。,색이 흐리다.,,淡い 엷다. 흐리다. 희미하다 いろ 色が淡い。색이 흐리다. あわい,N2
이형용사,i_adjective,慌ただしい,あわただしい,"분주하다, 어수선하다",慌ただしい一日を送る。,분주한 하루를 보내다.,,慌ただしい 2013 분주하다. 어수선하다 慌ただしい一日を送る。분주한 하루를 보내다. あわただしい,N2
이형용사,i_adjective,偉い,えらい,① 훌륭하다 ② 지위가 높다,偉い人になりたい。部長は課長より偉い。,훌륭한 사람이 되고 싶다. 부장은 과장보다 지위가 높다.,,偉い ① 훌륭하다 ② 지위가 높다 後い になりたい。훌륭한 사람이 되고 싶다. 部長は課長より偉い。 부장은 과장보다 지위가 높다. えらい,N2
이형용사,i_adjective,惜しい,おしい,아깝다,時間が惜しい。,시간이 아깝다.,,惜しい 2016 아깝다 時間が惜しい。시간이 아깝다. おしい,N2
이형용사,i_adjective,思いがけない,おもいがけない,뜻밖이다,思いがけない人が訪ねてきた。,뜻밖의 사람이 찾아왔다.,,思いがけない 2013 Π 뜻밖이다 思いがけない人が訪ねてきた 뜻밖의 사람이 찾아왔다. おもいがけない,N2
이형용사,i_adjective,輝かしい,かがやかしい,빛나다,輝かしい業績を残す。,빛나는 업적을 남기다.,,輝かしい 2015 Π 빛나다 輝かしい業績を残す。빛나는 업적을 남기다. かがやかしい,N2
이형용사,i_adjective,規則正しい,きそくただしい,규칙적이다,規則正しく並べる。,규칙적으로 늘어놓다.,,規則正しい A 규칙적이다 なら 規則正しく並べる。규칙적으로 늘어놓다. きそくただしい,N2
이형용사,i_adjective,ずるい,ずるい,"약삭빠르다, 치사하다, 간사하다",ずるい事をする。,약삭빠른 일을 하다(약삭빠르게 행동하다).,,ずるい 2016 약삭빠르다. 치사하다. 간사하다 こと ずるい事をする。약삭빠른 일을 하다(약삭빠르게 행동하다).,N2
이형용사,i_adjective,騒々しい,そうぞうしい,"떠들썩하다, 시끄럽다, 어수선하다",教室が騒々しい。,교실이 시끄럽다.,,騒々しい 2014 떠들썩하다. 시끄럽다. 어수선하다 教室が騒々しい。교실이 시끄럽다. そうぞうしい,N2
이형용사,i_adjective,たくましい,たくましい,"늠름하다, 강인하다, 건장하다",たくましい精神力。,강인한 정신력.,,"たくましい Π 2015 늠름하다. 강인하다. 건장하다 せいしんりょく たくましい精神力。 강인한 정신력,",N2
이형용사,i_adjective,たまらない,たまらない,"견딜 수 없다, 참을 수 없다",こんなに暑くてはたまらない。,이렇게 더워서는 견딜 수가 없다.,,たまらない 견딜 수 없다. 참을 수 없다 こんなに暑くてはたまらない。이렇게 더워서는 견딜 수가 없다.,N2
이형용사,i_adjective,だらしない,だらしない,"야무지지 못하다, 단정하지 못하다",服装がだらしない。,복장이 단정하지 못하다.,,だらしない 2019 야무지지 못하다. 단정하지 못하다 服装がだらしない。복장이 단정하지 못하다. ふくそう,N2
이형용사,i_adjective,力強い,ちからづよい,"힘차다, 든든하다",彼の演説は力強い。,그의 연설은 힘차다.,,力強い 힘차다. 든든하다 彼の演説は力強い。 그의 연설은 힘차다. ちからづよい,N2
이형용사,i_adjective,乏しい,とぼしい,"부족하다, 모자라다, 가난하다",経験に乏しい。,경험이 부족하다.,,乏しい 2015 부족하다. 모자라다. 가난하다 とぼしい 経験に芝しい。경험이 부족하다.,N2
이형용사,i_adjective,憎らしい,にくらしい,얄밉다,言い方が憎らしい。,말투가 얄밉다.,,憎らしい 얄밉다 言い方が憎らしい。말투가 얄밉다. にくらしい,N2
이형용사,i_adjective,鈍い,にぶい,"무디다, 둔하다, 느리다",動作が鈍い。,동작이 둔하다.,,鈍い 2018 무디다. 둔하다. 느리다 にぶい 動作が鈍い。동작이 둔하다.,N2
이형용사,i_adjective,のろい,のろい,"느리다, 둔하다",仕事がのろい。,일이 느리다.,,"のろい 느리다, 둔하다 仕事がのろい。일이 느리다.",N2
이형용사,i_adjective,ばからしい,ばからしい,"어리석다, 어처구니가 없다",ばからしくて話にならない。,어처구니가 없어서 말이 안된다.,,ばからしい 어리석다. 어처구니가 없다 ばからしくて話にならない。어처구니가 없어서 말이 안된다.,N2
이형용사,i_adjective,甚だしい,はなはだしい,"심하다, 지나치다",非常識も甚だしい。,몰상식도 심하다.,,甚だしい EL 심하다. 지나치다 ひじょうしきは 非常識も甚だしい。몰상식도 심하다. はなはだしい,N2
이형용사,i_adjective,等しい,ひとしい,"같다, 동일하다",二つの線の長さは等しい。,두 개의 선의 길이는 동일하다.,,等しい 2019 D 같다. 동일하다  の線の さは等しい。 두 개의 선의 길이는 동일하다. ひとしい,N2
이형용사,i_adjective,相応しい,ふさわしい,"적당하다, 어울리다",それは紳士に相応しくない行為だ。,그것은 신사에게 어울리지 않는 행위다.,,相応しい 2019 12 적당하다. 어울리다 それは紳士に相応しくない行為だ。 그것은 신사에게 어울리지 않는 행위다. ふさわしい,N2
이형용사,i_adjective,真っ白い,まっしろい,새하얗다,洗濯して真っ白くなる。,세탁을 해서 새하얗게 되다.,,真っ白い 새하얗다 洗濯して真っ白くなる 세탁을 해서 새하얗게 되다. まっしろい,N2
이형용사,i_adjective,みっともない,みっともない,"보기 흉하다, 꼴불견이다",みっともない姿は見せたくない。,보기 흉한 모습은 보여 주고 싶지 않다.,,みっともない ■ 보기 흉하다. 꼴불견이다=見苦しい みっともない姿は見せたくない。 보기 흉한 모습은 보여 주고 싶지 않다.,N2
이형용사,i_adjective,めでたい,めでたい,"경사스럽다, 기쁘다, 축하할 만하다",めでたく希望の学校に合格した。,경사스럽게 희망하는 학교에 합격했다.,,めでたい Π 경사스럽다. 기쁘다. 축하할 만하다 めでたく希望の学校に合格した 경사스럽게 희망하는 학교에 합격했다.,N2
이형용사,i_adjective,ものすごい,ものすごい,"굉장하다, 무섭다",足がものすごく痛い。,다리가 굉장히 아프다.,,ものすごい Π 굉장하다. 무섭다 がものすごく痛い。다리가 굉장히 아프다.,N2
이형용사,i_adjective,物足りない,ものたりない,"어딘가 부족하다, 조금 불만스럽다",食事の量が少なくて物足りない。,식사량이 적어서 조금 불만스럽다.,,物足りない 2013 ם 어딘가 부족하다. 조금 불만스럽다 食事の量が少なくて物足りない。 식사량이 적어서 조금 불만스럽다. ものたりない,N2
나형용사,na_adjective,快適な,かいてきな,쾌적한,快適な生活を送る。,쾌적한 생활을 보내다.,,快適な,N2
나형용사,na_adjective,確実な,かくじつな,확실한,あのチームの優勝は確実だ。,그 팀의 우승은 확실하다.,,確実な 2017,N2
나형용사,na_adjective,かすかな,かすかな,"희미한, 어렴풋한",虫の音がかすかに聞こえる。,벌레 소리가 희미하게 들린다.,,かすかな 2013,N2
나형용사,na_adjective,勝手な,かってな,제멋대로인,勝手なことを言うな。,제멋대로 지껄이지 마!,,勝手な 2017,N2
나형용사,na_adjective,可能な,かのうな,가능한,これは実現可能な計画ではない。,이것은 실현 가능한 계획이 아니다.,,可能な,N2
나형용사,na_adjective,頑丈な,がんじょうな,튼튼한,この建物は頑丈にできている。,이 건물은 튼튼하게 만들어져 있다.,,頑丈な 2014,N2
나형용사,na_adjective,肝心な,かんじんな,중요한,何よりも基本が肝心だ。,무엇보다도 기본이 중요하다.,,肝心な,N2
나형용사,na_adjective,貴重な,きちょうな,귀중한,貴重な情報を得る。,귀중한 정보를 얻다.,,貴重な 2016,N2
나형용사,na_adjective,気の毒な,きのどくな,"가엾은, 딱한",彼女が病気だとは気の毒だ。,그녀가 병이라니 딱하다.,,気の毒な,N2
나형용사,na_adjective,奇妙な,きみょうな,기묘한,奇妙な事件が起こる。,기묘한 사건이 일어나다.,,奇妙な 2012,N2
나형용사,na_adjective,客観的な,きゃっかんてきな,객관적인,客観的な意見を述べる。,객관적인 의견을 말하다.,,客観的な,N2
나형용사,na_adjective,あいまいな,あいまいな,"애매한, 모호한",説明にあいまいな点がある。,설명에 애매한 점이 있다.,,あいまいな 2019,N2
나형용사,na_adjective,鮮やかな,あざやかな,"선명한, 뚜렷한",鮮やかな色のドレスを着る。,선명한 색상의 드레스를 입다.,,鮮やかな 2015,N2
나형용사,na_adjective,新たな,あらたな,새로운,新たな問題が発生する。,새로운 문제가 발생하다.,,新たな,N2
나형용사,na_adjective,偉大な,いだいな,위대한,偉大な業績を残す。,위대한 업적을 남기다.,,偉大な,N2
나형용사,na_adjective,大柄な,おおがらな,몸집이 큰,大柄な男の人が現れた。,몸집이 큰 남자가 나타났다.,,大柄な,N2
나형용사,na_adjective,大げさな,おおげさな,"과장된, 요란스러운",彼の話はいつも大げさだ。,그의 이야기는 언제나 과장되어 있다.,,大げさな 2016,N2
나형용사,na_adjective,大幅な,おおはばな,대폭적인,大幅に値上がりする。,대폭적으로 가격이 오르다.,,大幅な,N2
나형용사,na_adjective,穏やかな,おだやかな,온화한,穏やかな気候が続く。,온화한 날씨가 이어지다.,,穏やかな 2017,N2
나형용사,na_adjective,温厚な,おんこうな,온후한,彼は優しくて温厚な人だ。,그는 상냥하고 온후한 사람이다.,,温厚な 2010,N2
나형용사,na_adjective,温暖な,おんだんな,온난한,この草は温暖な地方で育つ。,이 풀은 온난한 지방에서 자란다.,,温暖な 2015,N2
나형용사,na_adjective,急激な,きゅうげきな,급격한 人口が急激に増加する 인구가 급격하게 증가하다.,,,,急激な,N2
나형용사,na_adjective,器用な,きような,"손재주가 있는, 솜씨 좋은",彼は手先が器用だ。,그는 손재주가 뛰어나다.,,器用な,N2
나형용사,na_adjective,強力な,きょうりょくな,강력한,改革を強力に進める。,개혁을 강력하게 진행하다.,,強力な,N2
나형용사,na_adjective,極端な,きょくたんな,극단적인 極端なダイエットは体に悪い 극단적인 다이어트는 몸에 해롭다.,,,,極端な,N2
나형용사,na_adjective,巨大な,きょだいな,거대한 巨大なビルが建ち並んでいる 거대한 빌딩이 늘어서 있다.,,,,巨大な,N2
나형용사,na_adjective,均等な,きんとうな,균등한 お菓子を均等に分ける 과자를 균등하게 나누다.,,,,均等な,N2
나형용사,na_adjective,具体的な,ぐたいてきな,구체적인,具体的に指示する。,구체적으로 지시하다.,,具体的な,N2
나형용사,na_adjective,謙虚な,けんきょな,겸허한,謙虚に反省する。,겸허하게 반성하다.,,謙虚な,N2
나형용사,na_adjective,堅実な,けんじつな,"견실한, 착실한",堅実に生活する。,견실하게(착실하게) 생활하다.,,堅実な 2018,N2
나형용사,na_adjective,厳重な,げんじゅうな,엄중한,厳重に注意する。,엄중하게 주의를 주다.,,厳重な,N2
나형용사,na_adjective,強引な,ごういんな,"억지스러운, 무리한",強引に決めてしまう。,무리하게 결정해 버리다.,,強引な,N2
나형용사,na_adjective,豪華な,こうかな,"호화스러운, 호화로운",豪華な食事をする。,호화로운 식사를 하다.,,豪華な,N2
나형용사,na_adjective,公平な,こうへいな,공평한,公平に分ける。,공평하게 나누다.,,公平な,N2
나형용사,na_adjective,合理的な,ごうりてきな,합리적인 低いコストで合理的に生産する 低いコストで合理的に生産する,,,,合理的な,N2
나형용사,na_adjective,小柄な,こがらな,몸집이 작은,小柄な人向けの服を作る。,몸집이 작은 사람에게 맞는 옷을 만들다.,,小柄な 2015,N2
나형용사,na_adjective,幸いな,さいわいな,다행스러운,幸いに被害は少なかった。,다행히 피해는 적었다.,,幸いな,N2
나형용사,na_adjective,様々な,さまざまな,"다양한, 여러 가지인",様々な方法がある。,여러 가지 방법이 있다.,,様々な,N2
나형용사,na_adjective,爽やかな,さわやかな,"상쾌한, 산뜻한",爽やかな空気を吸う。,상쾌한 공기를 들이마시다.,,爽やかな,N2
나형용사,na_adjective,質素な,しっそな,검소한,質素に暮らす。,검소하게 생활하다.,,質素な 2011,N2
나형용사,na_adjective,地味な,じみな,"수수한, 소박한",地味な服装をする。,수수한 복장을 하다.,,地味な,N2
나형용사,na_adjective,重大な,じゅうだいな,중대한,重大な誤りに気づく。,중대한 잘못을 깨닫다.,,重大な,N2
나형용사,na_adjective,柔軟な,じゅうなんな,유연한,柔軟な態度で臨む。,유연한 태도로 임하다.,,柔軟な 2017,N2
나형용사,na_adjective,主要な,しゅような,"주요한, 중요한",主要な点を強調する。,주요한 점을 강조하다.,,主要な 2017,N2
나형용사,na_adjective,退屈な,たいくつな,"지루한, 무료한, 따분한",退屈であくびが出る。,지루해서 하품이 난다.,,退屈な,N2
나형용사,na_adjective,平らな,たいらな,평평한,地面を平らにする。,지면을 평평하게 하다.,,平らな,N2
나형용사,na_adjective,妥当な,だとうな,타당한,妥当な結論が出た。,타당한 결론이 나왔다.,,妥当な 2014,N2
나형용사,na_adjective,抽象的な,ちゅうしょうてきな,추상적인,この文章は抽象的で分かりにくい。,이 문장은 추상적이어서 이해하기 힘들다.,,抽象的な 2012,N2
나형용사,na_adjective,強気な,つよきな,"강경한, 배짱있는",強気な発言をする。,강경한 발언을 하다.,,強気な,N2
나형용사,na_adjective,手軽な,てがるな,"손쉬운, 간편한, 간단한",パソコンで年賀状を手軽に作る。,컴퓨터로 연하장을 손쉽게 만들다.,,手軽な 2014,N2
나형용사,na_adjective,的確な,てきかくな,정확한,状況を的確に判断する。,상황을 정확하게 판단하다.,,的確な,N2
나형용사,na_adjective,適切な,てきせつな,적절한,適切な指示をする。,적절한 지시를 하다.,,適切な,N2
나형용사,na_adjective,適度な,てきどな,적당한,適度な運動をする。,적당한 운동을 하다.,,適度な,N2
나형용사,na_adjective,でたらめな,でたらめな,"터무니없는, 엉터리같은, 허튼 소리",でたらめなことを言う。,터무니없는 말을 하다.,,でたらめな 2018,N2
나형용사,na_adjective,同一な,どういつな,동일한,両者を同一に扱う。,양자를 동일하게 취급하다.,,同一な,N2
나형용사,na_adjective,透明な,とうめいな,투명한,湖は透明で底まで見える。,호수는 투명해서 바닥까지 보인다.,,透明な,N2
나형용사,na_adjective,純粋な,じゅんすいな,순수한 純粋な気持ちで忠告する 순수한 마음으로 충고하다.,,,,純粋な,N2
나형용사,na_adjective,順調な,じゅんちょうな,순조로운,作業が順調に進む。,작업이 순조롭게 진행되다.,,順調な,N2
나형용사,na_adjective,上等な,じょうとうな,"뛰어난, 훌륭한 ここまでできれば上等だ ここまでできれば上等だ",,,,上等な,N2
나형용사,na_adjective,神経質な,しんけいしつな,신경질적인,神経質になり過ぎる。,너무 신경질적이 되다.,,神経質な,N2
나형용사,na_adjective,真剣な,しんけんな,진지한,真剣な表情で話を聞く。,진지한 표정으로 이야기를 듣다.,,真剣な 2013,N2
나형용사,na_adjective,深刻な,しんこくな,심각한 深刻な顔で相談する 심각한 얼굴로 상담하다.,,,,深刻な 2010,N2
나형용사,na_adjective,慎重な,しんちょうな,신중한,慎重に検討する。,신중하게 검토하다.,,慎重な,N2
나형용사,na_adjective,贅沢な,ぜいたくな,사치스러운,贅沢な生活をする。,사치스러운 생활을 하다.,,贅沢な 2013,N2
나형용사,na_adjective,率直な,そっちょくな,솔직한,率直な考えを聞かせてほしい。,솔직한 생각을 들려줬으면 한다.,,率直な 2011,N2
나형용사,na_adjective,素朴な,そぼくな,"소박한, 단순한",素朴な疑問を抱く。,소박한 의문을 품다.,,素朴な,N2
나형용사,na_adjective,粗末な,そまつな,함부로 하는,粗末な服を着ている。,변변치 못한 옷을 입고 있다.,,粗末な,N2
나형용사,na_adjective,特殊な,とくしゅな,특수한 この工事には特殊な技術が必要だ この工事には特殊な技術が必要だ,,,,特殊な 2019,N2
나형용사,na_adjective,独特な,どくとくな,독특한,独特なアイデアで成功する。,독특한 아이디어로 성공하다.,,独特な 2018,N2
나형용사,na_adjective,生意気な,なまいきな,"건방진, 주제 넘은",生意気な口を利く。,건방진 말을 하다.,,生意気な,N2
나형용사,na_adjective,苦手な,にがてな,"서투른, 잘하지 못하는",数学は苦手だ。,수학은 잘하지 못한다.,,苦手な,N2
나형용사,na_adjective,呑気な,のんきな,"태평한, 느긋한",呑気に暮らす。,태평하게 살다.,,呑気な,N2
나형용사,na_adjective,莫大な,ばくだいな,막대한,被害は莫大だ。,피해는 막대하다.,,莫大な,N2
나형용사,na_adjective,派手な,はでな,화려한 服に派手なリボンをつける 服に派手なリボンをつける,,,,派手な,N2
나형용사,na_adjective,非常識な,ひじょうしきな,"비상식적인, 몰상식한",非常識な行動をする。,비상식적인 행동을 하다.,,非常識な,N2
나형용사,na_adjective,必死な,ひっしな,"필사적인, 열심인 合格のために必死に勉強する 합격을 위해 필사적으로 공부하다.",,,,必死な 2013,N2
나형용사,na_adjective,微妙な,びみょうな,미묘한,色が微妙に違う。,색이 미묘하게 다르다.,,微妙な,N2
나형용사,na_adjective,平等な,びょうどうな,평등한 利益を平等に分配する 이익을 평등하게 분배하다.,,,,平等な,N2
나형용사,na_adjective,不安な,ふあんな,불안한,夜道は不安だ。,밤길은 불안하다.,,不安な 2019,N2
나형용사,na_adjective,不運な,ふうんな,"불운한, 불행한 不運な運命に見舞われる 불운한 운명에 처하다.",,,,不運な,N2
나형용사,na_adjective,ぶかぶかな,ぶかぶかな,헐렁헐렁한,ズボンがぶかぶかだ。,바지가 헐렁헐렁하다.,,ぶかぶかな 2010,N2
나형용사,na_adjective,不規則な,ふきそくな,불규칙한 勤務時間が不規則になる 근무시간이 불규칙해지다.,,,,不規則な,N2
나형용사,na_adjective,不潔な,ふけつな,"불결한, 더러운",不潔な服を着ている。,불결한 옷을 입고 있다.,,不潔な,N2
나형용사,na_adjective,不幸な,ふこうな,불행한,不幸な人生を送る。,불행한 인생을 보내다.,,不幸な,N2
나형용사,na_adjective,不公平な,ふこうへいな,불공평한,不公平な扱いを受ける。,불공평한 취급을 받다.,,不公平な,N2
나형용사,na_adjective,不思議な,ふしぎな,"신기한, 이상한 空を飛ぶという不思議な夢を見た 空を飛ぶという不思議な夢を見た",,,,不思議な,N2
나형용사,na_adjective,無事な,ぶじな,"무사한, 아무 탈 없는",手術が無事に終わる。,수술이 무사히 끝나다.,,無事な,N2
나형용사,na_adjective,不自由な,ふじゆうな,"부자유스러운, 불편한 体の不自由な人を助ける 몸이 불편한 사람을 돕다.",,,,不自由な,N2
나형용사,na_adjective,物騒な,ぶっそうな,"뒤숭숭한, 어수선한",物騒な世の中になる。,뒤숭숭한 세상이 되다.,,物騒な 2019,N2
나형용사,na_adjective,不得意な,ふとくいな,"서툰, 자신없는 不得意な学科は美術だ 자신없는 과목은 미술이다.",,,,不得意な,N2
나형용사,na_adjective,不慣れな,ふなれな,"익숙하지 않은, 낯설은, 서투른",洋食の食べ方には不慣れだ。,양식 먹는 법에는 익숙하지 않다.,,不慣れな,N2
나형용사,na_adjective,不愉快な,ふゆかいな,불쾌한,不愉快な思いをする。,불쾌한 생각이 들다.,,不愉快な,N2
나형용사,na_adjective,不利な,ふりな,불리한,不利な立場に立つ。,불리한 입장에 서다.,,不利な,N2
나형용사,na_adjective,膨大な,ぼうだいな,방대한 開発には膨大な費用が必要になる 開発には膨大な費用が必要になる,,,,膨大な 2018,N2
나형용사,na_adjective,豊富な,ほうふな,풍부한,天然資源が豊富だ。,천연자원이 풍부하다.,,豊富な 2017,N2
나형용사,na_adjective,朗らかな,ほがらかな,"명랑한, 쾌활한",朗らかに笑う。,명랑하게 웃다.,,朗らかな,N2
나형용사,na_adjective,稀な,まれな,"드문, 희귀한 この地方では、雪は稀だ 이 지방에서는 눈은 보기 드물다.",,,,稀な 2017,N2
나형용사,na_adjective,見事な,みことな,"훌륭한, 멋진",予想が見事に的中した。,예상이 멋지게 적중했다.,,見事な,N2
나형용사,na_adjective,惨めな,みじめな,"비참한, 참혹한 試合に負けて惨めな思いをする 시합에 져서 비참한 생각이 들다.",,,,惨めな,N2
나형용사,na_adjective,密接な,みっせつな,밀접한 両国は密接な関係にある 양국은 밀접한 관계에 있다.,,,,密接な 2011,N2
나형용사,na_adjective,妙な,みょうな,묘한,このスープは妙な味がする。,이 스프는 묘한 맛이 난다.,,妙な 2015,N2
나형용사,na_adjective,無口な,むくちな,과묵한 彼は無口で感情を表に出さない 彼は無口で感情を表に出さない,,,,無口な 2015,N2
나형용사,na_adjective,めちゃくちゃな,めちゃくちゃな,"엉망진창인, 형편없는",部屋がめちゃくちゃになっている。,방이 엉망이 되어 있다.,,めちゃくちゃな,N2
나형용사,na_adjective,厄介な,やっかいな,"귀찮은, 성가신",厄介な問題が起きた。,귀찮은 문제가 생겼다.,,厄介な,N2
나형용사,na_adjective,優秀な,ゆうしゅうな,우수한,優秀な成績で大学を卒業する。,우수한 성적으로 대학을 졸업하다.,,優秀な 2011,N2
나형용사,na_adjective,有能な,ゆうのうな,유능한 有能な人材を育成する 유능한 인재를 육성하다.,,,,有能な,N2
나형용사,na_adjective,有利な,ゆうりな,유리한 有利な立場を確保する 유리한 입장을 확보하다.,,,,有利な 2017,N2
나형용사,na_adjective,愉快な,ゆかいな,유쾌한 仲間と愉快に酒を飲む 동료와 유쾌하게 술을 마시다.,,,,愉快な 2016,N2
나형용사,na_adjective,豊かな,ゆたかな,"풍요로운, 유복한, 풍부한",豊かに暮らす。,풍요롭게 살다.,,豊かな,N2
나형용사,na_adjective,容易な,よういな,"용이한, 쉬운 この問題を解くのは容易ではない 이 문제를 푸는 것은 쉽지 않다.",,,,容易な,N2
나형용사,na_adjective,幼稚な,ようちな,"유치한, 수준이 낮거나 미숙한",幼稚なことを言う。,유치한 말을 하다.,,幼稚な 2014,N2
나형용사,na_adjective,余計な,よけいな,"쓸데없는, 불필요한, 부질없는 余計なことをべらべらしゃべる 쓸데없는 얘기를 쫑알쫑알 지껄이다.",,,,余計な,N2
나형용사,na_adjective,楽観的な,らっかんてきな,낙관적인 事態を楽観的に考える 事態を楽観的に考える,,,,楽観的な,N2
나형용사,na_adjective,乱暴な,らんぼうな,난폭한,ドアを乱暴に閉める。,문을 난폭하게 닫다.,,乱暴な,N2
나형용사,na_adjective,わがままな,わがままな,제멋대로인,彼女はわがままな性格で困る。,그녀는 제멋대로인 성격이라서 곤란하다.,,わがままな 2010,N2
나형용사,na_adjective,わずかな,わずかな,"근소한, 매우 적은",わずかな給料で生活する。,얼마 안 되는 급료로 생활하다.,,わずかな 2011,N2
부사,adverb,相次いで,あいついで,연달다,事故が相次いで起こる 사고가 연달아 발생하다.,,,相次いで 2010,N2
부사,adverb,あいにく,あいにく,공교롭게도,店に行ったが、あいにく休みだった。,"가게에 갔지만, 공교롭게도 휴일이었다.",,あいにく 2013,N2
부사,adverb,あくまで,あくまで,"끝까지, 철저하게",あくまで戦う。,끝까지 싸우겠다.,,あくまで,N2
부사,adverb,あまりにも,あまりにも,"너무, 너무나도",値段があまりにも高い。,가격이 너무 비싸다,,あまりにも,N2
부사,adverb,予め,あらかじめ,미리,予め準備しておく。,미리 준비해 두다.,,予め 2014,N2
부사,adverb,改めて,あらためて,"재차, 다시",改めて最初からやり直す 다시 처음부터 새로하다.,,,改めて 2013,N2
부사,adverb,あんまり,あんまり,"별로, 그다지",運動はあんまり得意ではない。,운동은 별로 자신이 없다.,,あんまり,N2
부사,adverb,いくぶん,いくぶん,"약간, 다소",いくぶん涼しくなった。,조금 시원해졌다.,,いくぶん,N2
부사,adverb,いずれ,いずれ,머지않아,いずれまたうかがいます。,머지않아 또 찾아뵙겠습니다.,,いずれ,N2
부사,adverb,依然として,いぜんとして,여전히,問題は依然として未解決のままだ 문제는 여전히 미해결인 채로이다.,,,依然として 2013,N2
부사,adverb,一応,いちおう,일단,一応、準備はできた。,일단 준비는 되었다.,,一応 2010,N2
부사,adverb,各々,おのおの,"각각, 각자",各々意見を述べる。,각자의 의견을 말하다.,,各々,N2
부사,adverb,思い切って,おもいきって,과감하게,思い切ってやってみよう。,과감하게 해 보자.,,思い切って 2014,N2
부사,adverb,思い切り,おもいきり,"마음껏, 힘껏",思い切り遊ぶ。,마음껏 놀다.,,思い切り,N2
부사,adverb,かえって,かえって,"오히려, 도리어",タクシーに乗ったら電車よりかえって時間がかかった 택시를 탔더니 전철보다 오히려 시간이 걸렸다.,,,かえって 2012,N2
부사,adverb,かさかさ,かさかさ,꺼칠꺼칠,冬になると肌がかさかさしてしまう。,겨울이 되면 피부가 꺼칠꺼칠해진다.,,かさかさ,N2
부사,adverb,かつて,かつて,"① 일찍이, 예전에 ② 이제껏",かつて大阪に住んでいた。,예전에 오사카에 살았었다.,,かつて 2015,N2
부사,adverb,きっぱり,きっぱり,"단호히, 딱 잘라",きっぱりと断る。,단호하게 거절하다.,,きっぱり 2018,N2
부사,adverb,ぐずぐず,ぐずぐず,"우물쭈물, 꾸물거림",ぐずぐずしている時間はない。,우물쭈물하고 있을 시간은 없다.,,ぐずぐず,N2
부사,adverb,くたくた,くたくた,"기진맥진, 몹시 피로한",疲れてくたくたになる。,지쳐서 녹초가 되다.,,くたくた 2011,N2
부사,adverb,くれぐれも,くれぐれも,"부디, 아무쪼록",くれぐれもお体にお気をつけ下さい。,부디 몸 조심하세요.,,くれぐれも,N2
부사,adverb,現に,げんに,실제로,現に見た人がいる。,실제로 본 사람이 있다.,,現に,N2
부사,adverb,ごく,ごく,"매우, 극히",ごく一部の人が反対している。,극히 일부 사람들이 반대하고 있다.,,ごく,N2
부사,adverb,こつこつ,こつこつ,꾸준히,こつこつと勉強をする。,꾸준히 공부하다.,,こつこつ 2014,N2
부사,adverb,再三,さいさん,"재삼, 여러 번",再三注意する。,여러 번 주의를 주다.,,再三,N2
부사,adverb,さすが,さすが,"과연, 역시",一人暮らしはさすがに寂しい。,독신 생활은 역시 외롭다.,,さすが,N2
부사,adverb,さらに,さらに,"더욱 더, 한층 더",さらに風が強くなる。,한층 더 바람이 강해지다.,,さらに,N2
부사,adverb,じかに,じかに,"직접, 바로",じかに話す。,직접 이야기하다.,,じかに 2016,N2
부사,adverb,じきに,じきに,곧,じきに参ります。,곧 가겠습니다.,,じきに,N2
부사,adverb,至急,しきゅう,"시급히, 서둘러",至急来てほしい。,시급히 왔으면 한다.,,至急 2011,N2
부사,adverb,しきりに,しきりに,"자꾸만, 끊임없이, 계속",しきりにベルが鳴る。,끊임없이 벨이 울리다.,,しきりに,N2
부사,adverb,始終,しじゅう,"언제나, 늘, 시종",彼は始終遊んでばかりいる 그는 언제나 놀고만 있다.,,,始終,N2
부사,adverb,実に,じつに,"실로, 정말로",この料理は実にうまい。,이 요리는 정말 맛있다.,,実に,N2
부사,adverb,しばしば,しばしば,"자주, 빈번히",しばしば訪れる。,자주 방문하다.,,しばしば,N2
부사,adverb,じめじめ,じめじめ,"축축한, 음침한",梅雨でじめじめとした天気が続いている 장마로 축축한 날씨가 계속되고 있다.,,,じめじめ,N2
부사,adverb,順々に,じゅんじゅんに,차례차례,仕事を順々に片づける 일을 차례차례 정리하다.,,,順々に,N2
부사,adverb,知らず知らず,しらずしらず,"자기도 모르게, 무심코",知らず知らずのうちに眠ってしまった 자기도 모르게 잠들어 버렸다.,,,知らず知らず,N2
부사,adverb,すっきり,すっきり,"산뜻하게, 상쾌하게",気分がすっきりする。,기분이 상쾌해지다.,,すっきり 2013,N2
부사,adverb,すっと,すっと,"① 상쾌하게, 후련하게 ② 재빨리",胸がすっとする。,가슴이 후련하다.,,すっと,N2
부사,adverb,ずらり,ずらり,"즐비하게, 죽",写真をずらりと並べる。,사진을 죽 늘어놓다.,,ずらり,N2
부사,adverb,せいぜい,せいぜい,"고작, 기껏해야",集まっても、せいぜい10人ぐらいだ。,모여봤자 고작 10명 정도다.,,せいぜい,N2
부사,adverb,せっかく,せっかく,모처럼,せっかくの休みだから せっかくの休みだから,,,せっかく,N2
부사,adverb,せっせと,せっせと,"부지런히, 열심히",せっせと働く。,열심히 일하다.,,せっせと,N2
부사,adverb,絶対,ぜったい,절대,絶対許さない。,절대 용서하지 않겠다.,,絶対 2017,N2
부사,adverb,ぜひとも,ぜひとも,꼭,ぜひともご出席ください。,꼭 출석해 주십시오.,,ぜひとも,N2
부사,adverb,せめて,せめて,적어도,せめて一週間ぐらいの休暇がほしい。,적어도 일주일 정도의 휴가가 있었으면 좋겠다.,,せめて 2011,N2
부사,adverb,即座に,そくざに,"즉석에서, 당장, 바로",即座に答える。,즉석에서 대답하다.,,即座に 2019,N2
부사,adverb,そっくり,そっくり,전부,お金をそっくり渡す。,돈을 전부 건네주다.,,そっくり,N2
부사,adverb,そのうち,そのうち,"곧, 머지않아",そのうちまた来ます。,머지않아 또 오겠습니다.,,そのうち,N2
부사,adverb,絶えず,たえず,"끊임없이, 항상",絶えず努力する。,끊임없이 노력하다.,,絶えず,N2
부사,adverb,ただ,ただ,"그저, 단지",ただ無事を祈る。,단지 무사하기를 빌다.,,ただ,N2
부사,adverb,直ちに,ただちに,"즉시, 당장, 곧장",直ちに集合せよ。,즉시 집합하라.,,直ちに 2012,N2
부사,adverb,たちまち,たちまち,금새,たちまち売り切れる。,금새 품절되다.,,たちまち 2014,N2
부사,adverb,たとえ,たとえ,비록,たとえ失敗しても、後悔はしない。,"비록 실패해도, 후회는 하지 않겠다.",,たとえ,N2
부사,adverb,たびたび,たびたび,"자주, 가끔",彼はたびたびここに来る。,그는 가끔 여기에 온다.,,たびたび 2016,N2
부사,adverb,だぶだぶ,だぶだぶ,헐렁헐렁,だぶだぶのズボン 헐렁헐렁한 바지,,,だぶだぶ 2010,N2
부사,adverb,近々,ちかちか,가까운 시일 내에,近々うかがいます。,가까운 시일 내에 찾아뵙겠습니다.,,近々,N2
부사,adverb,ちなみに,ちなみに,"덧붙여서 말하자면, 이와 관련하여","ちなみに、会費は5,000円です。","덧붙여서 말하자면, 회비는 5,000엔입니다.",,ちなみに,N2
부사,adverb,着々と,ちゃくちゃくと,"척척, 순조롭게",工事が着々と進む。,공사가 순조롭게 진행되다.,,着々と 2018,N2
부사,adverb,ついでに,ついでに,하는 김에,ついでにタバコも買ってきてくれ する 김에 담배도 사다줘.,,,ついでに,N2
부사,adverb,つまり,つまり,즉,たくさん売れるのは、つまり品が良いからだ たくさん売れるのは、つまり品が良いからだ,,,つまり,N2
부사,adverb,てきぱき,てきぱき,척척,仕事をてきぱきと片付ける。,일을 척척 해결하다.,,てきぱき,N2
부사,adverb,どうしても,どうしても,"① 아무리 해도, 도무지 ② 반드시, 꼭",どうしても分からない。,도무지 모르겠다.,,どうしても,N2
부사,adverb,どうせ,どうせ,"어차피, 결국",どうせやるなら、楽しくやろう。,어차피 하는 거라면 즐겁게 하자.,,どうせ,N2
부사,adverb,当然,とうぜん,당연히,彼なら当然そうするでしょう 그라면 당연히 그렇게 하겠지요.,,,当然,N2
부사,adverb,当分,とうぶん,당분간,当分休みます。,당분간 쉬겠습니다.,,当分 2018,N2
부사,adverb,ところどころ,ところどころ,"군데군데, 여기저기",ところどころ間違っている。,군데군데 틀려 있다.,,ところどころ,N2
부사,adverb,とっくに,とっくに,"벌써, 진작에",森さんならとっくに帰りました。,모리 씨라면 진작에 돌아갔습니다.,,とっくに 2017,N2
부사,adverb,どっと,どっと,"한꺼번에, 우르르",ドアが開き、客がどっと入って来た。,"문이 열리고, 손님이 한꺼번에 들어 왔다.",,どっと,N2
부사,adverb,とにかく,とにかく,어쨌든,とにかくやってみよう。,어쨌든 해 보자.,,とにかく,N2
부사,adverb,ともかく,ともかく,어쨌든,"留守かもしれないが、ともかく行ってみよう 부재중일지도 모르지만, 어쨌든 가 보자.",,,ともかく,N2
부사,adverb,共に,ともに,"모두, 함께",友人と共に旅行に行く。,친구와 함께 여행을 가다.,,共に,N2
부사,adverb,とりあえず,とりあえず,"우선, 일단",とりあえず必要な物はそろった。,우선 필요한 물건은 갖추어졌다.,,とりあえず 2010,N2
부사,adverb,なお,なお,"① 여전히, 아직 ② 더욱, 한층",今もなお健在だ。,지금도 여전히 건재하다.,,なお,N2
부사,adverb,なぜなら,なぜなら,왜냐하면,何とも言えない。,なぜならまだ協議中だから 何とも言えないなぜならまだ協議中だから,,なぜなら,N2
부사,adverb,何しろ,なにしろ,어쨌든,心配するよりも何しろ一度やってみることだ。,걱정하기 보다도 어쨌든 한 번 해 봐야 한다.,,何しろ,N2
부사,adverb,何分,なにぶん,"① 부디 ② 아무래도, 아무튼",何分よろしくお願いします 부디 잘 부탁드립니다.,,,何分,N2
부사,adverb,何か,なんか,"어쩐지, 어딘지 모르게",何か気持ち悪い。,어딘지 모르게 기분 나쁘다.,,何か,N2
부사,adverb,何て,なんて,이 얼마나,何てすばらしい絵なんだ。,이 얼마나 훌륭한 그림인가!,,何て,N2
부사,adverb,何で,なんで,"왜, 어째서",何で泣いているの? 왜 울고 있는 거야?,,,何で,N2
부사,adverb,何とか,なんとか,어떻게든,そこを何とかお願いします。,그걸 어떻게든 부탁드립니다.,,何とか 2010,N2
부사,adverb,何となく,なんとなく,"어쩐지, 왠지",何となく気になる。,왠지 신경이 쓰인다.,,何となく,N2
부사,adverb,何とも,なんとも,"① 정말로, 매우 ② 뭐라고도",何とも驚いた。,정말로 놀랐다.,,何とも,N2
부사,adverb,何らか,なんらか,"무언가, 얼마간, 어느 정도",何らかの参考にはなるだろう 어느 정도 참고는 될 것이다.,,,何らか,N2
부사,adverb,にこにこ,にこにこ,싱글벙글,にこにこ笑う。,싱글벙글 웃다.,,にこにこ,N2
부사,adverb,二度と,にどと,두 번 다시,二度と会いたくない。,두 번 다시 만나고 싶지 않다.,,二度と,N2
부사,adverb,残らず,のこらず,남김없이,残らず売れる。,남김없이 팔리다.,,残らず,N2
부사,adverb,後ほど,のちほど,"나중에, 잠시 후에",後ほど詳しく説明します。,나중에 자세하게 설명하겠습니다.,,後ほど,N2
부사,adverb,はたして,はたして,① 과연 ② 역시,はたして結果はどうなるか。,과연 결과는 어떻게 될까?,,はたして 2015,N2
부사,adverb,はらはら,はらはら,조마조마,はらはらしながら結果を待つ 조마조마 하면서 결과를 기다리다.,,,はらはら,N2
부사,adverb,比較的,ひかくてき,비교적 10歳にしては比較的大きい。 10살치고는 비교적 크다.,,,,比較的,N2
부사,adverb,びっしょり,びっしょり,흠뻑,びっしょりと汗をかく。,흠뻑 땀을 흘리다.,,びっしょり,N2
부사,adverb,一通り,ひととおり,대충,一通り読む。,대충 읽다.,,一通り,N2
부사,adverb,独りでに,ひとりでに,"저절로, 자연히",独りでにドアが開いた。,저절로 문이 열렸다.,,独りでに,N2
부사,adverb,一人一人,ひとりひとり,"한 사람 한 사람, 각자",これは一人一人の責任である これは一人一人の責任である,,,一人一人,N2
부사,adverb,再び,ふたたび,다시,再び挑戦する。,다시 도전하다.,,再び,N2
부사,adverb,ふと,ふと,문득,ふと思い出す。,문득 생각이 떠오르다.,,ふと,N2
부사,adverb,ふわふわ,ふわふわ,"푹신푹신, 둥실둥실",雲がふわふわと漂う。,구름이 둥실둥실 떠다니다.,,ふわふわ,N2
부사,adverb,ふんわり,ふんわり,폭신폭신,ふんわりとした布団は気持ちがいい。,폭신한 이불은 기분이 좋다.,,ふんわり,N2
부사,adverb,ほぼ,ほぼ,거의,成功はほぼ間違いない。,성공은 거의 틀림없다.,,ほぼ 2011,N2
부사,adverb,ぼんやり,ぼんやり,① 희미하게 ② 멍하니,山がぼんやりと見える。,산이 희미하게 보인다.,,ぼんやり 2018,N2
부사,adverb,まあまあ,まあまあ,그럭저럭,成績はまあまあだ。,성적은 그저 그렇다.,,まあまあ,N2
부사,adverb,まさに,まさに,"확실하게, 정말로",まさにその通りだ。,정말로 그대로다.,,まさに,N2
부사,adverb,ますます,ますます,더욱 더,風がますます強くなる。,바람이 더욱 더 강해지다.,,ますます,N2
부사,adverb,全く,まったく,① 완전히 ② 전혀,全く同じだ。,완전히 같다.,,全く 2016,N2
부사,adverb,間もなく,まもなく,"머지않아, 곧",間もなく電車がまいります。,곧 전철이 들어옵니다.,,間もなく,N2
부사,adverb,まるで,まるで,마치,まるで夢のようだ。,마치 꿈 같다.,,まるで,N2
부사,adverb,万一,まんいち,만일,万一行けなくなったら電話します。,만일 갈 수 없게 되면 전화하겠습니다.,,万一,N2
부사,adverb,自ら,みずから,스스로,自ら過ちを認める。,스스로 잘못을 인정하다.,,自ら 2013,N2
부사,adverb,むしろ,むしろ,오히려,休日は出かけるよりむしろ家で寝ていたい。,休日は出かけるよりむしろ家で寝ていたい,,むしろ,N2
부사,adverb,めいめい,めいめい,각각,お菓子をめいめいに分ける。,과자를 각각 나누다.,,めいめい 2018,N2
부사,adverb,めっきり,めっきり,"뚜렷이, 현저히, 부쩍",めっきり秋らしくなった。,부쩍 가을다워졌다.,,めっきり,N2
부사,adverb,めったに,めったに,좀처럼,病院にはめったに行かない。,병원에는 좀처럼 가지 않는다.,,めったに,N2
부사,adverb,もしかして,もしかして,"혹시, 어쩌면",もしかして彼は来ないかもしれない。,혹시 그는 안 올지도 모른다.,,もしかして,N2
부사,adverb,もしも,もしも,만약,もしも負けたらどうしよう。,만약 지면 어떻게 하지?,,もしも,N2
부사,adverb,もともと,もともと,"원래, 처음부터",もともとやる気はなかった。,처음부터 할 마음은 없었다.,,もともと,N2
부사,adverb,やがて,やがて,"이윽고, 머지않아",やがて到着するでしょう。,머지않아 도착하겠지요.,,やがて,N2
부사,adverb,やや,やや,약간,昨日よりやや寒い。,어제보다 약간 춥다.,,やや 2015,N2
부사,adverb,悠々,ゆうゆう,"유유히, 여유롭게",悠々と間に合う。,여유롭게 시간에 대다.,,悠々,N2
부사,adverb,要するに,ようするに,요컨대,要するに努力不足だったのだ 요컨대 노력 부족이었던 것이다.,,,要するに,N2
부사,adverb,わくわく,わくわく,두근두근,胸がわくわくする。,가슴이 두근거린다.,,わくわく,N2
부사,adverb,割と,わりと,비교적,値段が割と安い。,가격이 비교적 싸다.,,割と 2011,N2
부사,adverb,一段と,いちだんと,한층,腕があがる。,한층 실력이 향상되다.,,一段と,N2
부사,adverb,一層,いっそう,"한층 더, 더욱, 한결",雨が一層激しくなった。,비가 더욱 거세졌다.,,一層,N2
부사,adverb,いったん,いったん,일단,いったんした約束は必ず守る。,일단 한 약속은 반드시 지킨다.,,いったん,N2
부사,adverb,いよいよ,いよいよ,드디어,いよいよ春になった。,드디어 봄이 되었다.,,いよいよ,N2
부사,adverb,言わば,いわば,"말하자면, 비유하건대",富士山は言わば日本のシンボルだ。,후지산은 말하자면 일본의 상징이다.,,言わば,N2
부사,adverb,いわゆる,いわゆる,"이른바, 흔히 말하는, 소위",彼女はいわゆる天才だ。,그녀는 소위 천재다.,,いわゆる,N2
부사,adverb,うかうか,うかうか,"부주의하게, 멍하게",もうすぐ受験だから、うかうかしていられない。,"이제 곧 수험이니까, 멍하니 있을 수는 없다.",,うかうか,N2
부사,adverb,うとうと,うとうと,꾸벅꾸벅,うとうとと居眠りをする。,꾸벅꾸벅 앉아서 졸다.,,うとうと,N2
부사,adverb,うんと,うんと,아주 몹시,前よりうんと体重が減った。,전보다 몹시 체중이 줄었다.,,うんと,N2
부사,adverb,遠慮なく,えんりょなく,"사양말고, 거리낌없이",遠慮なく意見を言う。,거리낌없이 의견을 말하다.,,遠慮なく,N2
부사,adverb,おおよそ,おおよそ,"대강, 대충",おおよそ見当がつく。,대강 짐작이 간다.,,おおよそ,N2
부사,adverb,おそらく,おそらく,"아마, 필시, 분명",午後にはおそらく晴れるだろう。,오후에는 아마 개일 것이다.,,おそらく,N2
기타,other,明くる,あくる,다음 (연체사),明くる4月5日に出発する。,다음 4월 5일에 출발한다.,,明くる あくる 次の,N2
기타,other,あらゆる,あらゆる,모든 (연체사),あらゆる機会を利用する。,모든 기회를 이용하다.,,あらゆる 2017 あらゆる すべての,N2
기타,other,ある,ある,어느 (연체사),それはある日のことだった。,그것은 어느 날의 일이었다.,,ある ある,N2
기타,other,単なる,たんなる,단순한 (연체사),単なるうわさにすぎない。,단순한 소문에 지나지 않는다.,,単なる たんなる,N2
기타,other,ちょっとした,ちょっとした,① 약간의 ② 상당한 (연체사),ちょっとしたお土産がある。 / ちょっとしたブームを呼ぶ。,자그마한 선물이 있다. / 상당한 붐을 일으키다.,,ちょっとした ちょっとした,N2
기타,other,ほんの,ほんの,"그저, 매우 적은 (연체사)",ほんの少ししかない。,아주 조금 밖에 없다.,,ほんの ほんの,N2
기타,other,我が,わが,우리~ (연체사),我が校が試合に勝った。,우리 학교가 시합에서 이겼다.,,我が わが,N2
기타,other,あるいは,あるいは,"혹은, 또는 (접속사)",塩あるいはしょうゆを入れてください。,소금 혹은 간장을 넣어 주세요.,,あるいは あるいは,N2
기타,other,さて,さて,"그런데, 그건 그렇고 (접속사)",さて発表に入りますが。,그건 그렇고 발표에 들어가겠습니다만.,,さて さて,N2
기타,other,しかも,しかも,"게다가, 더구나 (접속사)",この店は安くて、しかも味がよい。,"이 가게는 싸고, 게다가 맛이 좋다.",,しかも しかも,N2
기타,other,すなわち,すなわち,"즉, 곧, 다시 말하면 (접속사)",日本の首都すなわち東京,일본의 수도 즉 도쿄,,すなわち すなわち,N2
기타,other,従って,したがって,따라서 (접속사),雨が降っている。従って遠足は中止する。,비가 내리고 있다. 따라서 소풍은 중지한다.,,従って したがって,N2
기타,other,そこで,そこで,그래서 (접속사),疲れてきた。そこで少し休むことにした。,피곤해졌다. 그래서 잠시 쉬기로 했다.,,そこで そこで,N2
기타,other,その上,そのうえ,게다가 (접속사),風が強い。その上雨が降りだした。,바람이 강하다. 게다가 비가 내리기 시작했다.,,その上 そのうえ,N2
기타,other,そのため,そのため,그 때문에 (접속사),雪が降った。そのため、道が込んでいる。,"눈이 내렸다. 그 때문에, 길이 붐비고 있다.",,そのため そのため,N2
기타,other,それでも,それでも,그래도 (접속사),みんなに反対された。それでも私はやる。,모두가 반대했다. 그래도 나는 하겠다.,,それでも それでも,N2
기타,other,それどころか,それどころか,"오히려, 반대로 (접속사)",勉強しても成績が上がらない。それどころか下がっている。,공부해도 성적이 오르지 않는다. 오히려 떨어지고 있다.,,それどころか それどころか,N2
기타,other,それとも,それとも,그렇지 않으면 (접속사),明日にする、それとも明後日の方がいい?,"내일로 할래, 그렇지 않으면 모레가 좋아?",,それとも それとも,N2
기타,other,それなのに,それなのに,"그런데도, 그럼에도 (접속사)",彼は来ると約束した。それなのに来なかった。,그는 온다고 약속했다. 그런데도 오지 않았다.,,それなのに それなのに,N2
기타,other,それにしても,それにしても,"그렇다 치더라도, 그렇다고 해도 (접속사)",それにしても電話ぐらいはできるはずだ。,그렇다 치더라도 전화 정도는 할 수 있을 것이다.,,それにしても それにしても,N2
기타,other,ただし,ただし,다만 (접속사),明日運動会を行う。ただし雨の場合は中止する。,내일 운동회를 실시한다. 다만 비가 올 경우에는 중지한다.,,ただし ただし,N2
기타,other,ところが,ところが,그렇지만 (접속사),早めに家を出た。ところが道が込んで遅れてしまった。,일찌감치 집을 나섰다. 그렇지만 길이 막혀서 늦어 버렸다.,,ところが ところが,N2
기타,other,ところで,ところで,그런데 (접속사),ところでお仕事の方はどうですか。,그런데 하시는 일은 어떻습니까?,,ところで ところで,N2
기타,other,のみ,のみ,"뿐, 만 (조사)",後は結果を待つのみだ。,남은 것은 결과를 기다릴 뿐이다.,,のみ のみ,N2
가타카나,katakana,アクセント,あくせんと,"악센트, 어조",言葉のアクセントを調べる。,말의 악센트를 조사하다.,,アクセント あくせんと 言葉のアクセントを調べる。,N2
가타카나,katakana,インテリア,いんてりあ,인테리어,部屋のインテリアを変える。,방의 인테리어를 바꾸다.,,インテリア いんてりあ 部屋のインテリアを変える。,N2
가타카나,katakana,ウイスキー,ういすきー,위스키,水割りのウイスキーを飲む。,물을 넣어 묽게 한 위스키를 마시다.,,ウイスキー ういすきー 水割りのウイスキーを飲む。,N2
가타카나,katakana,ウール,うーる,"울, 모직",ウールコートを買う。,모직 코트를 사다.,,ウール うーる ウールコートを買う。,N2
가타카나,katakana,エチケット,えちけっと,에티켓,エチケットを守る。,에티켓을 지키다.,,エチケット えちけっと エチケットを守る。,N2
가타카나,katakana,オーケストラ,おーけすとら,오케스트라,オーケストラの演奏を聞く。,오케스트라의 연주를 듣다.,,オーケストラ おーけすとら オーケストラの演奏を聞く。,N2
가타카나,katakana,オートメーション,おーとめーしょん,"오토메이션, 자동화",工場のオートメーション化を進める。,공장의 자동화를 추진하다.,,オートメーション おーとめーしょん 工場のオートメーション化を進める。,N2
가타카나,katakana,オーバー,おーばー,"오버, 초과",制限時間をオーバーする。,제한 시간을 초과하다.,,オーバー おーばー 制限時間をオーバーする。,N2
가타카나,katakana,オリンピック,おりんぴっく,올림픽,オリンピックで金メダルをとる。,올림픽에서 금메달을 따다.,,オリンピック おりんぴっく オリンピックで金メダルをとる。,N2
가타카나,katakana,カー,かー,자동차,カーセンターで車を直してもらった。,카센터에서 차를 고쳤다.,,カー かー カーセンターで車を直してもらった。,N2
가타카나,katakana,キャプテン,きゃぷてん,"캡틴, 주장",チームのキャプテンになる。,팀의 캡틴(주장)이 되다.,,キャプテン きゃぷてん チームのキャプテンになる。,N2
가타카나,katakana,クラシック,くらしっく,"클래식, 고전",クラシック音楽を楽しむ。,클래식 음악을 즐기다.,,クラシック くらしっく クラシック音楽を楽しむ。,N2
가타카나,katakana,クラブ,くらぶ,클럽,テニスクラブに入る。,테니스 클럽에 들어가다.,,クラブ くらぶ テニスクラブに入る。,N2
가타카나,katakana,グランド,ぐらんど,"그랜드, 대규모의",グランドセールを行う。,대형 바겐세일을 실시하다.,,グランド ぐらんど グランドセールを行う。,N2
가타카나,katakana,クリーム,くりーむ,크림,生クリームのケーキを作る。,생크림 케이크를 만들다.,,クリーム くりーむ 生クリームのケーキを作る。,N2
가타카나,katakana,クリスマス,くりすます,크리스마스,今年もクリスマスがやって来た。,올해도 크리스마스가 찾아왔다.,,クリスマス くりすます 今年もクリスマスがやって来た。,N2
가타카나,katakana,コース,こーす,코스,登山コースから外れる。,등산 코스에서 벗어나다.,,コース こーす 登山コースから外れる。,N2
가타카나,katakana,コーチ,こーち,"코치, 지도",野球をコーチする。,야구를 코치(지도)하다.,,コーチ こーち 野球をコーチする。,N2
가타카나,katakana,コール,こーる,"콜, 호출",何度コールしても応答がない。,몇번을 호출해도 응답이 없다.,,コール こーる 何度コールしても応答がない。,N2
가타카나,katakana,コック,こっく,요리사,彼はホテルでコックをしている。,그는 호텔에서 요리사를 하고 있다.,,コック こっく 彼はホテルでコックをしている。,N2
가타카나,katakana,コミュニケーション,こみゅにけーしょん,"커뮤니케이션, 의사소통",コミュニケーションが足りない。,커뮤니케이션이 부족하다.,,コミュニケーション こみゅにけーしょん コミュニケーションが足りない。,N2
가타카나,katakana,コレクション,これくしょん,"컬렉션, 수집",時計のコレクションを始める。,시계 수집을 시작하다.,,コレクション これくしょん 時計のコレクションを始める。,N2
가타카나,katakana,コンクール,こんくーる,"콩쿠르, 경연대회",コンクールに参加する。,콩쿠르에 참가하다.,,コンクール こんくーる コンクールに参加する。,N2
가타카나,katakana,コンクリート,こんくりーと,콘크리트,コンクリートで固める。,콘크리트로 굳히다.,,コンクリート こんくりーと コンクリートで固める。,N2
가타카나,katakana,サークル,さーくる,"써클, 동호회",サークルに入る。,써클에 들어가다.,,サークル さーくる サークルに入る。,N2
가타카나,katakana,サイレン,さいれん,사이렌,救急車がサイレンを鳴らす。,구급차가 사이렌을 울리다.,,サイレン さいれん 救急車がサイレンを鳴らす。,N2
가타카나,katakana,シーズン,しーずん,"시즌, 계절",海水浴のシーズンが近づいてきた。,해수욕 시즌이 다가왔다.,,シーズン しーずん 海水浴のシーズンが近づいてきた。,N2
가타카나,katakana,ジーンズ,じーんず,청바지,ジーンズをはく。,청바지를 입다.,,ジーンズ じーんず ジーンズをはく。,N2
가타카나,katakana,ジャーナリスト,じゃーなりすと,"저널리스트, 언론인",将来はジャーナリストになりたい。,장래는 저널리스트가 되고 싶다.,,ジャーナリスト じゃーなりすと 将来はジャーナリストになりたい。,N2
가타카나,katakana,シャッター,しゃったー,셔터,店のシャッターを降ろす。,가게의 셔터를 내리다.,,シャッター しゃったー 店のシャッターを降ろす。,N2
가타카나,katakana,ジョギング,じょぎんぐ,조깅,毎朝ジョギングをする。,매일 아침 조깅을 한다.,,ジョギング じょぎんぐ 毎朝ジョギングをする。,N2
가타카나,katakana,シリーズ,しりーず,시리즈,好きな作家のシリーズの本を買う。,좋아하는 작가의 시리즈 책을 사다.,,シリーズ しりーず 好きな作家のシリーズの本を買う。,N2
가타카나,katakana,スープ,すーぷ,수프,スープを飲む。,수프를 먹다.,,スープ すーぷ スープを飲む。,N2
가타카나,katakana,スキー,すきー,스키,冬はスキーによく行く。,겨울에는 스키 타러 자주 간다.,,スキー すきー 冬はスキーによく行く。,N2
가타카나,katakana,スタート,すたーと,"스타트, 시작",午前10時にスタートする。,오전 10시에 시작하다.,,スタート すたーと 午前10時にスタートする。,N2
가타카나,katakana,ステージ,すてーじ,"스테이지, 무대",ステージに立つ。,무대에 서다.,,ステージ すてーじ ステージに立つ。,N2
가타카나,katakana,スペース,すぺーす,"스페이스, 공간",テーブルを置くスペースがない。,테이블을 놓을 공간이 없다.,,スペース すぺーす テーブルを置くスペースがない。,N2
가타카나,katakana,スポンサー,すぽんさー,"스폰서, 광고주",広告のスポンサーになる。,광고의 스폰서가 되다.,,スポンサー すぽんさー 広告のスポンサーになる。,N2
가타카나,katakana,スムーズ,すむーず,"원활함, 순조로움",交渉がスムーズに進む。,협상이 원활하게 진행되다.,,スムーズ すむーず 交渉がスムーズに進む。,N2
가타카나,katakana,ゼミ,ぜみ,세미나,ゼミで発表する。,세미나에서 발표하다.,,ゼミ ぜみ ゼミで発表する。,N2
가타카나,katakana,セメント,せめんと,시멘트,セメントで家を建てる。,시멘트로 집을 짓다.,,セメント せめんと セメントで家を建てる。,N2
가타카나,katakana,タイヤ,たいや,타이어,タイヤに空気を入れる。,타이어에 공기를 넣다.,,タイヤ たいや タイヤに空気を入れる。,N2
가타카나,katakana,ダイヤ,だいや,"다이아몬드, 다이어그램",ダイヤの指輪。,다이아몬드 반지.,,ダイヤ だいや ダイヤの指輪。,N2
가타카나,katakana,チーズ,ちーず,치즈,牛乳からチーズを作る。,우유로 치즈를 만들다.,,チーズ ちーず 牛乳からチーズを作る。,N2
가타카나,katakana,チーム,ちーむ,팀,チームのためにがんばる。,팀을 위해 노력하다.,,チーム ちーむ チームのためにがんばる。,N2
가타카나,katakana,チェンジ,ちぇんじ,"체인지, 교체",部品をチェンジする。,부품을 교체하다.,,チェンジ ちぇんじ 部品をチェンジする。,N2
가타카나,katakana,デザイン,でざいん,디자인,既製服のデザインをしている。,기성복의 디자인을 하고 있다.,,デザイン でざいん 既製服のデザインをしている。,N2
가타카나,katakana,テント,てんと,텐트,テントを張る。,텐트를 치다.,,テント てんと テントを張る。,N2
가타카나,katakana,テンポ,てんぽ,템포,速いテンポで歩く。,빠른 템포로 걷다.,,テンポ てんぽ 速いテンポで歩く。,N2
가타카나,katakana,トランプ,とらんぷ,트럼프(카드),トランプで占う。,트럼프로 점을 치다.,,トランプ とらんぷ トランプで占う。,N2
가타카나,katakana,ナイロン,ないろん,나일론,ナイロンは火に弱い。,나일론은 불에 약하다.,,ナイロン ないろん ナイロンは火に弱い。,N2
가타카나,katakana,ナンバー,なんばー,"넘버, 숫자",ナンバーをつける。,숫자를 붙이다.,,ナンバー なんばー ナンバーをつける。,N2
가타카나,katakana,バイオリン,ばいおりん,바이올린,バイオリンを弾く。,바이올린을 연주하다.,,バイオリン ばいおりん バイオリンを弾く。,N2
가타카나,katakana,パイプ,ぱいぷ,파이프,寒さで水道のパイプが凍ってしまう。,추위로 수도 파이프가 얼어 버리다.,,パイプ ぱいぷ 寒さで水道のパイプが凍ってしまう。,N2
가타카나,katakana,パイロット,ぱいろっと,"파일럿, 조종사",飛行機のパイロットになる。,비행기의 조종사가 되다.,,パイロット ぱいろっと 飛行機のパイロットになる。,N2
가타카나,katakana,パターン,ぱたーん,"패턴, 유형",問題のパターンを分析する。,문제의 패턴을 분석하다.,,パターン ぱたーん 問題のパターンを分析する。,N2
가타카나,katakana,バッグ,ばっぐ,"백, 가방",手にバッグを提げる。,손에 가방을 들다.,,バッグ ばっぐ 手にバッグを提げる。,N2
가타카나,katakana,バランス,ばらんす,"밸런스, 균형",栄養のバランスをとる。,영양의 균형을 잡다.,,バランス ばらんす 栄養のバランスをとる。,N2
가타카나,katakana,パンク,ぱんく,펑크,タイヤがパンクする。,타이어가 파열되다.,,パンク ぱんく タイヤがパンクする。,N2
가타카나,katakana,パンツ,ぱんつ,"팬츠, 바지",ショートパンツをはく。,쇼트 팬츠를 입다.,,パンツ ぱんつ ショートパンツをはく。,N2
가타카나,katakana,ハンドル,はんどる,핸들,ハンドルを右に切る。,핸들을 오른쪽으로 꺾다.,,ハンドル はんどる ハンドルを右に切る。,N2
가타카나,katakana,ピストル,ぴすとる,"피스톨, 권총",ピストルを撃つ。,권총을 쏘다.,,ピストル ぴすとる ピストルを撃つ。,N2
가타카나,katakana,ビニール,びにーる,비닐,大量のビニール袋を使用する。,대량의 비닐 봉투를 사용하다.,,ビニール びにーる 大量のビニール袋を使用する。,N2
가타카나,katakana,ピンポン,ぴんぽん,탁구,友達とピンポンをする。,친구와 탁구를 치다.,,ピンポン ぴんぽん 友達とピンポンをする。,N2
가타카나,katakana,ブーム,ぶーむ,"붐, 유행",ブームを呼ぶ。,유행을 부르다.,,ブーム ぶーむ ブームを呼ぶ。,N2
가타카나,katakana,フライパン,ふらいぱん,프라이팬,肉をフライパンに入れて炒める。,고기를 프라이팬에 넣고 볶다.,,フライパン ふらいぱん 肉をフライパンに入れて炒める。,N2
가타카나,katakana,プラスチック,ぷらすちっく,플라스틱,プラスチックの椅子は軽い。,플라스틱 의자는 가볍다.,,プラスチック ぷらすちっく プラスチックの椅子は軽い。,N2
가타카나,katakana,プラットホーム,ぷらっとほーむ,플랫폼,プラットホームに人があふれる。,플랫폼에 사람이 넘친다.,,プラットホーム ぷらっとほーむ プラットホームに人があふれる。,N2
가타카나,katakana,フリー,ふりー,"프리, 자유로움, 무료",フリーな立場で発言する。,자유로운 입장에서 발언하다.,,フリー ふりー フリーな立場で発言する。,N2
가타카나,katakana,フルーツ,ふるーつ,과일,食後にフルーツを食べる。,식후에 과일을 먹다.,,フルーツ ふるーつ 食後にフルーツを食べる。,N2
가타카나,katakana,プロ,ぷろ,"프로, 전문가",アマチュアからプロになる。,아마추어에서 프로가 되다.,,プロ ぷろ アマチュアからプロになる。,N2
가타카나,katakana,ブローチ,ぶろーち,브로치,ブローチを胸につける。,브로치를 가슴에 달다.,,ブローチ ぶろーち ブローチを胸につける。,N2
가타카나,katakana,プログラム,ぷろぐらむ,프로그램,効果的な教育プログラムを立てる。,효과적인 교육 프로그램을 세우다.,,プログラム ぷろぐらむ 効果的な教育プログラムを立てる。,N2
가타카나,katakana,ベテラン,べてらん,베테랑,山口さんは経歴20年のベテランだ。,야마구치 씨는 경력 20년의 베테랑이다.,,ベテラン べてらん 山口さんは経歴20年のベテランだ。,N2
가타카나,katakana,ヘリコプター,へりこぷたー,헬리콥터,ヘリコプターで運ぶ。,헬리콥터로 옮기다.,,ヘリコプター へりこぷたー ヘリコプターで運ぶ。,N2
가타카나,katakana,ペンキ,ぺんき,페인트,ペンキを塗る。,페인트를 바르다.,,ペンキ ぺんき ペンキを塗る。,N2
가타카나,katakana,ベンチ,べんち,벤치,公園のベンチに座る。,공원의 벤치에 앉다.,,ベンチ べんち 公園のベンチに座る。,N2
가타카나,katakana,ホームステイ,ほーむすてい,홈스테이,海外でホームステイする。,해외에서 홈스테이 하다.,,ホームステイ ほーむすてい 海外でホームステイする。,N2
가타카나,katakana,マーケット,まーけっと,"마켓, 시장",マーケットを広げる。,시장을 확대하다.,,マーケット まーけっと マーケットを広げる。,N2
가타카나,katakana,マイク,まいく,마이크,マイクを通じて話す。,마이크를 통해서 이야기하다.,,マイク まいく マイクを通じて話す。,N2
가타카나,katakana,マイペース,まいぺーす,마이 페이스,マイペースで仕事をする。,마이 페이스로 일을 하다.,,マイペース まいぺーす マイペースで仕事をする。,N2
가타카나,katakana,マスター,ますたー,마스터,フランス語をマスターする。,프랑스어를 마스터하다.,,マスター ますたー フランス語をマスターする。,N2
가타카나,katakana,ミシン,みしん,"미싱, 재봉틀",ミシンで服を作る。,재봉틀로 옷을 만들다.,,ミシン みしん ミシンで服を作る。,N2
가타카나,katakana,メモ,めも,메모,要点をメモする。,요점을 메모하다.,,メモ めも 要点をメモする。,N2
가타카나,katakana,メリット,めりっと,"메리트, 장점",何のメリットもない。,아무런 메리트도 없다.,,メリット めりっと 何のメリットもない。,N2
가타카나,katakana,モーター,もーたー,모터,モーターを止める。,모터를 정지시키다.,,モーター もーたー モーターを止める。,N2
가타카나,katakana,モダン,もだん,"모던, 현대적",モダンな建物を建てる。,현대적인 건물을 짓다.,,モダン もだん モダンな建物を建てる。,N2
가타카나,katakana,モデル,もでる,모델,写真のモデルになる。,사진 모델이 되다.,,モデル もでる 写真のモデルになる。,N2
가타카나,katakana,モノレール,ものれーる,모노레일,新しいモノレールが開通する。,새로운 모노레일이 개통되다.,,モノレール ものれーる 新しいモノレールが開通する。,N2
가타카나,katakana,ヨット,よっと,요트,ヨットに乗る。,요트를 타다.,,ヨット よっと ヨットに乗る。,N2
가타카나,katakana,ライター,らいたー,라이터,ライターで火をつける。,라이터로 불을 붙이다.,,ライター らいたー ライターで火をつける。,N2
가타카나,katakana,ラケット,らけっと,라켓,ラケットが折れてしまう。,라켓이 부러져 버리다.,,ラケット らけっと ラケットが折れてしまう。,N2
가타카나,katakana,ラッシュアワー,らっしゅあわー,러시아워,朝夕のラッシュアワーは道が大変込む。,아침저녁의 러시아워는 길이 매우 혼잡스럽다.,,ラッシュアワー らっしゅあわー 朝夕のラッシュアワーは道が大変込む。,N2
가타카나,katakana,リズム,りずむ,리듬,音楽のリズムに合わせて踊る。,음악의 리듬에 맞추어 춤추다.,,リズム りずむ 音楽のリズムに合わせて踊る。,N2
가타카나,katakana,リハーサル,りはーさる,리허설,演劇のリハーサルをする。,연극 리허설을 하다.,,リハーサル りはーさる 演劇のリハーサルをする。,N2
가타카나,katakana,リラックス,りらっくす,"릴랙스, 긴장 완화",音楽を聴きながらリラックスしたい。,음악을 들으며 긴장을 풀고 싶다.,,リラックス りらっくす 音楽を聴きながらリラックスしたい。,N2
가타카나,katakana,レクリエーション,れくりえーしょん,레크리에이션,ストレス解消のためにレクリエーションも必要だ。,스트레스 해소를 위해 레크리에이션도 필요하다.,,レクリエーション れくりえーしょん ストレス解消のためにレクリエーションも必要だ。,N2
가타카나,katakana,レジャー,れじゃー,레저,レジャー活動が盛んに行われる。,레저 활동이 활발히 이루어지다.,,レジャー れじゃー レジャー活動が盛んに行われる。,N2
가타카나,katakana,レポーター,れぽーたー,리포터,レポーターを務める。,리포터를 맡다.,,レポーター れぽーたー レポーターを務める。,N2
가타카나,katakana,レンタル,れんたる,"렌탈, 대여",自転車をレンタルして観光地を巡る。,자전거를 렌탈하여 관광지를 돌다.,,レンタル れんたる 自転車をレンタルして観光地を巡る。,N2
가타카나,katakana,ロケット,ろけっと,로켓,ロケットを発射する。,로켓을 발사하다.,,ロケット ろけっと ロケットを発射する。,N2
가타카나,katakana,ロッカー,ろっかー,로커,荷物を入れてロッカーに鍵をかける。,짐을 넣고 로커에 열쇠를 채우다.,,ロッカー ろっかー 荷物を入れてロッカーに鍵をかける。,N2
가타카나,katakana,ワイン,わいん,와인,ぶどうからワインを生産する。,포도로 와인을 생산하다.,,ワイン わいん ぶどうからワインを生産する。,N2
동사,verb,逸れる,それる,"빗나가다, 벗어나다",話が横道に逸れる。,이야기가 옆길로 빠지다(본론에서 벗어나다).,,それる それる 話が横道に逸れる。,N2
명사,noun,へそ,へそ,배꼽,,,,へそ 배꼽,N2
명사,noun,ほうき,ほうき,빗자루,,,,ほうき 빗자루,N2
명사,noun,保健,ほけん,보건,,,,保健 보건 ほけん,N2
명사,noun,保証,ほしょう,보증,,,,保証 보증 ほしょう,N2
명사,noun,冒険,ぼうけん,모험,,,,冒険 모험 ぼうけん,N2
명사,noun,分布,ぶんぷ,분포,,,,分布 분포 ぶんぷ,N2
명사,noun,分析,ぶんせき,분석,,,,分析 분석 ぶんせき,N2
명사,noun,分量,ぶんりょう,분량,,,,分量 분량 ぶんりょう,N2
명사,noun,別人,べつじん,"딴 사람, 별인",,,,別人 딴 사람 べつじん,N2
명사,noun,剃刀,かみそり,면도칼,,,,剃刀 면도칼 かみそり,N2
명사,noun,包帯,ほうたい,붕대,,,,包帯 붕대 ほうたい,N2
명사,noun,包装,ほうそう,포장,,,,包装 포장 ほうそう,N2
명사,noun,北米,ほくべい,북미,,,,北米 북미 ほくべい,N2
명사,noun,川岸,かわぎし,강기슭,,,,川岸 강기슭 かわぎし,N2
명사,noun,感激,かんげき,감격,,,,感激 감격 かんげき,N2
명사,noun,換気,かんき,환기,,,,換気 환기 かんき,N2
명사,noun,放出,ほうしゅつ,방출,,,,放出 방출 ほうしゅつ,N2
명사,noun,文脈,ぶんみゃく,문맥,,,,文脈 문맥 ぶんみゃく,N2
명사,noun,方向,ほうこう,방향,,,,方向 방향 ほうこう,N2
명사,noun,方角,ほうがく,"방위, 방향",,,,方角 방위 ほうがく,N2
명사,noun,方言,ほうげん,"방언, 사투리",,,,方言 방언 ほうげん,N2
명사,noun,方針,ほうしん,방침,,,,方針 방침 ほうしん,N2
명사,noun,暴力,ぼうりょく,폭력,,,,暴力 폭력 ぼうりょく,N2
명사,noun,暴行,ぼうこう,폭행,,,,暴行 폭행 ぼうこう,N2
명사,noun,暴言,ぼうげん,폭언,,,,暴言 폭언 ぼうげん,N2
명사,noun,望遠鏡,ぼうえんきょう,망원경,,,,望遠鏡 망원경 ぼうえんきょう,N2
명사,noun,柄,がら,무늬,,,,柄 무늬 がら,N2
명사,noun,棒,ぼう,"막대기, 봉",,,,棒 막대기 ぼう,N2
명사,noun,歓迎,かんげい,환영,,,,歓迎 환영 かんげい,N2
명사,noun,殻,から,껍질,,,,殻 껍질 から,N2
명사,noun,為替,かわせ,"환율, 외환",,,,為替 환율 かわせ,N2
명사,noun,牧場,ぼくじょう,목장,,,,牧場 목장 ぼくじょう,N2
명사,noun,牧畜,ぼくちく,목축,,,,牧畜 목축 ぼくちく,N2
명사,noun,瓦,かわら,기와,,,,瓦 기와 かわら,N2
명사,noun,癌,がん,암,,,,癌 암 がん,N2
명사,noun,監視,かんし,감시,,,,監視 감시 かんし,N2
명사,noun,神様,かみさま,"신, 하느님",,,,神様 신 かみさま,N2
명사,noun,空梅雨,からつゆ,마른 장마,,,,空梅雨 마른 장마 からつゆ,N2
명사,noun,紙くず,かみくず,"휴지, 종이 부스러기",,,,紙くず 휴지 かみくず,N2
명사,noun,補足,ほそく,"보족, 보충",,,,補足 보충 ほそく,N2
명사,noun,観客,かんきゃく,관객,,,,観客 관객 かんきゃく,N2
명사,noun,観察,かんさつ,관찰,,,,観察 관찰 かんさつ,N2
명사,noun,貨物,かもつ,화물,,,,貨物 화물 かもつ,N2
명사,noun,返品,へんぴん,반품,,,,返品 반품 へんぴん,N2
명사,noun,関係,かんけい,관계,,,,関係 관계 かんけい,N2
명사,noun,防止,ぼうし,방지,,,,防止 방지 ぼうし,N2
명사,noun,防災,ぼうさい,방재,,,,防災 방재 ぼうさい,N2
명사,noun,防犯,ぼうはん,방범,,,,防犯 방범 ぼうはん,N2
명사,noun,雷,かみなり,"천둥, 번개",,,,雷 천둥 かみなり,N2
명사,noun,革靴,かわぐつ,가죽 구두,,,,革靴 가죽 구두 かわぐつ,N2
명사,noun,頬,ほお,뺨,,,,頬 뺨 ほお,N2
명사,noun,髪の毛,かみのけ,머리카락,,,,髪の毛 머리카락 かみのけ,N2
명사,noun,髪型,かみがた,"머리 모양, 헤어스타일",,,,髪型 헤어스타일 かみがた,N2
명사,noun,愛,あい,"사랑, 애정",,,,"愛 사랑, 애정 あい",N3
명사,noun,合図,あいず,신호,,,,合図 2012 신호 あいず,N3
명사,noun,相手,あいて,상대,,,,相手 2014 상대 あいて,N3
명사,noun,赤ん坊,あかんぼう,갓난아기,,,,赤ん坊 갓난아기 あかんぼう,N3
명사,noun,空き地,あきち,공터,,,,空き地 공터 あきち,N3
명사,noun,握手,あくしゅ,악수,,,,握手 악수 あくしゅ,N3
명사,noun,あくび,あくび,하품,,,,あくび 하품,N3
명사,noun,朝日,あさひ,아침 해,,,,朝日 아침 해 あさひ,N3
명사,noun,足跡,あしあと,발자국,,,,足跡 발자국 あしあと,N3
명사,noun,味見,あじみ,맛보기,,,,味見 맛보기 あじみ,N3
명사,noun,足元,あしもと,발밑,,,,足元 발밑 あしもと,N3
명사,noun,当たり前,あたりまえ,당연,,,,当たり前 당연 あたりまえ,N3
명사,noun,悪化,あっか,악화,,,,悪化 악화 あっか,N3
명사,noun,集まり,あつまり,모임,,,,集まり 모임 あつまり,N3
명사,noun,あて先,あてさき,"수신자, 수신처",,,,"あて先 수신자, 수신처 あてさき",N3
명사,noun,穴,あな,구멍,,,,穴 2014 구멍 あな,N3
명사,noun,油,あぶら,기름,,,,油 기름 あぶら,N3
명사,noun,雨戸,あまど,덧문,,,,雨戸 덧문 あまど,N3
명사,noun,網戸,あみど,방충망,,,,網戸 방충망 あみど,N3
명사,noun,泡,あわ,거품,,,,泡 2010 거품 あわ,N3
명사,noun,暗記,あんき,암기,,,,暗記 2012 암기 あんき,N3
명사,noun,言い訳,いいわけ,변명,,,,言い訳 변명 いいわけ,N3
명사,noun,怒り,いかり,분노,,,,怒り 분노 いかり,N3
명사,noun,息,いき,"숨, 호흡",,,,"息 2010 숨, 호흡 いき",N3
명사,noun,意義,いぎ,의의,,,,意義 의의 いぎ,N3
명사,noun,勢い,いきおい,기세,,,,勢い 기세 いきおい,N3
명사,noun,生き物,いきもの,생물,,,,生き物 생물 いきもの,N3
명사,noun,育児,いくじ,육아,,,,育児 육아 いくじ,N3
명사,noun,以後,いご,이후,,,,以後 이후 いご,N3
명사,noun,以降,いこう,이후,,,,以降 이후 いこう,N3
명사,noun,意思,いし,"의사, 생각, 의견",,,,"意思 의사, 생각, 의견 いし",N3
명사,noun,医師,いし,의사,,,,医師 의사 いし,N3
명사,noun,意志,いし,"의지, 의향",,,,"意志 2012 의지, 의향 いし",N3
명사,noun,以前,いぜん,이전,,,,以前 이전 いぜん,N3
명사,noun,板,いた,"판자, 널빤지",,,,"板 판자, 널빤지 いた",N3
명사,noun,痛み,いたみ,"아픔, 고통",,,,"痛み 아픔, 고통 いたみ",N3
명사,noun,位置,いち,위치,,,,位置 2017 위치 いち,N3
명사,noun,市場,いちば,시장(주로 재래시장을 말함),,,,市場 시장(주로 재래시장을 말함) いちば,N3
명사,noun,一部,いちぶ,일부,,,,一部 일부 いちぶ,N3
명사,noun,一か月,いっかげつ,"1개월, 한 달",,,,"一か月 1개월, 한 달 いっかげつ",N3
명사,noun,一生,いっしょう,"일생, 평생",,,,"一生 일생, 평생 いっしょう",N3
명사,noun,一方通行,いっぽうつうこう,일방통행,,,,一方通行 일방통행 いっぽうつうこう,N3
명사,noun,移動,いどう,이동,,,,移動 2015 이동 いどう,N3
명사,noun,いとこ,いとこ,사촌,,,,いとこ 사촌,N3
명사,noun,居眠り,いねむり,앉아서 조는 것,,,,居眠り 앉아서 조는 것 いねむり,N3
명사,noun,違反,いはん,위반,,,,違反 2010 위반 いはん,N3
명사,noun,医療,いりょう,의료,,,,医療 의료 いりょう,N3
명사,noun,岩,いわ,바위,,,,岩 2010 바위 いわ,N3
명사,noun,印象,いんしょう,인상,,,,印象 2019 인상 いんしょう,N3
명사,noun,うがい,うがい,"양치, 양치질, 가글",,,,"うがい 양치, 양치질, 가글",N3
명사,noun,受取人,うけとりにん,수취인,,,,受取人 수취인 うけとりにん,N3
명사,noun,うさぎ,うさぎ,토끼,,,,うさぎ 토끼,N3
명사,noun,牛,うし,소,,,,牛 소 うし,N3
명사,noun,右折,うせつ,우회전,,,,右折 2018 우회전 うせつ,N3
명사,noun,うそつき,うそつき,거짓말쟁이,,,,うそつき 거짓말쟁이,N3
명사,noun,馬,うま,말,,,,馬 말 うま,N3
명사,noun,生まれ,うまれ,"탄생, 출생",,,,"生まれ 탄생, 출생 うまれ",N3
명사,noun,梅,うめ,매화,,,,梅 매화 うめ,N3
명사,noun,売り上げ,うりあげ,"매상, 매출",,,,"売り上げ 매상, 매출 うりあげ",N3
명사,noun,売り切れ,うりきれ,매진,,,,売り切れ 2013 매진 うりきれ,N3
명사,noun,噂,うわさ,소문,,,,噂 2016 소문 うわさ,N3
명사,noun,運河,うんが,운하,,,,運河 운하 うんが,N3
명사,noun,運賃,うんちん,운임,,,,運賃 운임 うんちん,N3
명사,noun,運転席,うんてんせき,운전석,,,,運転席 운전석 うんてんせき,N3
명사,noun,運転免許証,うんてんめんきょしょう,운전면허증,,,,運転免許証 운전면허증 うんてんめんきょしょう,N3
명사,noun,永遠,えいえん,영원,,,,永遠 영원 えいえん,N3
명사,noun,影響,えいきょう,영향,,,,影響 2011 영향 えいきょう,N3
명사,noun,英国,えいこく,영국,,,,英国 영국 えいこく,N3
명사,noun,英文,えいぶん,영문,,,,英文 영문 えいぶん,N3
명사,noun,栄養,えいよう,영양,,,,栄養 2015 영양 えいよう,N3
명사,noun,笑顔,えがお,"웃는 얼굴, 미소",,,,"笑顔 2012 웃는 얼굴, 미소 えがお",N3
명사,noun,宴会,えんかい,연회,,,,宴会 연회 えんかい,N3
명사,noun,演劇,えんげき,연극,,,,演劇 연극 えんげき,N3
명사,noun,演奏,えんそう,연주,,,,演奏 2015 연주 えんそう,N3
명사,noun,遠足,えんそく,소풍,,,,遠足 소풍 えんそく,N3
명사,noun,おい,おい,남자 조카,,,,おい 남자 조카,N3
명사,noun,応援,おうえん,응원,,,,応援 2012 응원 おうえん,N3
명사,noun,王様,おうさま,임금님,,,,王様 임금님 おうさま,N3
명사,noun,王子,おうじ,왕자,,,,王子 왕자 おうじ,N3
명사,noun,横断,おうだん,횡단,,,,横断 2012 횡단 おうだん,N3
명사,noun,往復,おうふく,왕복,,,,往復 왕복 おうふく,N3
명사,noun,応募,おうぼ,응모,,,,応募 2017 응모 おうぼ,N3
명사,noun,応用,おうよう,응용,,,,応用 2014 응용 おうよう,N3
명사,noun,大通り,おおどおり,"큰 길, 대로",,,,"大通り 큰 길, 대로 おおどおり",N3
명사,noun,大家,おおや,집주인,,,,大家 집주인 おおや,N3
명사,noun,奥,おく,"안쪽, 속",,,,"奥 안쪽, 속 おく",N3
명사,noun,屋外,おくがい,옥외,,,,屋外 옥외 おくがい,N3
명사,noun,屋内,おくない,옥내,,,,屋内 옥내 おくない,N3
명사,noun,おしゃれ,おしゃれ,"멋내기, 멋쟁이",,,,"おしゃれ 멋내기, 멋쟁이",N3
명사,noun,お尻,おしり,엉덩이,,,,お尻 엉덩이 おしり,N3
명사,noun,お勧め,おすすめ,추천,,,,お勧め 추천 おすすめ,N3
명사,noun,お互い,おたがい,"서로, 상호간",,,,"お互い 2019 서로, 상호간 おたがい",N3
명사,noun,お茶碗,おちゃわん,밥공기,,,,お茶碗 밥공기 おちゃわん,N3
명사,noun,お手伝いさん,おてつだいさん,가사 도우미,,,,お手伝いさん 가사 도우미 おてつだいさん,N3
명사,noun,お見合い,おみあい,맞선,,,,お見合い 맞선 おみあい,N3
명사,noun,親指,おやゆび,엄지손가락,,,,親指 2019 엄지손가락 おやゆび,N3
명사,noun,お礼,おれい,"사례, 감사의 말",,,,"お礼 2017 사례, 감사의 말 おれい",N3
명사,noun,音楽家,おんがくか,음악가,,,,音楽家 음악가 おんがくか,N3
명사,noun,温室,おんしつ,온실,,,,温室 온실 おんしつ,N3
명사,noun,温泉,おんせん,온천,,,,温泉 2014 온천 おんせん,N3
명사,noun,温度,おんど,온도,,,,温度 온도 おんど,N3
명사,noun,女の人,おんなのひと,여자,,,,女の人 여자 おんなのひと,N3
명사,noun,おんぶ,おんぶ,"등에 업음, 어부바",,,,"おんぶ 등에 업음, 어부바",N3
명사,noun,会館,かいかん,회관,,,,会館 회관 かいかん,N3
명사,noun,解決,かいけつ,해결,,,,解決 2017 해결 かいけつ,N3
명사,noun,会合,かいごう,회합,,,,会合 회합 かいごう,N3
명사,noun,改札口,かいさつぐち,개찰구,,,,改札口 2013 개찰구 かいさつぐち,N3
명사,noun,回収,かいしゅう,회수,,,,回収 2013 회수 かいしゅう,N3
명사,noun,外出,がいしゅつ,외출,,,,外出 외출 がいしゅつ,N3
명사,noun,海水浴,かいすいよく,해수욕,,,,海水浴 해수욕 かいすいよく,N3
명사,noun,回数券,かいすうけん,회수권,,,,回数券 회수권 かいすうけん,N3
명사,noun,解説,かいせつ,해설,,,,解説 해설 かいせつ,N3
명사,noun,会長,かいちょう,회장,,,,会長 회장 かいちょう,N3
명사,noun,香り,かおり,향기,,,,香り 2015 향기 かおり,N3
명사,noun,画家,がか,화가,,,,画家 화가 がか,N3
명사,noun,価格,かかく,가격,,,,価格 2011 가격 かかく,N3
명사,noun,化学,かがく,화학,,,,化学 화학 かがく,N3
명사,noun,係り,かかり,"담당, 담당자",,,,"係り 담당, 담당자 かかり",N3
명사,noun,書留,かきとめ,등기 우편,,,,書留 등기 우편 かきとめ,N3
명사,noun,書き取り,かきとり,받아쓰기,,,,書き取り 받아쓰기 かきとり,N3
명사,noun,家具,かぐ,가구,,,,家具 2019 가구 かぐ,N3
명사,noun,各駅停車,かくえきていしゃ,각역 정차,,,,各駅停車 각역 정차 かくえきていしゃ,N3
명사,noun,覚悟,かくご,각오,,,,覚悟 각오 かくご,N3
명사,noun,学者,がくしゃ,학자,,,,学者 학자 がくしゃ,N3
명사,noun,学習,がくしゅう,학습,,,,学習 학습 がくしゅう,N3
명사,noun,会員,かいいん,회원,,,,会員 회원 かいいん,N3
명사,noun,絵画,かいが,"회화, 그림",,,,"絵画 회화, 그림 かいが",N3
명사,noun,海外,かいがい,해외,,,,海外 해외 かいがい,N3
명사,noun,拡大,かくだい,확대,,,,拡大 확대 かくだい,N3
명사,noun,各地,かくち,각지,,,,各地 2013 각지 かくち,N3
명사,noun,確認,かくにん,확인,,,,確認 확인 かくにん,N3
명사,noun,学費,がくひ,학비,,,,学費 학비 がくひ,N3
명사,noun,学部,がくぶ,학부,,,,学部 학부 がくぶ,N3
명사,noun,学問,がくもん,학문,,,,学問 학문 がくもん,N3
명사,noun,格安,かくやす,"값이 쌈, 보통보다 특별히 쌈",,,,格安 값이 쌈 かくやす,N3
명사,noun,学力,がくりょく,학력,,,,学力 학력 がくりょく,N3
명사,noun,かけ算,かけざん,곱셈,,,,かけ算 곱셈 かけさん,N3
명사,noun,過去,かこ,과거,,,,過去 2017 과거 かこ,N3
명사,noun,火災,かさい,화재,,,,火災 화재 かさい,N3
명사,noun,貸し出し,かしだし,대출,,,,貸し出し 대출 かしだし,N3
명사,noun,河川,かせん,하천,,,,河川 하천 かせん,N3
명사,noun,課題,かだい,과제,,,,課題 과제 かだい,N3
명사,noun,方々,かたがた,"여러분, 분들(존경의 복수형)",,,,"方々 여러분, 분들 かたがた",N3
명사,noun,片方,かたほう,다른 한쪽,,,,片方 2012 다른 한쪽 かたほう,N3
명사,noun,片道,かたみち,편도,,,,片道 편도 かたみち,N3
명사,noun,勝ち,かち,승리,,,,勝ち 승리 かち,N3
명사,noun,価値,かち,가치,,,,価値 가치 かち,N3
명사,noun,活気,かっき,활기,,,,活気 활기 かっき,N3
명사,noun,楽器,がっき,악기,,,,楽器 2015 악기 がっき,N3
명사,noun,活動,かつどう,활동,,,,活動 2018 활동 かつどう,N3
명사,noun,仮定,かてい,"가정, 전제, 가설",,,,"仮定 2014 가정, 전제 かてい",N3
명사,noun,家電製品,かでんせいひん,가전제품,,,,家電製品 가전제품 かでんせいひん,N3
명사,noun,悲しみ,かなしみ,슬픔,,,,悲しみ 슬픔 かなしみ,N3
명사,noun,我慢,がまん,"인내, 참음",,,,"我慢 2014 인내, 참음 がまん",N3
명사,noun,神,かみ,신,,,,神 신 かみ,N3
명사,noun,画面,がめん,화면,,,,画面 화면 がめん,N3
명사,noun,科目,かもく,과목,,,,科目 과목 かもく,N3
명사,noun,空,から,속이 빈 상태,,,,空 2016 속이 빈 상태 から,N3
명사,noun,空っぽ,からっぽ,속이 텅 빈 상태,,,,空っぽ 속이 텅 빈 상태 からっぽ,N3
명사,noun,缶,かん,"깡통, 캔",,,,"缶 깡통, 캔 かん",N3
명사,noun,考え,かんがえ,생각,,,,考え 생각 かんがえ,N3
명사,noun,感覚,かんかく,감각,,,,感覚 감각 かんかく,N3
명사,noun,間隔,かんかく,간격,,,,間隔 2019 간격 かんかく,N3
명사,noun,環境,かんきょう,환경,,,,環境 환경 かんきょう,N3
명사,noun,歓迎会,かんげいかい,환영회,,,,歓迎会 환영회 かんげいかい,N3
명사,noun,観光,かんこう,관광,,,,観光 2011 관광 かんこう,N3
명사,noun,看護師,かんごし,간호사,,,,看護師 간호사 かんごし,N3
명사,noun,感じ,かんじ,느낌,,,,感じ 느낌 かんじ,N3
명사,noun,感謝,かんしゃ,감사,,,,感謝 2019 감사 かんしゃ,N3
명사,noun,患者,かんじゃ,환자,,,,患者 환자 かんじゃ,N3
명사,noun,感情,かんじょう,감정,,,,感情 감정 かんじょう,N3
명사,noun,感心,かんしん,감탄,,,,感心 감탄 かんしん,N3
명사,noun,関心,かんしん,관심,,,,関心 2016 관심 かんしん,N3
명사,noun,完成,かんせい,완성,,,,完成 2012 완성 かんせい,N3
명사,noun,間接,かんせつ,간접,,,,間接 간접 かんせつ,N3
명사,noun,感想,かんそう,감상,,,,感想 감상 かんそう,N3
명사,noun,感動,かんどう,감동,,,,感動 2010 감동 かんどう,N3
명사,noun,乾杯,かんぱい,건배,,,,乾杯 건배 かんぱい,N3
명사,noun,完了,かんりょう,완료,,,,完了 완료 かんりょう,N3
명사,noun,気温,きおん,기온,,,,気温 2011 기온 きおん,N3
명사,noun,機会,きかい,기회,,,,機会 2015 기회 きかい,N3
명사,noun,期限,きげん,기한,,,,期限 2014 기한 きげん,N3
명사,noun,記事,きじ,기사,,,,記事 기사 きじ,N3
명사,noun,傷,きず,"상처, 흠집",,,,"傷 2016 상처, 흠집 きず",N3
명사,noun,期待,きたい,기대,,,,期待 2017 기대 きたい,N3
명사,noun,気体,きたい,기체,,,,気体 기체 きたい,N3
명사,noun,帰宅,きたく,귀가,,,,帰宅 2018 귀가 きたく,N3
명사,noun,喫煙席,きつえんせき,흡연석,,,,喫煙席 흡연석 きつえんせき,N3
명사,noun,記入,きにゅう,기입,,,,記入 기입 きにゅう,N3
명사,noun,記念,きねん,기념,,,,記念 2019 기념 きねん,N3
명사,noun,希望,きぼう,희망,,,,希望 희망 きぼう,N3
명사,noun,決まり,きまり,"결정, 규칙",,,,"決まり 2016 결정, 규칙 きまり",N3
명사,noun,疑問,ぎもん,의문,,,,疑問 2011 의문 ぎもん,N3
명사,noun,逆,ぎゃく,"반대, 역, 거꾸로임",,,,"逆 2017 반대, 역 ぎゃく",N3
명사,noun,休暇,きゅうか,휴가,,,,休暇 휴가 きゅうか,N3
명사,noun,休業,きゅうぎょう,휴업,,,,休業 휴업 きゅうぎょう,N3
명사,noun,休憩,きゅうけい,"휴게, 휴식",,,,"休憩 휴게, 휴식 きゅうけい",N3
명사,noun,休日,きゅうじつ,휴일,,,,休日 2018 휴일 きゅうじつ,N3
명사,noun,給食,きゅうしょく,급식,,,,給食 급식 きゅうしょく,N3
명사,noun,急ブレーキ,きゅうブレーキ,급브레이크,,,,急ブレーキ 급브레이크 きゅうブレーキ,N3
명사,noun,給与,きゅうよ,급여,,,,給与 급여 きゅうよ,N3
명사,noun,休養,きゅうよう,휴양,,,,休養 휴양 きゅうよう,N3
명사,noun,給料,きゅうりょう,급료,,,,給料 급료 きゅうりょう,N3
명사,noun,~行,~ぎょう,~행,,,,~行 ~행 ~ぎょう,N3
명사,noun,強化,きょうか,강화,,,,強化 강화 きょうか,N3
명사,noun,教科書,きょうかしょ,교과서,,,,教科書 교과서 きょうかしょ,N3
명사,noun,教師,きょうし,교사,,,,教師 2017 교사 きょうし,N3
명사,noun,行事,ぎょうじ,행사,,,,行事 행사 ぎょうじ,N3
명사,noun,教授,きょうじゅ,교수,,,,教授 교수 きょうじゅ,N3
명사,noun,競争,きょうそう,경쟁,,,,競争 경쟁 きょうそう,N3
명사,noun,強調,きょうちょう,강조,,,,強調 강조 きょうちょう,N3
명사,noun,共通,きょうつう,공통,,,,共通 2016 공통 きょうつう,N3
명사,noun,協力,きょうりょく,협력,,,,協力 2017 협력 きょうりょく,N3
명사,noun,許可,きょか,허가,,,,許可 허가 きょか,N3
명사,noun,距離,きょり,거리,,,,距離 2018 거리 きょり,N3
명사,noun,記録,きろく,기록,,,,記録 2016 기록 きろく,N3
명사,noun,禁煙,きんえん,금연,,,,禁煙 2017 금연 きんえん,N3
명사,noun,禁煙席,きんえんせき,금연석,,,,禁煙席 금연석 きんえんせき,N3
명사,noun,近視,きんし,근시,,,,近視 근시 きんし,N3
명사,noun,禁止,きんし,금지,,,,禁止 2016 금지 きんし,N3
명사,noun,緊張,きんちょう,긴장,,,,緊張 2012 긴장 きんちょう,N3
명사,noun,勤務,きんむ,근무,,,,勤務 근무 きんむ,N3
명사,noun,区域,くいき,구역,,,,区域 구역 くいき,N3
명사,noun,空席,くうせき,"공석, 빈 자리",,,,"空席 2011 공석, 빈 자리 くうせき",N3
명사,noun,区間,くかん,구간,,,,区間 구간 くかん,N3
명사,noun,くじ,くじ,"제비, 추첨",,,,"くじ 제비, 추첨",N3
명사,noun,くしゃみ,くしゃみ,재채기,,,,くしゃみ 재채기,N3
명사,noun,薬指,くすりゆび,"약지, 약손가락",,,,"薬指 약지, 약손가락 くすりゆび",N3
명사,noun,癖,くせ,버릇,,,,癖 2014 버릇 くせ,N3
명사,noun,下り,くだり,"하행, 내리막",,,,"下り 하행, 내리막 くだり",N3
명사,noun,口紅,くちべに,립스틱,,,,口紅 립스틱 くちべに,N3
명사,noun,区別,くべつ,구별,,,,区別 2018 구별 くべつ,N3
명사,noun,暮らし,くらし,생활,,,,暮らし 생활 くらし,N3
명사,noun,くり返し,くりかえし,반복,,,,くり返し 반복 くりかえし,N3
명사,noun,苦労,くろう,고생,,,,苦労 2011 고생 くろう,N3
명사,noun,経営,けいえい,경영,,,,経営 2018 경영 けいえい,N3
명사,noun,警察官,けいさつかん,경찰관,,,,警察官 경찰관 けいさつかん,N3
명사,noun,警察署,けいさつしょ,경찰서,,,,警察署 경찰서 けいさつしょ,N3
명사,noun,計算,けいさん,계산,,,,計算 2017 계산 けいさん,N3
명사,noun,芸術,げいじゅつ,예술,,,,芸術 2019 예술 げいじゅつ,N3
명사,noun,携帯,けいたい,휴대,,,,携帯 휴대 けいたい,N3
명사,noun,毛糸,けいと,털실,,,,毛糸 털실 けいと,N3
명사,noun,系統,けいとう,계통,,,,系統 2018 계통 けいとう,N3
명사,noun,契約,けいやく,계약,,,,契約 계약 けいやく,N3
명사,noun,経由,けいゆ,경유,,,,経由 2017 경유 けいゆ,N3
명사,noun,外科,げか,외과(의학의 한 분야),,,,外科 2012 외과(의학의 한 분야) げか,N3
명사,noun,下旬,げじゅん,하순,,,,下旬 2019 하순 げじゅん,N3
명사,noun,化粧,けしょう,화장,,,,化粧 화장 けしょう,N3
명사,noun,下水,げすい,"하수, 하수도",,,,"下水 하수, 하수도 げすい",N3
명사,noun,血液,けつえき,혈액,,,,血液 2010 혈액 けつえき,N3
명사,noun,血液型,けつえきがた,혈액형,,,,血液型 2015 혈액형 けつえきがた,N3
명사,noun,結局,けっきょく,결국,,,,結局 결국 けっきょく,N3
명사,noun,決心,けっしん,결심,,,,決心 결심 けっしん,N3
명사,noun,決定,けってい,결정,,,,決定 결정 けってい,N3
명사,noun,欠点,けってん,결점,,,,欠点 2019 결점 けってん,N3
명사,noun,結論,けつろん,결론,,,,結論 결론 けつろん,N3
명사,noun,煙,けむり,연기,,,,煙 연기 けむり,N3
명사,noun,限界,げんかい,한계,,,,限界 한계 げんかい,N3
명사,noun,現金,げんきん,현금,,,,現金 현금 げんきん,N3
명사,noun,言語,げんご,언어,,,,言語 언어 げんご,N3
명사,noun,健康,けんこう,건강,,,,健康 2019 건강 けんこう,N3
명사,noun,検査,けんさ,검사,,,,検査 2016 검사 けんさ,N3
명사,noun,現在,げんざい,현재,,,,現在 2015 현재 げんざい,N3
명사,noun,現実,げんじつ,현실,,,,現実 현실 げんじつ,N3
명사,noun,減少,げんしょう,감소,,,,減少 2017 감소 げんしょう,N3
명사,noun,建設,けんせつ,건설,,,,建設 2013 건설 けんせつ,N3
명사,noun,現代,げんだい,현대,,,,現代 현대 げんだい,N3
명사,noun,限度,げんど,한도,,,,限度 한도 げんど,N3
명사,noun,原料,げんりょう,원료,,,,原料 2018 원료 げんりょう,N3
명사,noun,恋,こい,연애,,,,恋 연애 こい,N3
명사,noun,恋人,こいびと,연인,,,,恋人 연인 こいびと,N3
명사,noun,幸運,こううん,행운,,,,幸運 행운 こううん,N3
명사,noun,効果,こうか,효과,,,,効果 2013 효과 こうか,N3
명사,noun,工学,こうがく,공학,,,,工学 공학 こうがく,N3
명사,noun,合格,ごうかく,합격,,,,合格 합격 ごうかく,N3
명사,noun,交換,こうかん,교환,,,,交換 2013 교환 こうかん,N3
명사,noun,高級,こうきゅう,고급,,,,高級 고급 こうきゅう,N3
명사,noun,公共料金,こうきょうりょうきん,공공요금,,,,公共料金 공공요금 こうきょうりょうきん,N3
명사,noun,合計,ごうけい,합계,,,,合計 2014 합계 ごうけい,N3
명사,noun,孝行,こうこう,"효행, 효도",,,,"孝行 효행, 효도 こうこう",N3
명사,noun,広告,こうこく,광고,,,,広告 2014 광고 こうこく,N3
명사,noun,交際,こうさい,교제,,,,交際 교제 こうさい,N3
명사,noun,高速道路,こうそくどうろ,고속도로,,,,高速道路 고속도로 こうそくどうろ,N3
명사,noun,好調,こうちょう,"호조, 상태가 좋음",,,,"好調 2017 호조, 상태가 좋음 こうちょう",N3
명사,noun,交通事故,こうつうじこ,교통사고,,,,交通事故 교통사고 こうつうじこ,N3
명사,noun,交通費,こうつうひ,교통비,,,,交通費 교통비 こうつうひ,N3
명사,noun,校庭,こうてい,"교정, 학교 마당",,,,"校庭 교정, 학교 마당 こうてい",N3
명사,noun,行動,こうどう,행동,,,,行動 행동 こうどう,N3
명사,noun,合同,ごうどう,합동,,,,合同 합동 ごうどう,N3
명사,noun,後輩,こうはい,후배,,,,後輩 후배 こうはい,N3
명사,noun,後半,こうはん,후반,,,,後半 후반 こうはん,N3
명사,noun,幸福,こうふく,행복,,,,幸福 행복 こうふく,N3
명사,noun,紅葉,こうよう,단풍,,,,紅葉 단풍 こうよう,N3
명사,noun,公立,こうりつ,공립,,,,公立 공립 こうりつ,N3
명사,noun,合流,ごうりゅう,합류,,,,合流 합류 ごうりゅう,N3
명사,noun,効力,こうりょく,효력,,,,効力 효력 こうりょく,N3
명사,noun,高齢者,こうれいしゃ,고령자,,,,高齢者 고령자 こうれいしゃ,N3
명사,noun,誤解,ごかい,오해,,,,誤解 오해 ごかい,N3
명사,noun,語学,ごがく,어학,,,,語学 어학 ごがく,N3
명사,noun,呼吸,こきゅう,호흡,,,,呼吸 2014 호흡 こきゅう,N3
명사,noun,故郷,こきょう,고향,,,,故郷 고향 こきょう,N3
명사,noun,国語,こくご,국어,,,,国語 국어 こくご,N3
명사,noun,黒板,こくばん,칠판,,,,黒板 칠판 こくばん,N3
명사,noun,小声,こごえ,작은 목소리,,,,小声 2015 작은 목소리 こごえ,N3
명사,noun,腰,こし,허리,,,,腰 2019 허리 こし,N3
명사,noun,子育て,こそだて,육아,,,,子育て 육아 こそだて,N3
명사,noun,国会,こっかい,국회,,,,国会 국회 こっかい,N3
명사,noun,小包,こづつみ,소포,,,,小包 소포 こづつみ,N3
명사,noun,好み,このみ,"기호, 취향",,,,"好み 기호, 취향 このみ",N3
명사,noun,小指,こゆび,새끼손가락,,,,小指 새끼손가락 こゆび,N3
명사,noun,今後,こんご,향후,,,,今後 향후 こんご,N3
명사,noun,混雑,こんざつ,혼잡,,,,混雑 혼잡 こんざつ,N3
명사,noun,混乱,こんらん,혼란,,,,混乱 2010 혼란 こんらん,N3
명사,noun,差,さ,"차, 차이",,,,"差 2012 차, 차이 さ",N3
명사,noun,最高,さいこう,최고,,,,最高 최고 さいこう,N3
명사,noun,祭日,さいじつ,국민의 축제일,,,,祭日 국민의 축제일 さいじつ,N3
명사,noun,最新,さいしん,최신,,,,最新 2010 최신 さいしん,N3
명사,noun,再生,さいせい,재생,,,,再生 재생 さいせい,N3
명사,noun,最低,さいてい,최저,,,,最低 최저 さいてい,N3
명사,noun,採点,さいてん,채점,,,,採点 채점 さいてん,N3
명사,noun,才能,さいのう,재능,,,,才能 재능 さいのう,N3
명사,noun,再利用,さいりよう,재이용,,,,再利用 재이용 さいりよう,N3
명사,noun,材料,ざいりょう,재료,,,,材料 2013 재료 ざいりょう,N3
명사,noun,一昨々日,さきおととい,"그끄저께, 3일 전",,,,"一昨々日 그끄저께, 3일 전 さきおととい",N3
명사,noun,作業,さぎょう,작업,,,,作業 작업 さぎょう,N3
명사,noun,作者,さくしゃ,"작자, 지은이",,,,"作者 작자, 지은이 さくしゃ",N3
명사,noun,昨年,さくねん,작년,,,,昨年 작년 さくねん,N3
명사,noun,昨夜,さくや,"어젯밤, 간밤",,,,"昨夜 어젯밤, 간밤 さくや",N3
명사,noun,差出人,さしだしにん,발신인,,,,差出人 발신인 さしだしにん,N3
명사,noun,座席,ざせき,좌석,,,,座席 좌석 ざせき,N3
명사,noun,左折,させつ,좌회전,,,,左折 좌회전 させつ,N3
명사,noun,作家,さっか,작가,,,,作家 작가 さっか,N3
명사,noun,作曲,さっきょく,작곡,,,,作曲 작곡 さっきょく,N3
명사,noun,殺人,さつじん,살인,,,,殺人 살인 さつじん,N3
명사,noun,皿,さら,접시,,,,皿 접시 さら,N3
명사,noun,猿,さる,원숭이,,,,猿 원숭이 さる,N3
명사,noun,騒ぎ,さわぎ,"소란, 소동",,,,"騒ぎ 소란, 소동 さわぎ",N3
명사,noun,~産,さん,~산,,,,~産 2011 ~산 さん,N3
명사,noun,参加,さんか,참가,,,,参加 2019 참가 さんか,N3
명사,noun,残業,さんぎょう,잔업,,,,残業 잔업 さんぎょう,N3
명사,noun,詩,し,시,,,,詩 시 し,N3
명사,noun,寺院,じいん,사원,,,,寺院 사원 じいん,N3
명사,noun,司会,しかい,"사회, 사회자",,,,"司会 사회, 사회자 しかい",N3
명사,noun,次回,じかい,다음번,,,,次回 다음번 じかい,N3
명사,noun,時間割,じかんわり,시간표,,,,時間割 시간표 じかんわり,N3
명사,noun,四季,しき,사계절,,,,四季 사계절 しき,N3
명사,noun,支給,しきゅう,지급,,,,支給 2015 지급 しきゅう,N3
명사,noun,事件,じけん,사건,,,,事件 사건 じけん,N3
명사,noun,死後,しご,"사후, 죽은 후",,,,"死後 사후, 죽은 후 しご",N3
명사,noun,事後,じご,"사후, 일이 끝난 후",,,,"事後 사후, 일이 끝난 후 じご",N3
명사,noun,時刻,じこく,시각,,,,時刻 시각 じこく,N3
명사,noun,時刻表,じこくひょう,시각표,,,,時刻表 시각표 じこくひょう,N3
명사,noun,指示,しじ,지시,,,,指示 2011 지시 しじ,N3
명사,noun,支社,ししゃ,지사,,,,支社 지사 ししゃ,N3
명사,noun,自習,じしゅう,자습,,,,自習 자습 じしゅう,N3
명사,noun,次女,じじょ,"차녀, 둘째 딸",,,,"次女 차녀, 둘째 딸 じじょ",N3
명사,noun,事情,じじょう,사정,,,,事情 2019 사정 じじょう,N3
명사,noun,詩人,しじん,시인,,,,詩人 시인 しじん,N3
명사,noun,自信,じしん,자신,,,,自信 2012 자신 じしん,N3
명사,noun,自然,しぜん,자연,,,,自然 2014 자연 しぜん,N3
명사,noun,事前,じぜん,사전,,,,事前 사전 じぜん,N3
명사,noun,時速,じそく,시속,,,,時速 시속 じそく,N3
명사,noun,下書き,したがき,초안,,,,下書き 초안 したがき,N3
명사,noun,失業,しつぎょう,실업,,,,失業 2019 실업 しつぎょう,N3
명사,noun,湿気,しっけ,습기,,,,湿気 습기 しっけ,N3
명사,noun,実現,じつげん,실현,,,,実現 실현 じつげん,N3
명사,noun,実行,じっこう,실행,,,,実行 실행 じっこう,N3
명사,noun,湿度,しつど,습도,,,,湿度 습도 しつど,N3
명사,noun,実力,じつりょく,실력,,,,実力 2013 실력 じつりょく,N3
명사,noun,失恋,しつれん,실연,,,,失恋 실연 しつれん,N3
명사,noun,指定,してい,지정,,,,指定 지정 してい,N3
명사,noun,指定席,していせき,지정석,,,,指定席 지정석 していせき,N3
명사,noun,私鉄,してつ,"사철, 민간 철도",,,,"私鉄 사철, 민간 철도 してつ",N3
명사,noun,支店,してん,지점,,,,支店 지점 してん,N3
명사,noun,指導,しどう,지도,,,,指導 2018 지도 しどう,N3
명사,noun,自動販売機,じどうはんばいき,자동판매기,,,,自動販売機 자동판매기 じどうはんばいき,N3
명사,noun,品,しな,물건,,,,品 물건 しな,N3
명사,noun,次男,じなん,"차남, 둘째 아들",,,,"次男 차남, 둘째 아들 じなん",N3
명사,noun,始発駅,しはつえき,"기점이 되는 역, 시발역",,,,"始発駅 기점이 되는 역, 시발역 しはつえき",N3
명사,noun,死亡,しぼう,사망,,,,死亡 사망 しぼう,N3
명사,noun,自慢,じまん,자랑,,,,自慢 2013 자랑 じまん,N3
명사,noun,事務,じむ,사무,,,,事務 사무 じむ,N3
명사,noun,氏名,しめい,"성명, 이름",,,,"氏名 성명, 이름 しめい",N3
명사,noun,締め切り,しめきり,마감,,,,締め切り 2019 마감 しめきり,N3
명사,noun,地面,じめん,"지면, 땅, 땅바닥",,,,"地面 지면, 땅, 땅바닥 じめん",N3
명사,noun,蛇口,じゃぐち,수도꼭지,,,,蛇口 수도꼭지 じゃぐち,N3
명사,noun,車庫,しゃこ,차고,,,,車庫 차고 しゃこ,N3
명사,noun,社説,しゃせつ,사설,,,,社説 사설 しゃせつ,N3
명사,noun,車輪,しゃりん,차바퀴,,,,車輪 차바퀴 しゃりん,N3
명사,noun,周囲,しゅうい,주위,,,,周囲 주위 しゅうい,N3
명사,noun,週刊誌,しゅうかんし,주간지,,,,週刊誌 2018 주간지 しゅうかんし,N3
명사,noun,住居,じゅうきょ,주거,,,,住居 주거 じゅうきょ,N3
명사,noun,重視,じゅうし,중시,,,,重視 중시 じゅうし,N3
명사,noun,就職,しゅうしょく,취직,,,,就職 2019 취직 しゅうしょく,N3
명사,noun,自由席,じゅうせき,자유석,,,,自由席 자유석 じゅうせき,N3
명사,noun,集中,しゅうちゅう,집중,,,,集中 2014 집중 しゅうちゅう,N3
명사,noun,終点,しゅうてん,종점,,,,終点 종점 しゅうてん,N3
명사,noun,収入,しゅうにゅう,수입,,,,収入 수입 しゅうにゅう,N3
명사,noun,周辺,しゅうへん,주변,,,,周辺 주변 しゅうへん,N3
명사,noun,週末,しゅうまつ,주말,,,,週末 주말 しゅうまつ,N3
명사,noun,住民,じゅうみん,주민,,,,住民 주민 じゅうみん,N3
명사,noun,修理,しゅうり,수리,,,,修理 2013 수리 しゅうり,N3
명사,noun,授業料,じゅぎょうりょう,수업료,,,,授業料 수업료 じゅぎょうりょう,N3
명사,noun,祝日,しゅくじつ,"경축일, 국경일",,,,"祝日 경축일, 국경일 しゅくじつ",N3
명사,noun,縮小,しゅくしょう,축소,,,,縮小 2014 축소 しゅくしょう,N3
명사,noun,宿泊,しゅくはく,숙박,,,,宿泊 숙박 しゅくはく,N3
명사,noun,受験,じゅけん,"수험, 입시",,,,"受験 수험, 입시 じゅけん",N3
명사,noun,手術,しゅじゅつ,수술,,,,手術 2017 수술 しゅじゅつ,N3
명사,noun,受信,じゅしん,수신,,,,受信 수신 じゅしん,N3
명사,noun,手段,しゅだん,수단,,,,手段 2018 수단 しゅだん,N3
명사,noun,主張,しゅちょう,주장,,,,主張 2011 주장 しゅちょう,N3
명사,noun,出勤,しゅっきん,출근,,,,出勤 2016 출근 しゅっきん,N3
명사,noun,出血,しゅっけつ,출혈,,,,出血 출혈 しゅっけつ,N3
명사,noun,出現,しゅつげん,출현,,,,出現 출현 しゅつげん,N3
명사,noun,出場,しゅつじょう,"출장, 출전",,,,"出場 출장, 출전 しゅつじょう",N3
명사,noun,出身,しゅっしん,출신,,,,出身 출신 しゅっしん,N3
명사,noun,出張,しゅっちょう,출장,,,,出張 2016 출장 しゅっちょう,N3
명사,noun,出版,しゅっぱん,출판,,,,出版 출판 しゅっぱん,N3
명사,noun,首都,しゅと,수도,,,,首都 2011 수도 しゅと,N3
명사,noun,主婦,しゅふ,주부,,,,主婦 주부 しゅふ,N3
명사,noun,寿命,じゅみょう,수명,,,,寿命 수명 じゅみょう,N3
명사,noun,種類,しゅるい,종류,,,,種類 종류 しゅるい,N3
명사,noun,受話器,じゅわき,수화기,,,,受話器 수화기 じゅわき,N3
명사,noun,順番,じゅんばん,"차례, 순서",,,,"順番 2015 차례, 순서 じゅんばん",N3
명사,noun,消化,しょうか,소화,,,,消化 소화 しょうか,N3
명사,noun,乗客,じょうきゃく,승객,,,,乗客 승객 じょうきゃく,N3
명사,noun,上級,じょうきゅう,상급,,,,上級 상급 じょうきゅう,N3
명사,noun,商業,しょうぎょう,상업,,,,商業 2014 상업 しょうぎょう,N3
명사,noun,上下,じょうげ,상하,,,,上下 상하 じょうげ,N3
명사,noun,条件,じょうけん,조건,,,,条件 조건 じょうけん,N3
명사,noun,正午,しょうご,정오,,,,正午 정오 しょうご,N3
명사,noun,上司,じょうし,상사,,,,上司 상사 じょうし,N3
명사,noun,常識,じょうしき,상식,,,,常識 상식 じょうしき,N3
명사,noun,乗車,じょうしゃ,승차,,,,乗車 2016 승차 じょうしゃ,N3
명사,noun,乗車券,じょうしゃけん,승차권,,,,乗車券 승차권 じょうしゃけん,N3
명사,noun,上旬,じょうじゅん,"초순, 상순",,,,"上旬 초순, 상순 じょうじゅん",N3
명사,noun,少女,しょうじょ,소녀,,,,少女 소녀 しょうじょ,N3
명사,noun,症状,しょうじょう,"증상, 증세",,,,"症状 증상, 증세 しょうじょう",N3
명사,noun,冗談,じょうだん,농담,,,,冗談 농담 じょうだん,N3
명사,noun,商店,しょうてん,상점,,,,商店 상점 しょうてん,N3
명사,noun,商人,しょうにん,상인,,,,商人 상인 しょうにん,N3
명사,noun,少年,しょうねん,소년,,,,少年 소년 しょうねん,N3
명사,noun,商売,しょうばい,장사,,,,商売 장사 しょうばい,N3
명사,noun,消費,しょうひ,소비,,,,消費 2010 소비 しょうひ,N3
명사,noun,商品,しょうひん,상품 (판매하는 물품),,,,"商品 상품, 판매하는 물품 しょうひん",N3
명사,noun,賞品,しょうひん,상품 (부상으로 받는 물품),,,,"賞品 상품, 부상으로 받는 물품 しょうひん",N3
명사,noun,消防,しょうぼう,소방,,,,消防 소방 しょうぼう,N3
명사,noun,情報,じょうほう,정보,,,,情報 정보 じょうほう,N3
명사,noun,消防署,しょうぼうしょ,소방서,,,,消防署 소방서 しょうぼうしょ,N3
명사,noun,証明,しょうめい,증명,,,,証明 증명 しょうめい,N3
명사,noun,正面,しょうめん,정면,,,,正面 정면 しょうめん,N3
명사,noun,使用料,しょうりょう,사용료,,,,使用料 사용료 しょうりょう,N3
명사,noun,初級,しょきゅう,초급,,,,初級 초급 しょきゅう,N3
명사,noun,職業,しょくぎょう,직업,,,,職業 직업 しょくぎょう,N3
명사,noun,食後,しょくご,식후,,,,食後 식후 しょくご,N3
명사,noun,食事代,しょくじだい,식사비,,,,食事代 식사비 しょくじだい,N3
명사,noun,職場,しょくば,직장,,,,職場 직장 しょくば,N3
명사,noun,食費,しょくひ,식비,,,,食費 식비 しょくひ,N3
명사,noun,食品,しょくひん,식품,,,,食品 식품 しょくひん,N3
명사,noun,植物,しょくぶつ,식물,,,,植物 식물 しょくぶつ,N3
명사,noun,食欲,しょくよく,식욕,,,,食欲 식욕 しょくよく,N3
명사,noun,女子,じょし,여자,,,,女子 여자 じょし,N3
명사,noun,初心者,しょしんしゃ,"초심자, 초보자",,,,"初心者 초심자, 초보자 しょしんしゃ",N3
명사,noun,食器,しょっき,식기,,,,食器 2014 식기 しょっき,N3
명사,noun,書店,しょてん,서점,,,,書店 서점 しょてん,N3
명사,noun,女優,じょゆう,여배우,,,,女優 여배우 じょゆう,N3
명사,noun,書類,しょるい,서류,,,,書類 서류 しょるい,N3
명사,noun,知らせ,しらせ,"통지, 안내, 소식",,,,"知らせ 통지, 안내, 소식 しらせ",N3
명사,noun,知り合い,しりあい,"지인, 아는 사람",,,,"知り合い 지인, 아는 사람 しりあい",N3
명사,noun,私立,しりつ,사립,,,,私立 사립 しりつ,N3
명사,noun,資料,しりょう,자료,,,,資料 자료 しりょう,N3
명사,noun,印,しるし,"표시, 마크, 증표",,,,"印 표시, 마크, 증표 しるし",N3
명사,noun,進学,しんがく,진학,,,,進学 진학 しんがく,N3
명사,noun,新幹線,しんかんせん,신칸센 (일본 고속철도),,,,新幹線 신칸센(일본 고속철도) しんかんせん,N3
명사,noun,信号,しんごう,신호,,,,信号 신호 しんごう,N3
명사,noun,診察,しんさつ,진찰,,,,診察 진찰 しんさつ,N3
명사,noun,人種,じんしゅ,인종,,,,人種 인종 じんしゅ,N3
명사,noun,申請,しんせい,신청,,,,申請 2017 신청 しんせい,N3
명사,noun,人生,じんせい,인생,,,,人生 인생 じんせい,N3
명사,noun,親戚,しんせき,친척,,,,親戚 친척 しんせき,N3
명사,noun,身長,しんちょう,"신장, 키",,,,"身長 2010 신장, 키 しんちょう",N3
명사,noun,進歩,しんぽ,진보,,,,進歩 2013 진보 しんぽ,N3
명사,noun,深夜,しんや,심야,,,,深夜 심야 しんや,N3
명사,noun,親友,しんゆう,"친구, 벗",,,,"親友 친구, 벗 しんゆう",N3
명사,noun,心理,しんり,심리,,,,心理 심리 しんり,N3
명사,noun,親類,しんるい,"친척, 친척뻘",,,,"親類 친척, 친척뻘 しんるい",N3
명사,noun,酢,す,식초,,,,酢 식초 す,N3
명사,noun,水滴,すいてき,물방울,,,,水滴 물방울 すいてき,N3
명사,noun,水道料金,すいどうりょうきん,수도 요금,,,,水道料金 수도 요금 すいどうりょうきん,N3
명사,noun,睡眠,すいみん,"수면, 잠",,,,"睡眠 수면, 잠 すいみん",N3
명사,noun,数式,すうしき,"수식, 수학 공식",,,,"数式 수식, 수학 공식 すうしき",N3
명사,noun,末っ子,すえっこ,막내,,,,末っ子 막내 すえっこ,N3
명사,noun,好き嫌い,すききらい,"좋고 싫음, 가림",,,,"好き嫌い 좋고 싫음, 가림 すききらい",N3
명사,noun,全て,すべて,"전부, 모두",,,,"全て 2015 전부, 모두 すべて",N3
명사,noun,住まい,すまい,"거주지, 집",,,,"住まい 거주지, 집 すまい",N3
명사,noun,隅,すみ,"구석, 귀퉁이",,,,"隅 구석, 귀퉁이 すみ",N3
명사,noun,図面,ずめん,도면,,,,図面 도면 ずめん,N3
명사,noun,税,ぜい,"세, 세금",,,,"税 세, 세금 ぜい",N3
명사,noun,正解,せいかい,정답,,,,正解 2015 정답 せいかい,N3
명사,noun,性格,せいかく,성격,,,,性格 2010 성격 せいかく,N3
명사,noun,生活費,せいかつひ,생활비,,,,生活費 생활비 せいかつひ,N3
명사,noun,請求書,せいきゅうしょ,청구서,,,,請求書 청구서 せいきゅうしょ,N3
명사,noun,税金,ぜいきん,세금,,,,税金 2015 세금 ぜいきん,N3
명사,noun,制限,せいげん,제한,,,,制限 2018 제한 せいげん,N3
명사,noun,成功,せいこう,성공,,,,成功 성공 せいこう,N3
명사,noun,税込み,ぜいこみ,세금 포함,,,,税込み 세금 포함 ぜいこみ,N3
명사,noun,正座,せいざ,정좌,,,,正座 정좌 せいざ,N3
명사,noun,政治家,せいじか,정치가,,,,政治家 정치가 せいじか,N3
명사,noun,正式,せいしき,정식,,,,正式 정식 せいしき,N3
명사,noun,性質,せいしつ,성질,,,,性質 성질 せいしつ,N3
명사,noun,青春,せいしゅん,청춘,,,,青春 청춘 せいしゅん,N3
명사,noun,青少年,せいしょうねん,청소년,,,,青少年 청소년 せいしょうねん,N3
명사,noun,成人,せいじん,"성인, 어른",,,,"成人 성인, 어른 せいじん",N3
명사,noun,成績,せいせき,성적,,,,成績 2016 성적 せいせき,N3
명사,noun,清掃,せいそう,청소,,,,清掃 청소 せいそう,N3
명사,noun,成長,せいちょう,성장,,,,成長 성장 せいちょう,N3
명사,noun,青年,せいねん,청년,,,,青年 청년 せいねん,N3
명사,noun,生年月日,せいねんがっぴ,생년월일,,,,生年月日 생년월일 せいねんがっぴ,N3
명사,noun,製品,せいひん,제품,,,,製品 제품 せいひん,N3
명사,noun,制服,せいふく,"제복, 교복",,,,"制服 2018 제복, 교복 せいふく",N3
명사,noun,正門,せいもん,정문,,,,正門 정문 せいもん,N3
명사,noun,整理,せいり,정리,,,,整理 2019 정리 せいり,N3
명사,noun,咳,せき,기침,,,,咳 기침 せき,N3
명사,noun,責任,せきにん,책임,,,,責任 책임 せきにん,N3
명사,noun,石油,せきゆ,석유,,,,石油 석유 せきゆ,N3
명사,noun,節約,せつやく,절약,,,,節約 2017 절약 せつやく,N3
명사,noun,全員,ぜんいん,전원,,,,全員 전원 ぜんいん,N3
명사,noun,選挙,せんきょ,선거,,,,選挙 선거 せんきょ,N3
명사,noun,前後,ぜんご,"전후, 앞뒤",,,,"前後 2011 전후, 앞뒤 ぜんご",N3
명사,noun,専攻,せんこう,전공,,,,専攻 전공 せんこう,N3
명사,noun,洗剤,せんざい,세제,,,,洗剤 세제 せんざい,N3
명사,noun,先日,せんじつ,"요전(날), 일전",,,,"先日 요전(날), 일전 せんじつ",N3
명사,noun,全身,ぜんしん,"전신, 온 몸",,,,"全身 전신, 온 몸 ぜんしん",N3
명사,noun,選択,せんたく,선택,,,,選択 선택 せんたく,N3
명사,noun,洗濯機,せんたくき,세탁기,,,,洗濯機 세탁기 せんたくき,N3
명사,noun,洗濯物,せんたくもの,세탁물,,,,洗濯物 세탁물 せんたくもの,N3
명사,noun,宣伝,せんでん,선전,,,,宣伝 선전 せんでん,N3
명사,noun,前半,ぜんはん,전반,,,,前半 전반 ぜんはん,N3
명사,noun,扇風機,せんぷうき,선풍기,,,,扇風機 선풍기 せんぷうき,N3
명사,noun,洗面所,せんめんじょ,세면실,,,,洗面所 세면실 せんめんじょ,N3
명사,noun,専門家,せんもんか,전문가,,,,専門家 2010 전문가 せんもんか,N3
명사,noun,線路,せんろ,선로,,,,線路 선로 せんろ,N3
명사,noun,騒音,そうおん,소음,,,,騒音 소음 そうおん,N3
명사,noun,送金,そうきん,송금,,,,送金 송금 そうきん,N3
명사,noun,総合,そうごう,종합,,,,総合 종합 そうごう,N3
명사,noun,掃除機,そうじき,청소기,,,,掃除機 청소기 そうじき,N3
명사,noun,送信,そうしん,송신,,,,送信 송신 そうしん,N3
명사,noun,想像,そうぞう,상상,,,,想像 2018 상상 そうぞう,N3
명사,noun,創造,そうぞう,창조,,,,創造 창조 そうぞう,N3
명사,noun,相続,そうぞく,"상속, 이어 받음",,,,"相続 상속, 이어 받음 そうぞく",N3
명사,noun,送別会,そうべつかい,송별회,,,,送別会 송별회 そうべつかい,N3
명사,noun,送料,そうりょう,배송료,,,,送料 배송료 そうりょう,N3
명사,noun,卒業式,そつぎょうしき,졸업식,,,,卒業式 졸업식 そつぎょうしき,N3
명사,noun,速達,そくたつ,속달,,,,速達 속달 そくたつ,N3
명사,noun,測定,そくてい,측정,,,,測定 측정 そくてい,N3
명사,noun,速度,そくど,속도,,,,速度 속도 そくど,N3
명사,noun,測量,そくりょう,측량,,,,測量 측량 そくりょう,N3
명사,noun,底,そこ,바닥,,,,底 2017 바닥 そこ,N3
명사,noun,袖,そで,소매,,,,袖 소매 そで,N3
명사,noun,体育,たいいく,체육,,,,体育 체육 たいいく,N3
명사,noun,体温,たいおん,체온,,,,体温 체온 たいおん,N3
명사,noun,大会,たいかい,대회,,,,大会 2014 대회 たいかい,N3
명사,noun,退学,たいがく,퇴학,,,,退学 퇴학 たいがく,N3
명사,noun,代金,だいきん,대금,,,,代金 2012 대금 だいきん,N3
명사,noun,対策,たいさく,대책,,,,対策 대책 たいさく,N3
명사,noun,体重,たいじゅう,체중,,,,体重 체중 たいじゅう,N3
명사,noun,退職,たいしょく,퇴직,,,,退職 퇴직 たいしょく,N3
명사,noun,態度,たいど,태도,,,,態度 태도 たいど,N3
명사,noun,大統領,だいとうりょう,대통령,,,,大統領 대통령 だいとうりょう,N3
명사,noun,代表,だいひょう,대표,,,,代表 대표 だいひょう,N3
명사,noun,逮捕,たいほ,체포,,,,逮捕 체포 たいほ,N3
명사,noun,題名,だいめい,"제목, 표제",,,,"題名 제목, 표제 だいめい",N3
명사,noun,代理,だいり,대리,,,,代理 대리 だいり,N3
명사,noun,大量,たいりょう,"대량, 다량",,,,"大量 2011 대량, 다량 たいりょう",N3
명사,noun,体力,たいりょく,체력,,,,体力 2010 체력 たいりょく,N3
명사,noun,宝,たから,보물,,,,宝 보물 たから,N3
명사,noun,足し算,たしざん,덧셈,,,,足し算 덧셈 たしざん,N3
명사,noun,ただ,ただ,"① 공짜, 무료 ② 보통임, 단순함",,,,"ただ ① 공짜, 무료 보통임, 단순함",N3
명사,noun,戦い,たたかい,"싸움, 전쟁",,,,"戦い 싸움, 전쟁 たたかい",N3
명사,noun,抱っこ,だっこ,"안음, 안김",,,,"抱っこ 안음, 안김 だっこ",N3
명사,noun,他人,たにん,"타인, 남",,,,"他人 2012 타인, 남 たにん",N3
명사,noun,種,たね,씨앗,,,,種 씨앗 たね,N3
명사,noun,頼み,たのみ,"부탁, 의뢰",,,,"頼み 부탁, 의뢰 たのみ",N3
명사,noun,旅,たび,여행,,,,旅 여행 たび,N3
명사,noun,短期,たんき,단기,,,,短期 단기 たんき,N3
명사,noun,単語,たんご,단어,,,,単語 2011 단어 たんご,N3
명사,noun,男子,だんし,남자,,,,男子 남자 だんし,N3
명사,noun,誕生,たんじょう,탄생,,,,誕生 탄생 たんじょう,N3
명사,noun,断水,だんすい,단수,,,,断水 단수 だんすい,N3
명사,noun,団体,だんたい,단체,,,,団体 2018 단체 だんたい,N3
명사,noun,担当,たんとう,담당,,,,担当 담당 たんとう,N3
명사,noun,暖房,だんぼう,난방,,,,暖房 난방 だんぼう,N3
명사,noun,地下,ちか,지하,,,,地下 지하 ちか,N3
명사,noun,違い,ちがい,차이,,,,違い 차이 ちがい,N3
명사,noun,地下水,ちかすい,지하수,,,,地下水 지하수 ちかすい,N3
명사,noun,近道,ちかみち,지름길,,,,近道 지름길 ちかみち,N3
명사,noun,地球,ちきゅう,지구,,,,地球 2011 지구 ちきゅう,N3
명사,noun,知人,ちじん,"지인, 아는 사람",,,,"知人 지인, 아는 사람 ちじん",N3
명사,noun,地方,ちほう,지방,,,,地方 지방 ちほう,N3
명사,noun,地名,ちめい,지명,,,,地名 지명 ちめい,N3
명사,noun,中央,ちゅうおう,중앙,,,,中央 중앙 ちゅうおう,N3
명사,noun,中学,ちゅうがく,중학,,,,中学 중학 ちゅうがく,N3
명사,noun,中間,ちゅうかん,중간,,,,中間 중간 ちゅうかん,N3
명사,noun,中級,ちゅうきゅう,중급,,,,中級 중급 ちゅうきゅう,N3
명사,noun,中古,ちゅうこ,중고,,,,中古 2017 중고 ちゅうこ,N3
명사,noun,中国,ちゅうごく,중국,,,,中国 중국 ちゅうごく,N3
명사,noun,注射,ちゅうしゃ,주사,,,,注射 2014 주사 ちゅうしゃ,N3
명사,noun,駐車違反,ちゅうしゃいはん,주차 위반,,,,駐車違反 주차 위반 ちゅうしゃいはん,N3
명사,noun,中旬,ちゅうじゅん,중순,,,,中旬 2019 중순 ちゅうじゅん,N3
명사,noun,昼食,ちゅうしょく,점심 식사,,,,昼食 2018 점심 식사 ちゅうしょく,N3
명사,noun,中心,ちゅうしん,중심,,,,中心 중심 ちゅうしん,N3
명사,noun,中年,ちゅうねん,중년,,,,中年 중년 ちゅうねん,N3
명사,noun,注目,ちゅうもく,주목,,,,注目 2016 주목 ちゅうもく,N3
명사,noun,注文,ちゅうもん,주문,,,,注文 2013 주문 ちゅうもん,N3
명사,noun,超過,ちょうか,초과,,,,超過 초과 ちょうか,N3
명사,noun,調査,ちょうさ,조사,,,,調査 2019 조사 ちょうさ,N3
명사,noun,調子,ちょうし,"상태, 컨디션",,,,"調子 2013 상태, 컨디션 ちょうし",N3
명사,noun,長所,ちょうしょ,장점,,,,長所 장점 ちょうしょ,N3
명사,noun,長女,ちょうじょ,"장녀, 맏딸",,,,"長女 장녀, 맏딸 ちょうじょ",N3
명사,noun,調整,ちょうせい,조정,,,,調整 조정 ちょうせい,N3
명사,noun,長男,ちょうなん,"장남, 맏아들",,,,"長男 장남, 맏아들 ちょうなん",N3
명사,noun,調味料,ちょうみりょう,조미료,,,,調味料 조미료 ちょうみりょう,N3
명사,noun,直後,ちょくご,직후,,,,直後 직후 ちょくご,N3
명사,noun,直接,ちょくせつ,직접,,,,直接 2017 직접 ちょくせつ,N3
명사,noun,直線,ちょくせん,직선,,,,直線 직선 ちょくせん,N3
명사,noun,直前,ちょくぜん,직전,,,,直前 직전 ちょくぜん,N3
명사,noun,直通,ちょくつう,직통,,,,直通 직통 ちょくつう,N3
명사,noun,通過,つうか,통과,,,,通過 통과 つうか,N3
명사,noun,通勤,つうきん,통근,,,,通勤 201 통근 つうきん,N3
명사,noun,通行,つうこう,통행,,,,通行 통행 つうこう,N3
명사,noun,通信,つうしん,통신,,,,通信 통신 つうしん,N3
명사,noun,通知,つうち,통지,,,,通知 2013 통지 つうち,N3
명사,noun,通帳,つうちょう,통장,,,,通帳 통장 つうちょう,N3
명사,noun,通訳,つうやく,통역,,,,通訳 2019 통역 つうやく,N3
명사,noun,月日,つきひ,세월,,,,月日 세월 つきひ,N3
명사,noun,土,つち,흙,,,,土 흙 つち,N3
명사,noun,包み,つつみ,"소포, 꾸러미",,,,"包み 소포, 꾸러미 つつみ",N3
명사,noun,出会い,であい,만남,,,,出会い 만남 であい,N3
명사,noun,提案,ていあん,제안,,,,提案 제안 ていあん,N3
명사,noun,定員,ていいん,정원,,,,定員 정원 ていいん,N3
명사,noun,低下,ていか,저하,,,,低下 저하 ていか,N3
명사,noun,定期,ていき,정기,,,,定期 정기 ていき,N3
명사,noun,定期券,ていきけん,정기권,,,,定期券 정기권 ていきけん,N3
명사,noun,停車,ていしゃ,정차,,,,停車 정차 ていしゃ,N3
명사,noun,提出,ていしゅつ,제출,,,,提出 제출 ていしゅつ,N3
명사,noun,停電,ていでん,정전,,,,停電 2019 정전 ていでん,N3
명사,noun,出入り,でいり,출입,,,,出入り 출입 でいり,N3
명사,noun,出来事,できごと,사건,,,,出来事 사건 できごと,N3
명사,noun,手首,てくび,손목,,,,手首 손목 てくび,N3
명사,noun,手品,てじな,"요술, 마술, 속임수",,,,"手品 요술, 마술, 속임수 てじな",N3
명사,noun,手伝い,てつだい,"도움, 도와줌",,,,"手伝い 도움, 도와줌 てつだい",N3
명사,noun,鉄道,てつどう,철도,,,,鉄道 철도 てつどう,N3
명사,noun,電球,でんきゅう,전구,,,,電球 전구 でんきゅう,N3
명사,noun,電気料金,でんきりょうきん,전기 요금,,,,電気料金 전기 요금 でんきりょうきん,N3
명사,noun,天国,てんごく,천국,,,,天国 천국 てんごく,N3
명사,noun,伝言,でんごん,"전언, 메시지",,,,"伝言 전언, 메시지 でんごん",N3
명사,noun,展示,てんじ,전시,,,,展示 전시 てんじ,N3
명사,noun,電車代,でんしゃだい,전철 요금,,,,電車代 전철 요금 でんしゃだい,N3
명사,noun,伝染,でんせん,전염,,,,伝染 전염 でんせん,N3
명사,noun,電柱,でんちゅう,"전신주, 전봇대",,,,"電柱 전신주, 전봇대 でんちゅう",N3
명사,noun,電話代,でんわだい,전화 요금,,,,電話代 전화 요금 でんわだい,N3
명사,noun,問い合わせ,といあわせ,문의,,,,問い合わせ 문의 といあわせ,N3
명사,noun,答案,とうあん,답안,,,,答案 답안 とうあん,N3
명사,noun,統計,とうけい,통계,,,,統計 통계 とうけい,N3
명사,noun,当日,とうじつ,당일,,,,当日 2014 당일 とうじつ,N3
명사,noun,登場,とうじょう,등장,,,,登場 등장 とうじょう,N3
명사,noun,当然,とうぜん,당연,,,,当然 2016 당연 とうぜん,N3
명사,noun,灯台,とうだい,등대,,,,灯台 등대 とうだい,N3
명사,noun,到着,とうちゃく,도착,,,,到着 2016 도착 とうちゃく,N3
명사,noun,東南アジア,とうなんアジア,동남아시아,,,,東南アジア 동남아시아 とうなんアジア,N3
명사,noun,東洋,とうよう,동양,,,,東洋 동양 とうよう,N3
명사,noun,道路,どうろ,도로,,,,道路 도로 どうろ,N3
명사,noun,遠回り,とおまわり,"우회, 멀리 돌아 감",,,,"遠回り 우회, 멀리 돌아 감 とおまわり",N3
명사,noun,毒,どく,독,,,,毒 독 どく,N3
명사,noun,読書,どくしょ,독서,,,,読書 독서 どくしょ,N3
명사,noun,特色,とくしょく,특색,,,,特色 특색 とくしょく,N3
명사,noun,独身,どくしん,독신,,,,独身 2013 독신 どくしん,N3
명사,noun,特売,とくばい,"특매, 특가 판매",,,,"特売 특매, 특가 판매 とくばい",N3
명사,noun,独立,どくりつ,독립,,,,独立 2016 독립 どくりつ,N3
명사,noun,床の間,とこのま,도코노마(일본방의 장식공간),,,,床の間 도코노마(일본방의 장식공간) とこのま,N3
명사,noun,登山,とざん,등산,,,,登山 등산 とざん,N3
명사,noun,都市,とし,도시,,,,都市 도시 とし,N3
명사,noun,年上,としうえ,연상,,,,年上 연상 としうえ,N3
명사,noun,年寄り,としより,노인,,,,年寄り 노인 としより,N3
명사,noun,土地,とち,토지,,,,土地 토지 とち,N3
명사,noun,徒歩,とほ,도보,,,,徒歩 도보 とほ,N3
명사,noun,友,とも,친구,,,,友 친구 とも,N3
명사,noun,虎,とら,호랑이,,,,虎 호랑이 とら,N3
명사,noun,取引,とりひき,거래,,,,取引 거래 とりひき,N3
명사,noun,努力,どりょく,노력,,,,努力 2016 노력 どりょく,N3
명사,noun,泥,どろ,진흙,,,,泥 진흙 どろ,N3
명사,noun,名,な,이름,,,,名 이름 な,N3
명사,noun,内科,ないか,내과,,,,内科 내과 ないか,N3
명사,noun,内緒,ないしょ,비밀,,,,内緒 2016 비밀 ないしょ,N3
명사,noun,内線,ないせん,내선,,,,内線 내선 ないせん,N3
명사,noun,内容,ないよう,내용,,,,内容 2014 내용 ないよう,N3
명사,noun,仲,なか,"사이, 관계",,,,"仲 사이, 관계 なか",N3
명사,noun,仲直り,なかなおり,화해,,,,仲直り 화해 なかなおり,N3
명사,noun,中指,なかゆび,"중지, 가운데 손가락",,,,"中指 중지, 가운데 손가락 なかゆび",N3
명사,noun,仲良し,なかよし,"사이가 좋음, 단짝",,,,"仲良し 사이가 좋음, 단짝 なかよし",N3
명사,noun,流れ,ながれ,흐름,,,,流れ 2012 흐름 ながれ,N3
명사,noun,斜め,ななめ,"비스듬함, 경사",,,,"斜め 비스듬함, 경사 ななめ",N3
명사,noun,生,なま,날 것,,,,生 날 것 なま,N3
명사,noun,波,なみ,"물결, 파도",,,,"波 2016 물결, 파도 なみ",N3
명사,noun,並木,なみき,가로수,,,,並木 가로수 なみき,N3
명사,noun,涙,なみだ,눈물,,,,涙 201 눈물 なみだ,N3
명사,noun,南北,なんぼく,남북,,,,南北 남북 なんぼく,N3
명사,noun,日時,にちじ,"일시, 시일",,,,"日時 일시, 시일 にちじ",N3
명사,noun,日常,にちじょう,일상,,,,日常 일상 にちじょう,N3
명사,noun,日用品,にちようひん,일용품,,,,日用品 일용품 にちようひん,N3
명사,noun,日中,にっちゅう,대낮,,,,日中 대낮 にっちゅう,N3
명사,noun,日程,にってい,일정,,,,日程 일정 にってい,N3
명사,noun,日本酒,にほんしゅ,"일본술(특히, 청주)",,,,"日本酒 일본술(특히, 청주) にほんしゅ",N3
명사,noun,入場,にゅうじょう,입장,,,,入場 입장 にゅうじょう,N3
명사,noun,入場料,にゅうじょうりょう,입장료,,,,入場料 입장료 にゅうじょうりょう,N3
명사,noun,入浴,にゅうよく,입욕,,,,入浴 입욕 にゅうよく,N3
명사,noun,入力,にゅうりょく,입력,,,,入力 입력 にゅうりょく,N3
명사,noun,鶏,にわとり,닭,,,,鶏 닭 にわとり,N3
명사,noun,人気,にんき,인기,,,,人気 2017 인기 にんき,N3
명사,noun,人間,にんげん,인간,,,,人間 인간 にんげん,N3
명사,noun,根,ね,뿌리,,,,根 2013 뿌리 ね,N3
명사,noun,値上げ,ねあげ,가격 인상,,,,値上げ 가격 인상 ねあげ,N3
명사,noun,願い,ねがい,소원,,,,願い 소원 ねがい,N3
명사,noun,値下げ,ねさげ,가격 인하,,,,値下げ 가격 인하 ねさげ,N3
명사,noun,ねずみ,ねずみ,쥐,,,,ねずみ 쥐,N3
명사,noun,熱中,ねっちゅう,열중,,,,熱中 열중 ねっちゅう,N3
명사,noun,年賀状,ねんがじょう,연하장,,,,年賀状 연하장 ねんがじょう,N3
명사,noun,年間,ねんかん,연간,,,,年間 연간 ねんかん,N3
명사,noun,年月,ねんげつ,세월,,,,年月 세월 ねんげつ,N3
명사,noun,年中,ねんじゅう,"연중, 일년 내내",,,,"年中 연중, 일년 내내 ねんじゅう",N3
명사,noun,~年生,~ねんせい,~학년,,,,~年生 ~학년 ~ねんせい,N3
명사,noun,年末,ねんまつ,연말,,,,年末 연말 ねんまつ,N3
명사,noun,野,の,"들, 들판",,,,"野 들, 들판 の",N3
명사,noun,農村,のうそん,농촌,,,,農村 농촌 のうそん,N3
명사,noun,農民,のうみん,농민,,,,農民 농민 のうみん,N3
명사,noun,能力,のうりょく,능력,,,,能力 능력 のうりょく,N3
명사,noun,上り,のぼり,"상행, 올라감",,,,"上り 상행, 올라감 のぼり",N3
명사,noun,飲み会,のみかい,회식,,,,飲み会 회식 のみかい,N3
명사,noun,海苔,のり,김(해초),,,,海苔 김(해초) のり,N3
명사,noun,乗り越し,のりこし,목적지를 지나침,,,,乗り越し 목적지를 지나침 のりこし,N3
명사,noun,発展,はってん,발전,,,,発展 2018 발전 はってん,N3
명사,noun,発電,はつでん,"발전, 전기를 일으킴",,,,"発電 발전, 전기를 일으킴 はつでん",N3
명사,noun,発売,はつばい,발매,,,,発売 발매 はつぱい,N3
명사,noun,発表,はっぴょう,발표,,,,発表 2015 발표 はっぴょう,N3
명사,noun,発明,はつめい,발명,,,,発明 발명 はつめい,N3
명사,noun,話し合い,はなしあい,"대화, 의논",,,,"話し合い 대화, 의논 はなしあい",N3
명사,noun,話し中,はなしちゅう,"말씀 중, 통화 중",,,,"話し中 말씀 중, 통화 중 はなしちゅう",N3
명사,noun,花火,はなび,불꽃놀이,,,,花火 불꽃놀이 はなび,N3
명사,noun,鼻水,はなみず,콧물,,,,鼻水 콧물 はなみず,N3
명사,noun,幅,はば,"폭, 너비",,,,"幅 폭, 너비 はば",N3
명사,noun,母親,ははおや,"모친, 어머니",,,,"母親 모친, 어머니 ははおや",N3
명사,noun,歯磨き,はみがき,① 양치질 ② 치약,,,,歯磨き ① 양치질 치약 はみがき,N3
명사,noun,場面,ばめん,장면,,,,場面 장면 ばめん,N3
명사,noun,早口,はやくち,말이 빠름,,,,早口 말이 빠름 はやくち,N3
명사,noun,速さ,はやさ,"빠르기, 속도",,,,"速さ 2015 빠르기, 속도 はやさ",N3
명사,noun,早寝早起き,はやねはやおき,일찍 자고 일찍 일어남,,,,早寝早起き 일찍 자고 일찍 일어남 はやねはやおき,N3
명사,noun,腹,はら,"배, 복부",,,,"腹 배, 복부 はら",N3
명사,noun,針,はり,바늘,,,,針 바늘 はり,N3
명사,noun,範囲,はんい,범위,,,,範囲 범위 はんい,N3
명사,noun,本日,ほんじつ,오늘,,,,本日 오늘 ほんじつ,N3
명사,noun,反省,はんせい,반성,,,,反省 2016 반성 はんせい,N3
명사,noun,半年,はんとし,반년,,,,半年 반년(はんねん으로도 읽음) はんとし,N3
명사,noun,倍,ばい,"배, 갑절, 곱절",,,,"倍 2013 배, 갑절, 곱절 ばい",N3
명사,noun,灰色,はいいろ,회색,,,,灰色 회색 はいいろ,N3
명사,noun,梅雨,ばいう,장마,,,,梅雨 장마(つゆ로도 읽음) ばいう,N3
명사,noun,配達,はいたつ,배달,,,,配達 2015 배달 はいたつ,N3
명사,noun,売店,ばいてん,매점,,,,売店 매점 ばいてん,N3
명사,noun,売買,ばいばい,"매매, 거래",,,,"売買 매매, 거래 ぱいぱい",N3
명사,noun,拍手,はくしゅ,박수,,,,拍手 박수 はくしゅ,N3
명사,noun,博物館,はくぶつかん,박물관,,,,博物館 박물관 はくぶつかん,N3
명사,noun,箸,はし,젓가락,,,,箸 젓가락 はし,N3
명사,noun,柱,はしら,기둥,,,,柱 기둥 はしら,N3
명사,noun,畑,はたけ,밭,,,,畑 밭 はたけ,N3
명사,noun,働き,はたらき,"①일, 작업 ②작용, 기능",,,,"働き ①일, 작업 작용, 기능 はたらき",N3
명사,noun,働き者,はたらきもの,"일꾼, 부지런한 사람",,,,"働き者 일꾼, 부지런한 사람 はたらきもの",N3
명사,noun,発見,はっけん,발견,,,,発見 2010 발견 はっけん,N3
명사,noun,発車,はっしゃ,발차,,,,発車 발차 はっしゃ,N3
명사,noun,発生,はっせい,발생,,,,発生 2019 발생 はっせい,N3
명사,noun,発想,はっそう,발상,,,,発想 발상 はっそう,N3
명사,noun,発達,はったつ,발달,,,,発達 2016 발달 はったつ,N3
명사,noun,半日,はんにち,반나절,,,,半日 2010 반나절 はんにち,N3
명사,noun,犯人,はんにん,범인,,,,犯人 범인 はんにん,N3
명사,noun,販売,はんばい,판매,,,,販売 판매 はんばい,N3
명사,noun,~番目,~ばんめ,~번째,,,,~番目 ~번째 ~ばんめ,N3
명사,noun,日当たり,ひあたり,"볕이 듦, 양지",,,,"日当たり 볕이 듦, 양지 ひあたり",N3
명사,noun,被害,ひがい,피해,,,,被害 피해 ひがい,N3
명사,noun,日帰り,ひがえり,당일치기,,,,日帰り 당일치기 ひがえり,N3
명사,noun,引き算,ひきざん,뺄셈,,,,引き算 뺄셈 ひきさん,N3
명사,noun,飛行,ひこう,비행,,,,飛行 비행 ひこう,N3
명사,noun,美術,びじゅつ,미술,,,,美術 미술 びじゅつ,N3
명사,noun,美人,びじん,미인,,,,美人 미인 びじん,N3
명사,noun,筆記,ひっき,필기,,,,筆記 필기 ひっき,N3
명사,noun,日付,ひづけ,"일자, 날짜",,,,"日付 일자, 날짜 ひづけ",N3
명사,noun,引っ越し,ひっこし,이사,,,,引っ越し 2017 이사 ひっこし,N3
명사,noun,人差し指,ひとさしゆび,"인지, 집게손가락",,,,"人差し指 인지, 집게손가락 ひとさしゆび",N3
명사,noun,人々,ひとびと,사람들,,,,人々 사람들 ひとびと,N3
명사,noun,一人息子,ひとりむすこ,외아들,,,,一人息子 외아들 ひとりむすこ,N3
명사,noun,一人娘,ひとりむすめ,외동딸,,,,一人娘 외동딸 ひとりむすめ,N3
명사,noun,紐,ひも,끈,,,,紐 끈 ひも,N3
명사,noun,表,ひょう,표,,,,表 표 ひょう,N3
명사,noun,費用,ひよう,비용,,,,費用 비용 ひよう,N3
명사,noun,美容,びよう,미용,,,,美容 미용 びよう,N3
명사,noun,表現,ひょうげん,표현,,,,表現 표현 ひょうげん,N3
명사,noun,表紙,ひょうし,표지,,,,表紙 표지 ひょうし,N3
명사,noun,表情,ひょうじょう,표정,,,,表情 표정 ひょうじょう,N3
명사,noun,表面,ひょうめん,표면,,,,表面 2011 표면 ひょうめん,N3
명사,noun,昼寝,ひるね,낮잠,,,,昼寝 낮잠 ひるね,N3
명사,noun,瓶詰め,びんづめ,병조림,,,,瓶詰め 병조림 びんづめ,N3
명사,noun,風景,ふうけい,풍경,,,,風景 풍경 ふうけい,N3
명사,noun,夫婦,ふうふ,"부부, 내외",,,,"夫婦 2010 부부, 내외 ふうふ",N3
명사,noun,部下,ぶか,부하,,,,部下 부하 ふか,N3
명사,noun,複数,ふくすう,"복수, 둘 이상의 수",,,,"複数 2014 복수, 둘 이상의 수 ふくすう",N3
명사,noun,不合格,ふごうかく,불합격,,,,不合格 불합격 ふごうかく,N3
명사,noun,夫妻,ふさい,"부처, 부부, 내외",,,,"夫妻 부처, 부부, 내외 ふさい",N3
명사,noun,不足,ふそく,부족,,,,不足 부족 ふそく,N3
명사,noun,ふた,ふた,뚜껑,,,,ふた 뚜껑,N3
명사,noun,舞台,ぶたい,무대,,,,舞台 무대 ぶたい,N3
명사,noun,普段,ふだん,"평소, 평상시",,,,"普段 평소, 평상시 ふだん",N3
명사,noun,縁,ふち,"테두리, 가장자리",,,,"縁 테두리, 가장자리 ふち",N3
명사,noun,物価,ぶっか,물가,,,,物価 물가 ぶっか,N3
명사,noun,物理,ぶつり,물리,,,,物理 물리 ぶつり,N3
명사,noun,筆,ふで,붓,,,,筆 붓 ふで,N3
명사,noun,部品,ぶひん,부품,,,,部品 부품 ぶひん,N3
명사,noun,部分,ぶぶん,부분,,,,部分 2010 부분 ぶぶん,N3
명사,noun,不満,ふまん,불만,,,,不満 201 불만 ふまん,N3
명사,noun,踏み切り,ふみきり,건널목,,,,踏み切り 건널목 ふみきり,N3
명사,noun,振り込み,ふりこみ,"송금, 이체",,,,"振り込み 송금, 이체 ふりこみ",N3
명사,noun,雰囲気,ふんいき,분위기,,,,雰囲気 분위기 ふんいき,N3
명사,noun,文献,ぶんけん,문헌,,,,文献 문헌 ぶんけん,N3
명사,noun,分数,ぶんすう,분수,,,,分数 분수 ぶんすう,N3
명사,noun,文房具,ぶんぼうぐ,"문구, 문방구",,,,"文房具 문구, 문방구 ぶんぼうぐ",N3
명사,noun,分類,ぶんるい,분류,,,,分類 2017 분류 ぶんるい,N3
명사,noun,平均,へいきん,평균,,,,平均 2017 평균 へいきん,N3
명사,noun,平行,へいこう,평행,,,,平行 평행 へいこう,N3
명사,noun,米国,べいこく,미국,,,,米国 미국 べいこく,N3
명사,noun,平日,へいじつ,평일,,,,平日 2012 평일 へいじつ,N3
명사,noun,平和,へいわ,평화,,,,平和 평화 へいわ,N3
명사,noun,変化,へんか,변화,,,,変化 2015 변화 へんか,N3
명사,noun,返却,へんきゃく,"반환, 반납",,,,"返却 2012 반환, 반납 へんきゃく",N3
명사,noun,変更,へんこう,변경,,,,変更 변경 へんこう,N3
명사,noun,弁護士,べんごし,변호사,,,,弁護士 변호사 べんごし,N3
명사,noun,編集,へんしゅう,편집,,,,編集 편집 へんしゅう,N3
명사,noun,報告,ほうこく,보고,,,,報告 2019 보고 ほうこく,N3
명사,noun,宝石,ほうせき,보석,,,,宝石 보석 ほうせき,N3
명사,noun,法則,ほうそく,법칙,,,,法則 법칙 ほうそく,N3
명사,noun,包丁,ほうちょう,"부엌칼, 식칼",,,,"包丁 부엌칼, 식칼 ほうちょう",N3
명사,noun,忘年会,ぼうねんかい,망년회,,,,忘年会 망년회 ぼうねんかい,N3
명사,noun,方法,ほうほう,방법,,,,方法 2018 방법 ほうほう,N3
명사,noun,方々,ほうぼう,"여기저기, 사방",,,,"方々 여기저기, 사방 = あちらこちら ほうぼう",N3
명사,noun,方面,ほうめん,방면,,,,方面 방면 ほうめん,N3
명사,noun,訪問,ほうもん,방문,,,,訪問 2012 방문 ほうもん,N3
명사,noun,他,ほか,"다른 것, 다른 곳",,,,"他 다른 것, 다른 곳 ほか",N3
명사,noun,ほこり,ほこり,먼지,,,,ほこり 먼지,N3
명사,noun,募集,ほしゅう,모집,,,,募集 2016 모집 ほしゅう,N3
명사,noun,保存,ほぞん,보존,,,,保存 2018 보존 ほぞん,N3
명사,noun,坊ちゃん,ぼっちゃん,도련님,,,,坊ちゃん 도련님 ぼっちゃん,N3
명사,noun,歩道,ほどう,"인도, 보도",,,,"歩道 인도, 보도 ほどう",N3
명사,noun,歩道橋,ほどうきょう,육교,,,,歩道橋 육교 ほどうきょう,N3
명사,noun,本社,ほんしゃ,본사,,,,本社 본사 ほんしゃ,N3
명사,noun,本店,ほんてん,본점,,,,本店 본점 ほんてん,N3
명사,noun,本人,ほんにん,본인,,,,本人 본인 ほんにん,N3
명사,noun,本部,ほんぶ,본부,,,,本部 본부 ほんぶ,N3
명사,noun,本物,ほんもの,진짜,,,,本物 2019 진짜 ほんもの,N3
명사,noun,翻訳,ほんやく,번역,,,,翻訳 2012 번역 ほんやく,N3
명사,noun,間,ま,"① 사이(공간, 시간적 사이) ② 방",,,,"間 ① 사이(공간, 시간적 사이)② 방 ま",N3
명사,noun,迷子,まいご,미아,,,,迷子 미아 まいご,N3
명사,noun,毎度,まいど,매번,,,,毎度 매번 まいど,N3
명사,noun,負け,まけ,패배,,,,負け 패배 まけ,N3
명사,noun,街,まち,"시가지, 거리",,,,"街 시가지, 거리 まち",N3
명사,noun,待ち合わせ,まちあわせ,만날 약속,,,,待ち合わせ 만날 약속 まちあわせ,N3
명사,noun,間違い,まちがい,"실수, 잘못",,,,"間違い 실수, 잘못 まちがい",N3
명사,noun,街角,まちかど,"길모퉁이, 길거리",,,,"街角 길모퉁이, 길거리 まちかど",N3
명사,noun,松,まつ,소나무,,,,松 소나무 まつ,N3
명사,noun,祭り,まつり,축제,,,,祭り 축제 まつり,N3
명사,noun,窓側,まどがわ,"창가, 창 쪽",,,,"窓側 창가, 창 쪽 まどがわ",N3
명사,noun,まな板,まないた,도마,,,,まな板 도마 まないた,N3
명사,noun,真似,まね,흉내,,,,真似 흉내 まね,N3
명사,noun,豆,まめ,콩,,,,豆 2016 콩 まめ,N3
명사,noun,真夜中,まよなか,한밤중,,,,真夜中 한밤중 まよなか,N3
명사,noun,丸,まる,"동그라미, 원",,,,"丸 동그라미, 원 まる",N3
명사,noun,周り,まわり,"주위, 주변",,,,"周り 주위, 주변 まわり",N3
명사,noun,回り,まわり,① 회전 ② 경유,,,,回り ① 회전 ② 경유 まわり,N3
명사,noun,回り道,まわりみち,"우회, 우회로",,,,"回り道 우회, 우회로 まわりみち",N3
명사,noun,満員,まんいん,"만원, 가득 참",,,,"満員 2019 만원, 가득 참 まんいん",N3
명사,noun,満足,まんぞく,"만족, 충분함",,,,"満足 2016 만족, 충분함 まんぞく",N3
명사,noun,満点,まんてん,만점,,,,満点 만점 まんてん,N3
명사,noun,身,み,몸,,,,身 몸 み,N3
명사,noun,見送り,みおくり,"전송, 배웅",,,,"見送り 전송, 배웅 みおくり",N3
명사,noun,味方,みかた,아군,,,,味方 아군 みかた,N3
명사,noun,湖,みずうみ,호수,,,,湖 2015 호수 みずうみ,N3
명사,noun,水着,みずぎ,수영복,,,,水着 수영복 みずぎ,N3
명사,noun,見出し,みだし,"표제, 표제어",,,,"見出し 표제, 표제어 みだし",N3
명사,noun,見直し,みなおし,재검토,,,,見直し 재검토 みなおし,N3
명사,noun,見舞い,みまい,"문병, 병문안",,,,"見舞い 문병, 병문안 みまい",N3
명사,noun,土産,みやげ,"선물, 기념품",,,,"土産 선물, 기념품 みやげ",N3
명사,noun,明後日,みょうごにち,모레 (あさって로도 읽음),,,,明後日 모레(あさって로도 읽음) みょうごにち,N3
명사,noun,未来,みらい,미래,,,,未来 2019 미래 みらい,N3
명사,noun,民間,みんかん,민간,,,,民間 민간 みんかん,N3
명사,noun,向かい,むかい,"맞은편, 건너편",,,,"向かい 맞은편, 건너편 むかい",N3
명사,noun,迎え,むかえ,마중,,,,迎え 2018 마중 むかえ,N3
명사,noun,向き,むき,"방향, 방면",,,,"向き 방향, 방면 むき",N3
명사,noun,無休,むきゅう,"무휴, 쉬지 않음",,,,"無休 무휴, 쉬지 않음 むきゅう",N3
명사,noun,無視,むし,무시,,,,無視 무시 むし,N3
명사,noun,無地,むじ,"민무늬, 무늬가 없음",,,,"無地 민무늬, 무늬가 없음 むじ",N3
명사,noun,虫歯,むしば,충치,,,,虫歯 충치 むしば,N3
명사,noun,息子,むすこ,아들,,,,息子 2010 아들 むすこ,N3
명사,noun,無線,むせん,무선,,,,無線 무선 むせん,N3
명사,noun,無駄,むだ,"헛됨, 쓸데없음",,,,"無駄 헛됨, 쓸데없음 むだ",N3
명사,noun,無駄づかい,むだづかい,"낭비, 허비",,,,"無駄づかい 낭비, 허비 むだづかい",N3
명사,noun,胸,むね,가슴,,,,胸 가슴 むね,N3
명사,noun,無料,むりょう,무료,,,,無料 무료 むりょう,N3
명사,noun,名作,めいさく,명작,,,,名作 명작 めいさく,N3
명사,noun,名刺,めいし,명함,,,,名刺 명함 めいし,N3
명사,noun,名人,めいじん,"명인, 명수",,,,"名人 명인, 명수 めいじん",N3
명사,noun,迷惑,めいわく,"폐, 불쾌함",,,,"迷惑 폐, 불쾌함 めいわく",N3
명사,noun,目上,めうえ,"손윗사람, 연장자",,,,"目上 2016 손윗사람, 연장자 めうえ",N3
명사,noun,目覚まし,めざまし,자명종,,,,目覚まし 자명종 めざまし,N3
명사,noun,飯,めし,밥,,,,飯 밥 めし,N3
명사,noun,目下,めした,손아랫사람,,,,目下 손아랫사람 めした,N3
명사,noun,めまい,めまい,현기증,,,,めまい 현기증,N3
명사,noun,面会,めんかい,면회,,,,面会 면회 めんかい,N3
명사,noun,免許,めんきょ,면허,,,,免許 면허 めんきょ,N3
명사,noun,免税,めんぜい,면세,,,,免税 면세 めんぜい,N3
명사,noun,面接,めんせつ,면접,,,,面接 면접 めんせつ,N3
명사,noun,申込者,もうしこみしゃ,신청자,,,,申込者 신청자 もうしこみしゃ,N3
명사,noun,申込書,もうしこみしょ,신청서,,,,申込書 2011 신청서 もうしこみしょ,N3
명사,noun,毛布,もうふ,"모포, 담요",,,,"毛布 모포, 담요 もうふ",N3
명사,noun,目的,もくてき,목적,,,,目的 2017 목적 もくてき,N3
명사,noun,目標,もくひょう,목표,,,,目標 2018 목표 もくひょう,N3
명사,noun,文字,もじ,문자,,,,文字 문자 もじ,N3
명사,noun,者,もの,사람,,,,者 사람 もの,N3
명사,noun,物置,ものおき,"광, 곳간",,,,"物置 광, 곳간 ものおき",N3
명사,noun,物語,ものがたり,이야기,,,,物語 2010 이야기 ものがたり,N3
명사,noun,物忘れ,ものわすれ,건망증,,,,物忘れ 건망증 ものわすれ,N3
명사,noun,模様,もよう,"모양, 무늬",,,,"模様 모양, 무늬 もよう",N3
명사,noun,文句,もんく,"불평, 불만",,,,"文句 2015 불평, 불만 もんく",N3
명사,noun,野球,やきゅう,야구,,,,野球 야구 やきゅう,N3
명사,noun,火傷,やけど,"화상, 뎀",,,,"火傷 화상, 뎀 やけど",N3
명사,noun,家賃,やちん,집세,,,,家賃 2010 집세 やちん,N3
명사,noun,薬局,やっきょく,약국,,,,薬局 약국 やっきょく,N3
명사,noun,やり方,やりかた,하는 법,,,,やり方 2018 하는 법 やりかた,N3
명사,noun,やる気,やるき,"의욕, 할 마음",,,,"やる気 의욕, 할 마음 やるき",N3
명사,noun,勇気,ゆうき,용기,,,,勇気 용기 ゆうき,N3
명사,noun,友情,ゆうじょう,우정,,,,友情 우정 ゆうじょう,N3
명사,noun,友人,ゆうじん,"친구, 벗",,,,"友人 친구, 벗 ゆうじん",N3
명사,noun,郵送,ゆうそう,우송,,,,郵送 우송 ゆうそう,N3
명사,noun,郵送料,ゆうそうりょう,우송료,,,,郵送料 우송료 ゆうそうりょう,N3
명사,noun,夕立,ゆうだち,소나기,,,,夕立 소나기 ゆうだち,N3
명사,noun,夕日,ゆうひ,석양,,,,夕日 석양 ゆうひ,N3
명사,noun,郵便,ゆうびん,우편,,,,郵便 2019 우편 ゆうびん,N3
명사,noun,夕焼け,ゆうやけ,저녁놀,,,,夕焼け 저녁놀 ゆうやけ,N3
명사,noun,有料,ゆうりょう,유료,,,,有料 유료 ゆうりょう,N3
명사,noun,床,ゆか,"바닥, 마루",,,,"床 2017 바닥, 마루 ゆか",N3
명사,noun,行き先,ゆきさき,"행선지, 목적지 (いきさき로도 읽음)",,,,"行き先 2012 행선지, 목적지(いきさき로도 읽음) ゆきさき",N3
명사,noun,夜明け,よあけ,"새벽, 새벽녘",,,,夜明け 새벽 새벽녁 よあけ,N3
명사,noun,容器,ようき,"용기, 그릇",,,,"容器 용기, 그릇 ようき",N3
명사,noun,要求,ようきゅう,요구,,,,要求 요구 ようきゅう,N3
명사,noun,用件,ようけん,용건,,,,用件 용건 ようけん,N3
명사,noun,幼児,ようじ,유아,,,,幼児 유아 ようじ,N3
명사,noun,幼稚園,ようちえん,유치원,,,,幼稚園 유치원 ようちえん,N3
명사,noun,用途,ようと,용도,,,,用途 용도 ようと,N3
명사,noun,翌朝,よくあさ,이튿날 아침,,,,翌朝 이튿날 아침 よくあさ,N3
명사,noun,欲張り,よくばり,욕심쟁이,,,,欲張り 욕심쟁이 よくばり,N3
명사,noun,予算,よさん,예산,,,,予算 예산 よさん,N3
명사,noun,予想,よそう,예상,,,,予想 예상 よそう,N3
명사,noun,予測,よそく,예측,,,,予測 예측 よそく,N3
명사,noun,夜空,よぞら,밤하늘,,,,夜空 밤하늘 よぞら,N3
명사,noun,四つ角,よつかど,"십자로, 네거리, 네 모퉁이",,,,"四つ角 십자로, 네거리, 네 모퉁이 よつかど",N3
명사,noun,夜中,よなか,"밤중, 한밤중",,,,"夜中 밤중, 한밤중 よなか",N3
명사,noun,世の中,よのなか,세상,,,,世の中 세상 よのなか,N3
명사,noun,予報,よほう,예보,,,,予報 예보 よほう,N3
명사,noun,予防,よぼう,예방,,,,予防 예방 よぼう,N3
명사,noun,喜び,よろこび,기쁨,,,,喜び 기쁨 よろこび,N3
명사,noun,理科,りか,이과,,,,理科 이과 りか,N3
명사,noun,理解,りかい,이해,,,,理解 이해 りかい,N3
명사,noun,離婚,りこん,이혼,,,,離婚 이혼 りこん,N3
명사,noun,理想,りそう,이상,,,,理想 이상 りそう,N3
명사,noun,留学,りゅうがく,유학,,,,留学 유학 りゅうがく,N3
명사,noun,流行,りゅうこう,유행,,,,流行 2010 유행 りゅうこう,N3
명사,noun,量,りょう,"양, 분량",,,,"量 양, 분량 りょう",N3
명사,noun,両,りょう,양(쪽),,,,両 양 りょう,N3
명사,noun,両替,りょうがえ,환전,,,,両替 2011 환전 りょうがえ,N3
명사,noun,両側,りょうがわ,"양측, 양쪽",,,,"両側 양측, 양쪽 りょうがわ",N3
명사,noun,料金,りょうきん,요금,,,,料金 2015 요금 りょうきん,N3
명사,noun,履歴書,りれきしょ,이력서,,,,履歴書 이력서 りれきしょ,N3
명사,noun,留守番,るすばん,집 지키기,,,,留守番 집 지키기 るすばん,N3
명사,noun,例外,れいがい,예외,,,,例外 예외 れいがい,N3
명사,noun,冷凍,れいとう,냉동,,,,冷凍 냉동 れいとう,N3
명사,noun,列,れつ,"열, 줄",,,,列 열 줄 れつ,N3
명사,noun,連休,れんきゅう,연휴,,,,連休 연휴 れんきゅう,N3
명사,noun,録音,ろくおん,녹음,,,,録音 녹음 ろくおん,N3
명사,noun,録画,ろくが,녹화,,,,録画 녹화 ろくが,N3
명사,noun,路面,ろめん,노면,,,,路面 노면 ろめん,N3
명사,noun,輪,わ,"바퀴, 고리",,,,輪 바퀴 わ,N3
명사,noun,若者,わかもの,젊은이,,,,若者 젊은이 わかもの,N3
명사,noun,別れ,わかれ,이별,,,,別れ 이별 わかれ,N3
명사,noun,話題,わだい,화제,,,,話題 화제 わだい,N3
명사,noun,渡り鳥,わたりどり,철새,,,,渡り鳥 철새 わたりどり,N3
명사,noun,詫び,わび,"사과, 사죄",,,,"詫び 2016 사과, 사죄 わび",N3
명사,noun,笑い,わらい,웃음,,,,笑い 웃음 わらい,N3
명사,noun,割合,わりあい,비율,,,,割合 2015 비율 わりあい,N3
명사,noun,割り算,わりざん,나눗셈,,,,割り算 나눗셈 わりざん,N3
명사,noun,割引,わりびき,"할인, 에누리",,,,"割引 할인, 에누리 わりびき",N3
명사,prefix,各~,かく~,각~,各大学,각 대학,,各~ 各~ 各大学 각 대학,N3
명사,prefix,全~,ぜん~,전~,全社員,전 사원,,全~ 全~ 全社員 전 사원,N3
명사,prefix,長~,ちょう~,장~,長時間,장시간,,長~ 長~ 長時間 장시간,N3
명사,prefix,非~,ひ~,비~,非常識,비상식,,非~ 非~ 非常識 비상식,N3
명사,prefix,無~,む~,무~,無関心,무관심,,無~ 無~ 無関心 무관심,N3
명사,suffix,~案,~あん,"~안 (계획, 생각)",予算案,예산안,,"~案 ~안(계획, 생각) ~あん 予算案 예산안",N3
명사,suffix,~行き,~いき / ~ゆき,~행 (목적지),東京行き,도쿄행,,~行き ~행(목적지) ~いき/ゆき 東京行き 도쿄행,N3
명사,suffix,~家,~か,~가 (~하는 사람),音楽家,음악가,,~家 ~가(~하는 사람) ~か 音楽家 음악가,N3
명사,suffix,~式,~しき,"~식 (방식, 형식)",日本式,일본식,,"~式 ~식(방식, 형식) ~しき 日本式 일본식",N3
명사,suffix,~車,~しゃ,~차,輸入車,수입차,,~車 ~차 ~しゃ 輸入車 수입차,N3
명사,suffix,~沿い,~ぞい,"~가 (장소, 쪽)",川沿い,강가,,~沿い ~가 ~ぞい 川沿い 강가,N3
명사,suffix,~建て,~だて,~층 (건물 층수),二階建て,2층 건물,,~建て ~층(건물 층수) ~だて 二階建て 2층 건물,N3
명사,suffix,~店,~てん,~점,飲食店,음식점,,~店 ~점 ~てん 飲食店 음식점,N3
명사,suffix,~向き,~むき,~향 (방향),東向き,동향,,~向き ~향(방향) ~むき 東向き 동향,N3
명사,suffix,~料,~りょう,"~료 (요금, 대금)",授業料,수업료,,"~料 ~료(요금, 대금) ~りょう 授業料 수업료",N3
동사,verb,暖める/温める,あたためる,"따뜻하게 하다, 데우다",ストーブで部屋を暖める。/ 冷えたご飯をレンジで温める。,난로로 방을 따뜻하게 하다. / 식은 밥을 전자레인지로 데우다.,,暖める/温める 2012 あたためる 따뜻하게 하다. 데우다,N3
동사,verb,余る,あまる,남다,余るほど料理を出す。,남아 돌 정도로 요리를 내다.,,余る 2016 あまる 남다,N3
동사,verb,扱う,あつかう,"다루다, 취급하다",本は大切に扱ってください。,책은 소중히 다뤄 주세요.,,扱う 2010 あつかう 다루다. 취급하다,N3
동사,verb,溢れる,あふれる,흘러 넘치다,川が溢れる。,강이 흘러 넘치다.,,溢れる 2018 あふれる 흘러 넘치다,N3
동사,verb,編む,あむ,"짜다, 편집하다",セーターを編む。,스웨터를 짜다.,,編む 2015 あむ 짜다. 편집하다,N3
동사,verb,表す,あらわす,나타내다,感謝の気持ちを表す。,감사의 마음을 나타내다.,,表す 2015 あらわす 나타내다,N3
동사,verb,表れる,あらわれる,나타나다,喜びが顔に表れる。,기쁨이 얼굴에 나타나다.,,表れる あらわれる 나타나다,N3
동사,verb,合わせる,あわせる,"합치다, 맞추다",ネクタイをスーツの色に合わせる。,넥타이를 수트 색에 맞추다.,,合わせる 2011 あわせる 합치다. 맞추다,N3
동사,verb,慌てる,あわてる,"당황하다, 허둥대다",地震があっても慌てないでください。,지진이 나도 당황하지 마세요.,,慌てる 2018 あわてる 당황하다. 허둥대다,N3
동사,verb,言い出す,いいだす,말을 꺼내다,旅行に行きたいと言い出す。,여행을 가고 싶다고 말을 꺼내다.,,言い出す いいだす 말을 꺼내다,N3
동사,verb,愛する,あいする,사랑하다,子供を心から愛する。,아이를 진심으로 사랑하다.,,愛する あいする 사랑하다,N3
동사,verb,諦める,あきらめる,단념하다,進学を諦める。,진학을 단념하다.,,諦める 2012 あきらめる 단념하다,N3
동사,verb,飽きる,あきる,질리다,勉強に飽きる。,공부에 질리다.,,飽きる 2014 あきる 질리다,N3
동사,verb,空ける,あける,비우다,部屋を空ける。,방을 비우다.,,空ける あける 비우다,N3
동사,verb,明ける,あける,① 날이 밝다 ② 기간이 끝나다,夜が明ける。/ 梅雨が明ける。,날이 밝다. / 장마가 끝나다.,,"明ける 2010 あける 날이 밝다, 기간이 끝나다",N3
동사,verb,あこがれる,あこがれる,동경하다,都会生活にあこがれる。,도시 생활을 동경하다.,,あこがれる 동경하다,N3
동사,verb,味わう,あじわう,맛보다,失恋の苦しみを味わう。,실연의 괴로움을 맛보다.,,味わう あじわう 맛보다,N3
동사,verb,預かる,あずかる,맡다,友達の子供を預かる。,친구의 아이를 맡다.,,預かる あずかる 맡다,N3
동사,verb,預ける,あずける,맡기다,銀行に金を預ける。,은행에 돈을 맡기다.,,預ける 2017 あずける 맡기다,N3
동사,verb,与える,あたえる,주다,チャンスを与える。,찬스를 주다.,,与える あたえる 주다,N3
동사,verb,暖まる,あたたまる,따뜻해지다,日が昇って、空気が暖まる。,"해가 떠서, 공기가 따뜻해지다.",,暖まる あたたまる 따뜻해지다,N3
동사,verb,痛む,いたむ,"아프다, 통증을 느끼다",寒くなると腰が痛む。,추워지면 허리가 아프다.,,痛む いたむ 아프다,N3
동사,verb,炒める,いためる,볶다,野菜を炒める。,채소를 볶다.,,炒める いためる 볶다,N3
동사,verb,嫌がる,いやがる,싫어하다,薬を飲むのを嫌がる。,약 먹는 것을 싫어하다.,,嫌がる いやがる 싫어하다,N3
동사,verb,浮かべる,うかべる,"띄우다, (표면에) 나타내다",不満そうな表情を浮かべる。,불만스런 표정을 짓다.,,浮かべる うかべる 띄우다,N3
동사,verb,受かる,うかる,합격하다,試験に受かる。,시험에 합격하다.,,受かる うかる 합격하다,N3
동사,verb,浮く,うく,뜨다,氷は水に浮く。,얼음은 물에 뜬다.,,浮く うく 뜨다,N3
동사,verb,受け入れる,うけいれる,"받아들이다, 수용하다",相手の提案を受け入れる。,상대방의 제안을 받아들이다.,,受け入れる 2011 うけいれる 받아들이다,N3
동사,verb,受け取る,うけとる,"받다, 수취하다",手紙を受け取る。,편지를 받다.,,受け取る 2017 うけとる 받다,N3
동사,verb,動かす,うごかす,움직이다,体を動かす。,몸을 움직이다.,,動かす うごかす 움직이다,N3
동사,verb,疑う,うたがう,의심하다,偽物ではないかと疑う。,가짜가 아닐까 의심하다.,,疑う 2018 うたがう 의심하다,N3
동사,verb,打つ,うつ,"치다, 때리다",ホームランを打つ。,홈런을 치다.,,打つ うつ 치다,N3
동사,verb,移す,うつす,"옮기다, 이동시키다",料理を皿に移す。,요리를 접시에 옮기다.,,移す 2010 うつす 옮기다,N3
동사,verb,映す,うつす,① 비추다 ② 상영하다,鏡に顔を映す。 / 映画を映す。,거울에 얼굴을 비추다. / 영화를 상영하다.,,"映す うつす 비추다, 상영하다",N3
동사,verb,映る,うつる,① 비치다 ② 상영되다,山が水面に映る。 / テレビがよく映らない。,산이 수면에 비치다. / 텔레비전이 잘 나오지 않는다.,,"映る 2010 うつる 비치다, 상영되다",N3
동사,verb,写る,うつる,(사진이) 찍히다,この写真はよく写っている。,이 사진은 잘 찍혔다.,,写る うつる 찍히다,N3
동사,verb,移る,うつる,"옮기다, 이동하다",転勤で東京から大阪に移る。,전근으로 도쿄에서 오사카로 옮기다.,,移る 2014 うつる 옮기다,N3
동사,verb,奪う,うばう,빼앗다,自由を奪う。,자유를 빼앗다.,,奪う 2013 うばう 빼앗다,N3
동사,verb,埋まる,うまる,"묻히다, 메워지다",町が雪に埋まる。,마을이 눈에 묻히다.,,埋まる うまる 묻히다,N3
동사,verb,産む,うむ,"낳다, 출산하다",女の子を産む。,여자 아이를 낳다.,,産む うむ 낳다,N3
동사,verb,埋める,うめる,"묻다, 메우다",穴を埋める。,구멍을 메우다.,,埋める 2018 うめる 묻다,N3
동사,verb,売れる,うれる,팔리다,この商品はよく売れる。,이 상품은 잘 팔린다.,,売れる 2017 うれる 팔리다,N3
동사,verb,得る,える,"얻다, 획득하다",利益を得る。,이익을 얻다.,"{""note"": ""うる로도 읽음""}",得る える 얻다,N3
동사,verb,追い越す,おいこす,추월하다,前の車を追い越す。,앞 차를 추월하다.,,追い越す おいこす 추월하다,N3
동사,verb,追い付く,おいつく,따라잡다,供給が需要に追い付かない。,공급이 수요를 따라잡지 못하다.,,追い付く 2018 おいつく 따라잡다,N3
동사,verb,追う,おう,"쫓다, 따르다",流行を追う。,유행을 따르다.,,追う 2010 おう 쫓다,N3
동사,verb,終える,おえる,끝내다,午前中に仕事を終える。,오전 중에 일을 끝내다.,,終える おえる 끝내다,N3
동사,verb,行う,おこなう,실시하다,秋の運動会を行う。,가을 운동회를 실시하다.,,行う おこなう 실시하다,N3
동사,verb,起こる,おこる,일어하다,事故が起こる。,사고가 일어나다.,,起こる おこる 일어나다,N3
동사,verb,おごる,おごる,"한턱내다, 대접하다",後輩に昼食をおごる。,후배에게 점심을 한턱내다.,,おごる 한턱내다,N3
동사,verb,教わる,おそわる,배우다,山田先生に英語を教わる。,야마다 선생님에게 영어를 배우다.,,教わる おそわる 배우다,N3
동사,verb,落ち着く,おちつく,침착하다,落ち着いて行動する。,침착하게 행동하다.,,落ち着く 2019 おちつく 침착하다,N3
동사,verb,驚かす,おどろかす,놀라게 하다,大声を出して友達を驚かす。,큰 소리를 내어 친구를 놀라게 하다.,,驚かす おどろかす 놀라게 하다,N3
동사,verb,お目にかかる,おめにかかる,만나뵙다 (会う의 겸손),お目にかかれてうれしいです。,만나뵙게 되어 기쁩니다.,,お目にかかる おめにかかる 만나뵙다,N3
동사,verb,思い込む,おもいこむ,"믿어 버리다, 그렇게 생각해 버리다",自分が正しいと思い込んでいる。,자신이 옳다고 믿고 있다.,,思い込む おもいこむ 믿어 버리다,N3
동사,verb,思いつく,おもいつく,"생각해 내다, 기억해 내다",いい考えを思いつく。,좋은 생각을 떠올리다.,,思いつく おもいつく 생각해 내다,N3
동사,verb,折る,おる,"꺾다, 접다",木の枝を折る。,나뭇가지를 꺾다.,,折る 2011 おる 꺾다,N3
동사,verb,降ろす,おろす,내리다,荷物を降ろす。,짐을 내리다.,,降ろす おろす 내리다,N3
동사,verb,返る,かえる,(원상태로) 돌아오다,忘れ物が返る。,분실물이 되돌아오다.,,返る かえる 돌아오다,N3
동사,verb,替える,かえる,"교체하다, 바꾸다",投手を替える。,투수를 교체하다.,,替える 2014 かえる 교체하다,N3
동사,verb,輝く,かがやく,빛나다,夜空に星が輝く。,밤하늘에 별이 빛나다.,,輝く 2016 かがやく 빛나다,N3
동사,verb,書き直す,かきなおす,"고쳐 쓰다, 다시 쓰다",レポートを書き直す。,리포트를 다시 쓰다.,,書き直す かきなおす 고쳐 쓰다,N3
동사,verb,隠す,かくす,숨기다,本心を隠す。,본심을 숨기다.,,隠す 2015 かくす 숨기다,N3
동사,verb,隠れる,かくれる,숨다,ドアの後ろに隠れる。,문 뒤로 숨다.,,隠れる かくれる 숨다,N3
동사,verb,囲む,かこむ,"둘러싸다, 에워싸다",テーブルを囲んで食事をする。,테이블을 둘러싸고 식사를 하다.,,囲む 2016 かこむ 둘러싸다,N3
동사,verb,重なる,かさなる,"거듭되다, 겹치다, 쌓이다",寝不足による疲れが重なる。,수면 부족에 의한 피로가 쌓이다.,,重なる かさなる 거듭되다,N3
동사,verb,重ねる,かさねる,"겹치다, 포개다, 되풀이 하다",皿を重ねる。,접시를 포개다.,,重ねる 2018 かさねる 겹치다,N3
동사,verb,稼ぐ,かせぐ,벌다,仕事をしてお金を稼ぐ。,일을 해서 돈을 벌다.,,稼ぐ かせぐ 벌다,N3
동사,verb,数える,かぞえる,(수를) 세다,参加者の数を数える。,참가자 수를 세다.,,数える 2019 かぞえる 세다,N3
동사,verb,片づく,かたづく,"정리되다, 정돈되다",机の上が片づいた。,책상 위가 정리되었다.,,片づく かたづく 정리되다,N3
동사,verb,悲しむ,かなしむ,슬퍼하다,別れを悲しむ。,이별을 슬퍼하다.,,悲しむ かなしむ 슬퍼하다,N3
동사,verb,枯れる,かれる,시들다,花が枯れてしまった。,꽃이 시들어 버렸다.,,枯れる 2017 かれる 시들다,N3
동사,verb,乾かす,かわかす,"말리다, 건조시키다",洗濯物を乾かす。,세탁물을 말리다.,,乾かす かわかす 말리다,N3
동사,verb,渇く,かわく,마르다,のどが渇く。,목이 마르다.,,渇く 2013 かわく 마르다,N3
동사,verb,感じる,かんじる,느끼다,寒さを感じる。,추위를 느끼다.,,感じる かんじる 느끼다,N3
동사,verb,気がする,きがする,"생각이 들다, 느낌이 들다",雨が降りそうな気がする。,비가 내릴 것 같은 느낌이 든다.,,気がする きがする 생각이 들다,N3
동사,verb,聞き直す,ききなおす,다시 묻다,会議の場所を聞き直す。,회의 장소를 다시 묻다.,,聞き直す ききなおす 다시 묻다,N3
동사,verb,効く,きく,효과가 있다,薬が効く。,약이 듣다(효과가 있다).,,効く きく 효과가 있다,N3
동사,verb,刻む,きざむ,잘게 썰다,キャベツを刻む。,양배추를 잘게 썰다.,,刻む きざむ 잘게 썰다,N3
동사,verb,気づく,きづく,"깨닫다, 알아차리다",間違いに気づく。,실수를 알아차리다.,,気づく きづく 깨닫다,N3
동사,verb,気にする,きにする,신경쓰다,体重を気にする。,몸무게를 신경쓰다.,,気にする きにする 신경쓰다,N3
동사,verb,気になる,きになる,신경이 쓰이다,試験の結果が気になる。,시험 결과가 신경이 쓰이다.,,気になる きになる 신경이 쓰이다,N3
동사,verb,気を付ける,きをつける,"조심하다, 주의하다",言葉に気を付ける。,말을 조심하다.,,気を付ける きをつける 조심하다,N3
동사,verb,区切る,くぎる,"구분하다, 매듭짓다",部屋をカーテンで区切る。,방을 커튼으로 구분하다.,,区切る 2010 くぎる 구분하다,N3
동사,verb,腐る,くさる,"썩다, 상하다",魚が腐る。,생선이 썩다.,,腐る くさる 썩다,N3
동사,verb,くたびれる,くたびれる,녹초가 되다,歩きつづけてくたびれる。,계속 걸어서 녹초가 되다(지치다).,,くたびれる 2014 くたびれる 녹초가 되다,N3
동사,verb,下る,くだる,내려가다,坂を下る。,비탈길을 내려가다.,,下る くだる 내려가다,N3
동사,verb,配る,くばる,나눠주다,新聞を配る。,신문을 나눠주다.,,配る 2012 くばる 나눠주다,N3
동사,verb,首になる,くびになる,해고되다,会社を首になる。,회사에서 해고되다.,,首になる くびになる 해고되다,N3
동사,verb,組む,くむ,"끼다, 꼬다, 짜다",足を組んで座る。,다리를 꼬고 앉다.,,組む 2016 くむ 끼다,N3
동사,verb,暮らす,くらす,"살다, 생활하다",一人で暮らす。,혼자서 살다.,,暮らす 2010 くらす 살다,N3
동사,verb,叫ぶ,さけぶ,"외치다, 소리지르다",大声で叫ぶ。,큰 소리로 외치다.,,叫ぶ さけぶ 외치다,N3
동사,verb,避ける,さける,피하다,人目を避ける。,남의 눈을 피하다.,,避ける さける 피하다,N3
동사,verb,誘う,さそう,"권유하다, 유혹하다",食事に誘う。,식사하자고 권유하다.,,誘う 2019 さそう 권유하다,N3
동사,verb,サボる,さぼる,"게으름 피우다, 태만히 하다",仕事をサボる。,일을 게을리하다(꾀부리다).,,サボる さぼる 게으름 피우다,N3
동사,verb,冷ます,さます,식히다,お湯を冷ます。,뜨거운 물을 식히다.,,冷ます さます 식히다,N3
동사,verb,覚ます,さます,"(잠을) 깨다, 깨우다",ベルの音で目を覚ます。,벨소리에 눈을 뜨다(잠을 깨다).,,覚ます さます 깨다,N3
동사,verb,冷める,さめる,"식다, 차가워지다",ご飯が冷める。,밥이 식다.,,冷める さめる 식다,N3
동사,verb,覚める,さめる,"잠이 깨다, 제정신이 들다",眠気が覚める。,잠이 깨다.,,覚める 2014 さめる 잠이 깨다,N3
동사,verb,去る,さる,떠나다,故郷を去る。,고향을 떠나다.,,去る さる 떠나다,N3
동사,verb,仕上がる,しあがる,"완성되다, 마무리되다",作品が仕上がる。,작품이 완성되다.,,仕上がる しあがる 완성되다,N3
동사,verb,仕上げる,しあげる,"완성하다, 마무리하다",レポートを仕上げる。,리포트를 마무리하다.,,仕上げる しあげる 완성하다,N3
동사,verb,沈む,しずむ,"가라앉다, (해·달이) 지다",夕日が沈む。,저녁해가 지다.,,沈む 2016 しずむ 가라앉다,N3
동사,verb,くり返す,くりかえす,반복하다,同じ質問をくり返す。,같은 질문을 반복하다.,,くり返す くりかえす 반복하다,N3
동사,verb,苦しむ,くるしむ,괴로워하다,借金で苦しむ。,빚 때문에 괴로워하다.,,苦しむ くるしむ 괴로워하다,N3
동사,verb,加える,くわえる,"더하다, 첨가하다, 추가하다",スープに塩を加える。,수프에 소금을 치다.,,加える 2016 くわえる 더하다,N3
동사,verb,加わる,くわわる,"더해지다, 첨가되다, 추가되다",メンバーが新しく加わる。,멤버가 새롭게 추가되다.,,加わる くわわる 더해지다,N3
동사,verb,蹴る,ける,(발로) 차다,ボールを蹴る。,공을 차다.,,蹴る ける 차다,N3
동사,verb,断る,ことわる,거절하다,会議への出席を断る。,회의 출석을 거절하다.,,断る 2017 ことわる 거절하다,N3
동사,verb,好む,このむ,"좋아하다, 선호하다",クラシックを好んで聞く。,클래식을 즐겨 듣다.,,好む このむ 좋아하다,N3
동사,verb,こぼす,こぼす,"흘리다, 엎지르다",コーヒーをこぼす。,커피를 엎지르다.,,こぼす 2013 こぼす 흘리다,N3
동사,verb,こぼれる,こぼれる,"흘러넘치다, 엎질러지다",コップの水がこぼれる。,컵의 물이 흘러넘치다.,,こぼれる こぼれる 흘러넘치다,N3
동사,verb,転がす,ころがす,굴리다,ボールを転がす。,공을 굴리다.,,転がす ころがす 굴리다,N3
동사,verb,転がる,ころがる,구르다,岩が転がる。,돌이 굴러가다.,,転がる ころがる 구르다,N3
동사,verb,殺す,ころす,죽이다,虫を殺す。,벌레를 죽이다.,,殺す ころす 죽이다,N3
동사,verb,従う,したがう,따르다,命令に従う。,명령에 따르다(복종하다).,,従う 2017 したがう 따르다,N3
동사,verb,支払う,しはらう,지불하다,電気代を支払う。,전기 요금을 지불하다.,,支払う しはらう 지불하다,N3
동사,verb,縛る,しばる,"묶다, 매다",新聞紙をひもで縛る。,신문지를 끈으로 묶다.,,縛る 2010 しばる 묶다,N3
동사,verb,示す,しめす,"① 나타내다, 내보이다 ② 가리키다",関心を示す。 / 駅の方向を指で示す。,관심을 나타내다. / 역으로 가는 방향을 손가락으로 가리키다.,,"示す 2012 しめす 나타내다, 가리키다",N3
동사,verb,しゃがむ,しゃがむ,"쪼그리고 앉다, 웅크리다",道にしゃがんで話す。,길에 쪼그리고 앉아 이야기하다.,,しゃがむ しゃがむ 쪼그리고 앉다,N3
동사,verb,しゃべる,しゃべる,말하다,秘密をうっかりしゃべってしまう。,비밀을 무심코 말해 버리다.,,しゃべる 2018 しゃべる 말하다,N3
동사,verb,信じる,しんじる,믿다,彼の話は本当だと信じている。,그의 이야기는 사실이라고 믿고 있다.,,信じる 2010 しんじる 믿다,N3
동사,verb,過ごす,すごす,"(시간을) 보내다, 살아가다",休日は家族と過ごす。,휴일은 가족과 보낸다.,,過ごす すごす 보내다,N3
동사,verb,進める,すすめる,"진행시키다, 추진하다",工事を進める。,공사를 진행시키다.,,進める すすめる 진행시키다,N3
동사,verb,勧める,すすめる,"권유하다, 권장하다",入会を勧める。,입회를 권하다.,,勧める すすめる 권유하다,N3
동사,verb,済ませる,すませる,"끝마치다, 끝내다, 마치다",食事を済ませる。,식사를 마치다.,,済ませる 2019 すませる 끝마치다,N3
동사,verb,注ぐ,そそぐ,"(액체를) 붓다, 따르다",水を注ぐ。,물을 붓다.,,注ぐ そそぐ 붓다,N3
동사,verb,育つ,そだつ,"자라다, 성장하다",立派な青年に育つ。,훌륭한 청년으로 자라다.,,育つ そだつ 자라다,N3
동사,verb,揃う,そろう,"갖추어지다, 모이다",データが揃う。,데이터가 갖추어지다.,,揃う そろう 갖추어지다,N3
동사,verb,揃える,そろえる,"갖추다, 모으다",非常食を揃えて置く。,비상식량을 갖추어 두다.,,揃える そろえる 갖추다,N3
동사,verb,存じる,ぞんじる,① 알다 (知る의 겸손) ② 생각하다 (思う의 겸손),お名前は存じております。 / こちらが良いと存じます。,이름은 알고 있습니다. / 이쪽이 좋다고 생각합니다.,,"存じる ぞんじる 알다, 생각하다",N3
동사,verb,倒す,たおす,"넘어뜨리다, 쓰러뜨리다",木を倒す。,나무를 넘어뜨리다.,,倒す たおす 넘어뜨리다,N3
동사,verb,高まる,たかまる,"높아지다, 고조되다",人気が高まる。,인기가 높아지다.,,高まる たかまる 높아지다,N3
동사,verb,高める,たかめる,높이다,競争力を高める。,경쟁력을 높이다.,,高める たかめる 높이다,N3
동사,verb,抱く,だく,"안다, 포옹하다",赤ちゃんを抱く。,아기를 안다.,,抱く だく 안다,N3
동사,verb,確かめる,たしかめる,확인하다,電話番号を確かめる。,전화번호를 확인하다.,,確かめる 2016 たしかめる 확인하다,N3
동사,verb,助かる,たすかる,"구조되다, 도움받다",家事を手伝ってくれるので助かる。,집안일을 도와주기 때문에 도움이 된다.,,助かる たすかる 구조되다,N3
동사,verb,助ける,たすける,"구조하다, 돕다",命を助ける。,생명을 구하다.,,助ける 2019 たすける 구조하다,N3
동사,verb,散らかす,ちらかす,"어지르다, 흩어놓다",部屋を散らかす。,방을 어지르다.,,散らかす 2017 ちらかす 어지르다,N3
동사,verb,散らかる,ちらかる,"어질러지다, 흩어지다",テーブルの上が散らかっている。,테이블 위가 어질러져 있다.,,散らかる ちらかる 어질러지다,N3
동사,verb,散る,ちる,"(꽃이) 지다, 흩어지다",花が散る。,꽃이 지다.,,"散る ちる 지다, 흩어지다",N3
동사,verb,通じる,つうじる,통하다,気持ちが通じる。,마음이 통하다.,,通じる つうじる 통하다,N3
동사,verb,捕まる,つかまる,"잡히다, 붙잡히다",泥棒が捕まる。,도둑이 잡히다.,,捕まる つかまる 잡히다,N3
동사,verb,つかむ,つかむ,"잡다, 움켜쥐다",腕をつかむ。,팔을 잡다.,,つかむ つかむ 잡다,N3
동사,verb,付き合う,つきあう,① 교제하다 ② 함께 행동하다 (어울리다),長年付き合う。 / 食事に付き合う。,오랫동안 교제하다. / 함께 식사하다(식사에 어울려주다).,,"付き合う つきあう 교제하다, 함께하다",N3
동사,verb,伝わる,つたわる,전해지다,ニュースが世界中に伝わる。,뉴스가 전 세계에 전해지다.,,伝わる 2014 つたわる 전해지다,N3
동사,verb,努める,つとめる,"노력하다, 힘쓰다",安全運転に努める。,안전 운전에 힘쓰다.,,努める 2015 つとめる 노력하다,N3
동사,verb,つぶす,つぶす,"찌그러뜨리다, 부수다",空き缶をつぶす。,빈 깡통을 찌그러뜨리다.,,つぶす つぶす 찌그러뜨리다,N3
동사,verb,つぶれる,つぶれる,"찌부러지다, 부서지다",地震で家がつぶれる。,지진으로 집이 부서지다.,,つぶれる つぶれる 부서지다,N3
동사,verb,積む,つむ,"쌓다, 싣다",車に荷物を積む。,차에 짐을 싣다(쌓다).,,積む つむ 쌓다,N3
동사,verb,闘う,たたかう,"싸우다, 투쟁하다",病気と闘う。,질병과 싸우다.,,闘う 2015 たたかう 싸우다,N3
동사,verb,叩く,たたく,"두드리다, 치다",ドアを叩く。,문을 두드리다.,,叩く たたく 두드리다,N3
동사,verb,畳む,たたむ,"개다, 접다",布団を畳む。,이불을 개다.,,畳む 2013 たたむ 개다,N3
동사,verb,立ち上がる,たちあがる,일어서다,椅子から立ち上がる。,의자에서 일어서다.,,立ち上がる たちあがる 일어서다,N3
동사,verb,立ち止まる,たちどまる,멈춰서다,呼ばれて立ち止まる。,부르는 소리에 멈춰서다.,,立ち止まる たちどまる 멈춰서다,N3
동사,verb,経つ,たつ,"지나다, 경과하다",時間が経つ。,시간이 지나다.,,経つ 2014 たつ 지나다,N3
동사,verb,だます,だます,속이다,人をだます。,사람을 속이다.,,だます だます 속이다,N3
동사,verb,たまる,たまる,쌓이다,ストレスがたまる。,스트레스가 쌓이다.,,たまる 2014 たまる 쌓이다,N3
동사,verb,黙る,だまる,"침묵하다, 잠자코 있다",黙って人の話を聞く。,잠자코 다른 사람의 이야기를 듣다.,,黙る 2019 だまる 침묵하다,N3
동사,verb,貯める,ためる,"모으다, 저축하다",お金を貯める。,돈을 모으다.,,貯める 2011 ためる 모으다,N3
동사,verb,近付く,ちかづく,"가까워지다, 접근하다",入学式が近付く。,입학식이 가까워지다.,,近付く ちかづく 가까워지다,N3
동사,verb,近付ける,ちかづける,"가까이 하다, 접근시키다",本に目を近付ける。,책에 눈을 가까이 대다.,,近付ける ちかづける 가까이 하다,N3
동사,verb,強まる,つよまる,"강해지다, 세지다",非難が強まる。,비난이 거세지다.,,強まる つよまる 강해지다,N3
동사,verb,強める,つよめる,"강화하다, 세게 하다",暖房を強める。,난방을 세게 하다.,,強める つよめる 강화하다,N3
동사,verb,出会う,であう,만나다 (우연히),友達にばったり出会う。,친구를 우연히 만나다.,,出会う であう 만나다,N3
동사,verb,出来上がる,できあがる,완성되다,家が出来上がる。,집이 완성되다.,,出来上がる できあがる 완성되다,N3
동사,verb,出迎える,でむかえる,마중나가다,駅まで出迎える。,역까지 마중나가다.,,出迎える でむかえる 마중나가다,N3
동사,verb,通り過ぎる,とおりすぎる,"지나가다, 통과하다",学校の前を通り過ぎる。,학교 앞을 지나가다.,,通り過ぎる 2012 とおりすぎる 지나가다,N3
동사,verb,溶かす,とかす,녹이다 (액체),砂糖を水に溶かす。,설탕을 물에 녹이다.,,溶かす とかす 녹이다,N3
동사,verb,溶く,とく,"풀다, 개다 (가루/계란 등)",小麦粉を水で溶く。,밀가루를 물로 풀다.,,"溶く とく 풀다, 개다",N3
동사,verb,怒鳴る,どなる,"고함치다, 호통치다",いたずらをして親に怒鳴られた。,장난을 쳐서 부모님에게 야단맞았다.,,怒鳴る 2017 どなる 고함치다,N3
동사,verb,飛ばす,とばす,날리다,風船を空に飛ばす。,풍선을 하늘로 날리다.,,飛ばす とばす 날리다,N3
동사,verb,飛び込む,とびこむ,뛰어들다,プールに飛び込む。,수영장으로 뛰어들다.,,飛び込む とびこむ 뛰어들다,N3
동사,verb,飛び出す,とびだす,"뛰쳐나오다, 뛰어나오다",子供が車道へ飛び出す。,아이가 차도로 뛰쳐나오다.,,飛び出す とびだす 뛰쳐나오다,N3
동사,verb,取り消す,とりけす,취소하다,予約を取り消す。,예약을 취소하다.,,取り消す 2019 とりけす 취소하다,N3
동사,verb,取り出す,とりだす,꺼내다,ポケットから財布を取り出す。,주머니에서 지갑을 꺼내다.,,取り出す とりだす 꺼내다,N3
동사,verb,取れる,とれる,"① 잡히다, 확보되다 ② 떨어지다, 빠지다",切符が取れる。 / コートのボタンが取れる。,표를 확보하다. / 코트의 단추가 떨어지다.,,"取れる とれる 잡히다, 떨어지다",N3
동사,verb,流す,ながす,흘리다,涙を流す。,눈물을 흘리다.,,流す ながす 흘리다,N3
동사,verb,亡くす,なくす,"잃다, 사별하다",父を事故で亡くす。,아버지를 사고로 잃다.,,亡くす なくす 잃다,N3
동사,verb,怠ける,なまける,"게으름 피우다, 게을리하다",仕事を怠ける。,일을 게을리하다.,,怠ける なまける 게으름 피우다,N3
동사,verb,悩む,なやむ,고민하다,進学で悩む。,진학 때문에 고민하다.,,悩む なやむ 고민하다,N3
동사,verb,鳴らす,ならす,울리다,ベルを鳴らす。,벨을 울리다.,,鳴らす ならす 울리다,N3
동사,verb,握る,にぎる,"잡다, 쥐다",手を握ってあいさつをする。,손을 잡고 인사를 하다.,,握る 2013 にぎる 잡다,N3
동사,verb,煮る,にる,"삶다, 조리다",豆を煮る。,콩을 삶다.,,煮る にる 삶다,N3
동사,verb,抜く,ぬく,"빼다, 뽑다",空気を抜く。,공기를 빼다.,,抜く ぬく 빼다,N3
동사,verb,抜ける,ぬける,"빠지다, 누락되다",髪の毛が抜ける。,머리카락이 빠지다.,,抜ける ぬける 빠지다,N3
동사,verb,濡らす,ぬらす,적시다,雨が葉を濡らす。,비가 잎을 적시다.,,濡らす ぬらす 적시다,N3
동사,verb,残す,のこす,남기다,金を残さず全部使う。,돈을 남김없이 전부 사용하다.,,残す のこす 남기다,N3
동사,verb,載せる,のせる,"싣다, 게재하다",新聞に記事を載せる。,신문에 기사를 싣다.,,載せる のせる 싣다,N3
동사,verb,乗せる,のせる,태우다,子供を車の後ろに乗せる。,아이를 차 뒤쪽에 태우다.,,乗せる のせる 태우다,N3
동사,verb,除く,のぞく,"제외하다, 제거하다",不良品を除く。,불량품을 제거하다.,,除く のぞく 제외하다,N3
동사,verb,伸ばす,のばす,"늘리다, 길게 기르다",髪を長く伸ばす。,머리카락을 길게 기르다.,,伸ばす のばす 늘리다,N3
동사,verb,延ばす,のばす,"연기하다, 연장하다",会議を1時間延ばす。,회의를 1시간 연기하다.,,延ばす 2012 のばす 연기하다,N3
동사,verb,伸びる,のびる,"늘다, 자라다, 성장하다",背が10センチも伸びた。,키가 10센치나 자랐다.,,"伸びる のびる 늘다, 자라다",N3
동사,verb,延びる,のびる,"연기되다, 연장되다",締め切りが2日延びる。,마감이 이틀 연장되다.,,延びる のびる 연기되다,N3
동사,verb,上る,のぼる,오르다,坂道を上る。,비탈길을 오르다.,,上る のぼる 오르다,N3
동사,verb,乗り遅れる,のりおくれる,(교통수단을) 놓치다,終電に乗り遅れる。,막차를 놓치다.,,乗り遅れる のりおくれる 놓치다,N3
동사,verb,乗り越す,のりこす,(내릴 곳을) 지나치다,居眠りして乗り越す。,졸다가 내릴 곳을 지나치다.,,乗り越す のりこす 지나치다,N3
동사,verb,載る,のる,"실리다, 게재되다",新聞に載る。,신문에 실리다.,,載る のる 실리다,N3
동사,verb,生える,はえる,"나다, 자라다",草が生える。,풀이 나다.,,生える 2013 はえる 나다,N3
동사,verb,計る/測る/量る,はかる,"재다, 측정하다",時間を計る。/ 長さを測る。/ 重さを量る。,시간을 재다. / 길이를 재다. / 무게를 재다.,"{""note"": ""한자에 따라 쓰임새가 다름 (시간/길이/무게)""}","計る/測る/量る 2016 はかる 재다, 측정하다",N3
동사,verb,掃く,はく,쓸다,庭を掃く。,마당을 쓸다.,,掃く はく 쓸다,N3
동사,verb,外す,はずす,"떼어내다, 벗다, 제외하다",めがねを外す。,안경을 벗다.,,"外す はずす 떼어내다, 벗다",N3
동사,verb,弾む,はずむ,"튀다, 들뜨다",ボールが弾む。,공이 튀다.,,弾む はずむ 튀다,N3
동사,verb,話し合う,はなしあう,"서로 이야기하다, 의논하다",話し合って決める。,서로 이야기해서 결정하다.,,話し合う はなしあう 의논하다,N3
동사,verb,話しかける,はなしかける,말을 걸다,知らない人に話しかける。,모르는 사람에게 말을 걸다.,,話しかける 2014 はなしかける 말을 걸다,N3
동사,verb,離す,はなす,"떼어놓다, 거리를 두다",木を3メートル離して植える。,나무를 3m 거리를 두고 심다.,,離す 2014 はなす 떼어놓다,N3
동사,verb,払い戻す,はらいもどす,"환불하다, 되돌려주다",税金を払い戻す。,세금을 되돌려주다.,,払い戻す はらいもどす 환불하다,N3
동사,verb,反する,はんする,"반대되다, 어긋나다, 위반하다",予想に反する。,예상에 어긋나다.,,"反する はんする 반대되다, 어긋나다",N3
동사,verb,引き受ける,ひきうける,"맡다, 인수하다, 담당하다",難しい仕事を引き受ける。,어려운 일을 맡다.,,引き受ける 2017 ひきうける 맡다,N3
동사,verb,引き出す,ひきだす,① 꺼내다 ② 인출하다,封筒から手紙を引き出す。 / 預金を全部引き出す。,봉투에서 편지를 꺼내다. / 예금을 전부 인출하다.,,"引き出す ひきだす 꺼내다, 인출하다",N3
동사,verb,冷やす,ひやす,"차게 하다, 식히다",冷蔵庫でビールを冷やす。,냉장고에 넣어 맥주를 차게 하다.,,冷やす ひやす 차게 하다,N3
동사,verb,広がる,ひろがる,"퍼지다, 확산되다",コーヒーの香りが部屋中に広がる。,커피 향기가 온 방안에 퍼지다.,,広がる ひろがる 퍼지다,N3
동사,verb,広げる,ひろげる,"넓히다, 펼치다",新聞を広げて読む。,신문을 펼쳐 읽는다.,,"広げる ひろげる 넓히다, 펼치다",N3
동사,verb,深まる,ふかまる,깊어지다,理解が深まる。,이해가 깊어지다.,,深まる ふかまる 깊어지다,N3
동사,verb,深める,ふかめる,깊게 하다,交流を深める。,교류를 깊게 하다.,,深める ふかめる 깊게 하다,N3
동사,verb,拭く,ふく,"닦다, 훔치다",タオルで体を拭く。,타올로 몸을 닦다.,,拭く 2017 ふく 닦다,N3
동사,verb,防ぐ,ふせぐ,"막다, 방지하다",事故を防ぐ。,사고를 방지하다.,,防ぐ 2015 ふせぐ 막다,N3
동사,verb,ぶつける,ぶつける,부딪치다,壁に頭をぶつける。,벽에 머리를 부딪치다.,,ぶつける 2014 ぶつける 부딪치다,N3
동사,verb,増やす,ふやす,늘리다,人数を増やす。,인원수를 늘리다.,,増やす ふやす 늘리다,N3
동사,verb,振り込む,ふりこむ,"송금하다, 이체하다",代金を振り込む。,대금을 송금하다.,,振り込む ふりこむ 송금하다,N3
동사,verb,振る,ふる,흔들다,軽く手を振る。,가볍게 손을 흔들다.,,振る 2012 ふる 흔들다,N3
동사,verb,震える,ふるえる,떨리다,寒さに体が震える。,추위에 몸이 떨린다.,,震える ふるえる 떨리다,N3
동사,verb,減らす,へらす,줄이다,体重を3キロ減らす。,체중을 3킬로 줄이다.,,減らす へらす 줄이다,N3
동사,verb,減る,へる,"줄다, 줄어들다",子供の数が減っている。,아이들 수가 줄어들고 있다.,,減る 2011 へる 줄다,N3
동사,verb,干す,ほす,말리다,布団を干す。,이불을 말리다.,,干す 2015 ほす 말리다,N3
동사,verb,微笑む,ほほえむ,미소짓다,優しく微笑む。,상냥하게 미소짓다.,,微笑む ほほえむ 미소짓다,N3
동사,verb,任せる,まかせる,맡기다,仕事を部下に任せる。,일을 부하에게 맡기다.,,任せる まかせる 맡기다,N3
동사,verb,巻く,まく,"말다, 감다",首にマフラーを巻く。,목에 머플러를 감다.,,巻く まく 감다,N3
동사,verb,曲げる,まげる,"구부리다, 굽히다",腰を曲げてあいさつする。,허리를 굽혀 인사하다.,,曲げる 2016 まげる 구부리다,N3
동사,verb,混ざる,まざる,섞이다,酒に水が混ざる。,술에 물이 섞이다.,,混ざる まざる 섞이다,N3
동사,verb,混ぜる,まぜる,"섞다, 혼합하다",紅茶にミルクを混ぜる。,홍차에 우유를 섞다.,,混ぜる 2015 まぜる 섞다,N3
동사,verb,間違う,まちがう,"잘못하다, 틀리다",漢字が間違っている。,한자가 틀렸다.,,間違う まちがう 틀리다,N3
동사,verb,まとまる,まとまる,"정리되다, 한데 모이다",みんなの意見がまとまる。,모두의 의견이 정리되다.,,まとまる まとまる 정리되다,N3
동사,verb,まとめる,まとめる,"정리하다, 종합하다",レポートをまとめる。,리포트를 정리하다.,,まとめる まとめる 정리하다,N3
동사,verb,学ぶ,まなぶ,배우다,大学で経済学を学ぶ。,대학에서 경제학을 배우다.,,学ぶ 2016 まなぶ 배우다,N3
동사,verb,招く,まねく,"부르다, 초대하다",パーティーに友達を招く。,파티에 친구를 초대하다.,,招く 2016 まねく 초대하다,N3
동사,verb,迷う,まよう,"헤매다, 길을 잃다",道に迷う。,길을 헤매다.,,迷う 2018 まよう 헤매다,N3
동사,verb,見上げる,みあげる,올려다보다,空を見上げる。,하늘을 올려다보다.,,見上げる みあげる 올려다보다,N3
동사,verb,見送る,みおくる,① 배웅하다 ② 보류하다,空港まで先生を見送る。 / 計画を見送る。,공항까지 선생님을 배웅하다. / 계획을 보류하다.,,"見送る 2011 みおくる 배웅하다, 보류하다",N3
동사,verb,見下ろす,みおろす,내려다보다,ビルの屋上から町を見下ろす。,빌딩 옥상에서 마을(시가지)을 내려다보다.,,見下ろす みおろす 내려다보다,N3
동사,verb,見かける,みかける,"눈에 띄다, (언뜻) 보다",あの人はよく駅で見かける。,그 사람은 자주 역에서 눈에 띈다.,,見かける 2016 みかける 눈에 띄다,N3
동사,verb,見直す,みなす,"다시 살펴보다, 재검토하다",計画を見直す。,계획을 재검토하다.,,見直す みなおす 재검토하다,N3
동사,verb,見舞う,みまう,"문병하다, 위문하다",入院中の友人を見舞う。,입원 중인 친구를 문병하다.,,見舞う みまう 문병하다,N3
동사,verb,診る,みる,"(환자를) 보다, 진찰하다",医者に診てもらう。,의사에게 진찰을 받다.,,診る みる 진찰하다,N3
동사,verb,向く,むく,"향하다, 보다",後ろを向く。,뒤를 향하다(보다).,,向く むく 향하다,N3
동사,verb,剥く,むく,"벗기다, 까다",りんごの皮を剥く。,사과 껍질을 벗기다.,,剥く 2012 むく 벗기다,N3
동사,verb,蒸す,むす,찌다,蒸した鶏肉を小さく切る。,찐 닭고기를 작게 썰다.,,蒸す むす 찌다,N3
동사,verb,結ぶ,むすぶ,"묶다, 매다",靴のひもを結ぶ。,신발 끈을 매다.,,結ぶ 2017 むすぶ 묶다,N3
동사,verb,目立つ,めだつ,"눈에 띄다, 두드러지다",背が高いので目立つ。,키가 커서 눈에 띈다.,,目立つ めだつ 눈에 띄다,N3
동사,verb,申し込む,もうしこむ,신청하다,参加を申し込む。,참가를 신청하다.,,申し込む 2016 もうしこむ 신청하다,N3
동사,verb,燃える,もえる,불타다,火事で家が燃える。,화재로 집이 불타다.,,燃える 2017 もえる 불타다,N3
동사,verb,燃やす,もやす,태우다,落ち葉を集めて燃やす。,낙엽을 모아 태우다.,,燃やす もやす 태우다,N3
동사,verb,盛る,もる,담다,皿に料理を盛る。,접시에 요리를 담다.,,盛る もる 담다,N3
동사,verb,役立つ,やくだつ,"도움이 되다, 쓸모 있다",この本はあまり役立たない。,이 책은 그다지 도움이 되지 않는다.,,役立つ やくだつ 도움이 되다,N3
동사,verb,破る,やぶる,"찢다, 깨다",手紙を破る。,편지를 찢다.,,破る やぶる 찢다,N3
동사,verb,破れる,やぶれる,"찢어지다, 깨지다",カーテンが破れる。,커튼이 찢어지다.,,破れる 2017 やぶれる 찢어지다,N3
동사,verb,辞める,やめる,"그만두다, 사직하다",会社を辞める。,회사를 그만두다.,,辞める 2012 やめる 그만두다,N3
동사,verb,やり直す,やりなおす,다시 하다,計算をやり直す。,계산을 다시 하다.,,やり直す 2011 やりなおす 다시 하다,N3
동사,verb,ゆでる,ゆでる,삶다,卵をゆでる。,계란을 삶다.,,ゆでる 2015 ゆでる 삶다,N3
동사,verb,許す,ゆるす,① 허락하다 ② 용서하다,留学を許す。 / 部下の失敗を許す。,유학을 허락하다. / 부하의 실수를 용서하다.,,"許す 2016 ゆるす 허락하다, 용서하다",N3
동사,verb,酔う,よう,"취하다, 멀미하다",酒に酔う。,술에 취하다.,,酔う よう 취하다,N3
동사,verb,横切る,よこぎる,"횡단하다, 가로지르다",道を横切る。,길을 횡단하다.,,横切る よこぎる 횡단하다,N3
동사,verb,よこす,よこす,"(이쪽으로) 건네다, 넘겨주다, 보내다",妹が私に手紙をよこした。,여동생이 나에게 편지를 보냈다.,,"よこす よこす 건네다, 보내다",N3
동사,verb,汚す,よごす,"더럽히다, 오염시키다",服を汚す。,옷을 더럽히다.,,汚す よごす 더럽히다,N3
동사,verb,酔っ払う,よっぱらう,만취하다,酔っ払ってけんかをする。,만취하여 싸움을 하다.,,酔っ払う よっぱらう 만취하다,N3
동사,verb,呼び出す,よびだす,"불러내다, 호출하다",電話で呼び出す。,전화로 불러내다.,,呼び出す よびだす 불러내다,N3
동사,verb,分かれる,わかれる,"분리되다, 갈라지다",道が2つに分かれる。,길이 두 개로 갈라지다.,,分かれる わかれる 갈라지다,N3
동사,verb,分ける,わける,"나누다, 분리하다",3回に分けて支払う。,3회로 나누어 지불하다.,,分ける 2014 わける 나누다,N3
이형용사,i_adjective,青白い,あおじろい,창백하다,青白い顔をしている。,창백한 얼굴을 하고 있다.,,青白い あおじろい 창백하다,N3
이형용사,i_adjective,怪しい,あやしい,수상하다,怪しい男を発見する。,수상한 남자를 발견하다.,,怪しい 2016 あやしい 수상하다,N3
이형용사,i_adjective,ありがたい,ありがたい,고맙다,経験者の助言はありがたい。,경험자의 조언은 고맙다.,,ありがたい ありがたい 고맙다,N3
이형용사,i_adjective,勇ましい,いさましい,"용맹스럽다, 씩씩하다",勇ましく行進する。,씩씩하게 행진하다.,,勇ましい 2019 いさましい 용맹스럽다,N3
이형용사,i_adjective,薄暗い,うすぐらい,"어둑하다, 조금 어둡다",森の中は昼でも薄暗い。,숲 속은 낮에도 어둑하다.,,薄暗い うすぐらい 어둑하다,N3
이형용사,i_adjective,うらやましい,うらやましい,부럽다,あなたの成功がうらやましい。,당신의 성공이 부럽다.,,うらやましい うらやましい 부럽다,N3
이형용사,i_adjective,幼い,おさない,어리다,私の子供はまだ幼い。,우리 아이는 아직 어리다.,,幼い 2017 おさない 어리다,N3
이형용사,i_adjective,恐ろしい,おそろしい,무섭다,恐ろしくて声も出ない。,무서워서 목소리도 나오지 않는다.,,恐ろしい 2011 おそろしい 무섭다,N3
이형용사,i_adjective,重たい,おもたい,무겁다,荷物が重たい。,짐이 무겁다.,,重たい おもたい 무겁다,N3
이형용사,i_adjective,賢い,かしこい,영리하다,犬は賢い動物だ。,개는 영리한 동물이다.,,賢い 2016 かしこい 영리하다,N3
이형용사,i_adjective,がまん強い,がまんづよい,인내심이 강하다,がまん強く機会を待つ。,인내심 강하게 기회를 기다리다.,,がまん強い がまんづよい 인내심이 강하다,N3
이형용사,i_adjective,かゆい,かゆい,가렵다,背中がかゆい。,등이 가렵다.,,かゆい かゆい 가렵다,N3
이형용사,i_adjective,かわいらしい,かわいらしい,사랑스럽다,彼の家の猫はとてもかわいらしい。,그의 집 고양이는 매우 사랑스럽다.,,かわいらしい かわいらしい 사랑스럽다,N3
이형용사,i_adjective,きつい,きつい,"① 꼭 끼다 ② 힘들다, 괴롭다",このスカートはきつい。 / 早起きはきつい。,이 스커트는 꼭 낀다. / 일찍 일어나는 것은 힘들다.,,"きつい 2018 きつい 꼭 끼다, 힘들다",N3
이형용사,i_adjective,臭い,くさい,"(역겨운) 냄새가 나다, 구리다",臭いにおいがする。,역겨운 냄새가 난다.,,臭い くさい 냄새가 나다,N3
이형용사,i_adjective,くだらない,くだらない,"시시하다, 하찮다",くだらない本を読んでいる。,시시한 책을 읽고 있다.,,くだらない くだらない 시시하다,N3
이형용사,i_adjective,悔しい,くやしい,"분하다, 억울하다",試合に負けて悔しい。,시합에 져서 분하다.,,悔しい 2014 くやしい 분하다,N3
이형용사,i_adjective,詳しい,くわしい,자세하다,詳しく説明する。,자세하게 설명하다.,,詳しい くわしい 자세하다,N3
이형용사,i_adjective,険しい,けわしい,험하다,険しい山道を歩く。,험한 산길을 걷는다.,,険しい けわしい 험하다,N3
이형용사,i_adjective,濃い,こい,진하다,濃いお茶を飲む。,진한 차를 마시다.,,濃い 2019 こい 진하다,N3
이형용사,i_adjective,恋しい,こいしい,그립다,故郷が恋しい。,고향이 그립다.,,恋しい 2018 こいしい 그립다,N3
이형용사,i_adjective,塩辛い,しおからい,짜다,海の水は塩辛い。,바닷물은 짜다.,,塩辛い しおからい 짜다,N3
이형용사,i_adjective,しつこい,しつこい,"집요하다, 끈질기다",しつこく注意する。,끈질기게 주의를 주다.,,しつこい 2018 しつこい 집요하다,N3
이형용사,i_adjective,ずうずうしい,ずうずうしい,뻔뻔스럽다,彼は常識のない、ずうずうしい人だ。,"그는 상식이 없는, 뻔뻔스러운 사람이다.",,ずうずうしい ずうずうしい 뻔뻔스럽다,N3
이형용사,i_adjective,鋭い,するどい,날카롭다,鋭い質問をする。,날카로운 질문을 하다.,,鋭い するどい 날카롭다,N3
이형용사,i_adjective,そそっかしい,そそっかしい,경솔하다,そそっかしくて忘れ物が多い。,경솔해서 물건을 자주 잃어버린다.,,そそっかしい 2017 そそっかしい 경솔하다,N3
이형용사,i_adjective,頼もしい,たのもしい,"믿음직하다, 듬직하다",頼もしい青年に成長する。,믿음직한 청년으로 성장하다.,,頼もしい 2016 たのもしい 믿음직하다,N3
이형용사,i_adjective,だるい,だるい,나른하다,風邪で体がだるい。,감기 때문에 몸이 나른하다.,,だるい 2013 だるい 나른하다,N3
이형용사,i_adjective,茶色い,ちゃいろい,갈색이다,茶色い帽子をかぶる。,갈색 모자를 쓰다.,,茶色い ちゃいろい 갈색이다,N3
이형용사,i_adjective,つらい,つらい,"괴롭다, 힘들다",練習がつらい。,연습이 힘들다.,,つらい つらい 괴롭다,N3
이형용사,i_adjective,とんでもない,とんでもない,터무니없다,とんでもない要求をする。,터무니없는 요구를 하다.,,とんでもない とんでもない 터무니없다,N3
이형용사,i_adjective,懐かしい,なつかしい,그립다,子供の頃が懐かしい。,어릴 적이 그립다.,,懐かしい 2012 なつかしい 그립다,N3
이형용사,i_adjective,憎い,にくい,밉다,犯人が憎い。,범인이 밉다.,,憎い にくい 밉다,N3
이형용사,i_adjective,激しい,はげしい,격렬하다,激しく戦う。,격렬하게 싸우다.,,激しい はげしい 격렬하다,N3
이형용사,i_adjective,細長い,ほそながい,"가늘고 길다, 갸름하다",細長い顔をしている。,갸름한 얼굴을 하고 있다.,,細長い ほそながい 가늘고 길다,N3
이형용사,i_adjective,貧しい,まずしい,"궁핍하다, 가난하다",暮らしが貧しい。,생활이 궁핍하다.,,貧しい 2010 まずしい 궁핍하다,N3
이형용사,i_adjective,緩い,ゆるい,"느슨하다, 완만하다",緩いカーブを曲がる。,완만한 커브를 돌다.,,緩い 2013 ゆるい 느슨하다,N3
이형용사,i_adjective,眩しい,まぶしい,눈부시다,太陽が眩しい。,태양이 눈부시다.,,眩しい 2017 まぶしい 눈부시다,N3
이형용사,i_adjective,醜い,みにくい,"못생기다, 보기 흉하다",醜い争いをする。,추악한 다툼을 하다.,,醜い みにくい 못생기다,N3
이형용사,i_adjective,蒸し暑い,むしあつい,무덥다,日本の夏は蒸し暑い。,일본의 여름은 무덥다.,,蒸し暑い むしあつい 무덥다,N3
이형용사,i_adjective,面倒くさい,めんどうくさい,귀찮다,返事を書くのが面倒くさい。,답장을 쓰는 것이 귀찮다.,,面倒くさい 2019 めんどうくさい 귀찮다,N3
이형용사,i_adjective,申し訳ない,もうしわけない,미안하다,時間に遅れて申し訳ない。,시간에 늦어서 미안하다.,,申し訳ない もうしわけない 미안하다,N3
이형용사,i_adjective,もったいない,もったいない,아깝다,時間がもったいない。,시간이 아깝다.,,もったいない もったいない 아깝다,N3
이형용사,i_adjective,やかましい,やかましい,"시끄럽다, 떠들썩하다",工事の音がやかましい。,공사하는 소리가 시끄럽다.,,やかましい やかましい 시끄럽다,N3
이형용사,i_adjective,やむを得ない,やむをえない,어쩔 수 없다,やむを得ない事情で欠席する。,어쩔 수 없는 사정으로 결석하다.,,やむを得ない 2016 やむをえない 어쩔 수 없다,N3
이형용사,i_adjective,若々しい,わかわかしい,"젊다, 젊어 보이다",あの人は若々しい。,저 사람은 젊어 보인다.,,若々しい わかわかしい 젊다,N3
나형용사,na_adjective,明らかな,あきらかな,명백한,失敗の責任を明らかにする。,실패의 책임을 명백히 하다.,,明らかな あきらかな 명백한,N3
나형용사,na_adjective,安易な,あんいな,안이한,人生を安易に考える。,인생을 안이하게 생각하다.,,安易な 2016 あんいな 안이한,N3
나형용사,na_adjective,いいかげんな,いいかげんな,"① 적당한, 알맞은 ② 무책임한",冗談もいいかげんにしなさい。 / 彼はいいかげんな人だ。,농담도 적당히 하세요. / 그는 무책임한 사람이다.,,"いいかげんな いいかげんな 적당한, 무책임한",N3
나형용사,na_adjective,意地悪な,いじわるな,심술궂은,意地悪な質問をする。,심술궂은 질문을 하다.,,意地悪な いじわるな 심술궂은,N3
나형용사,na_adjective,おかしな,おかしな,"이상한, 재미있는",おかしなことを言って人を笑わせる。,재미있는 말을 해서 사람을 웃게 하다.,,"おかしな 2019 おかしな 이상한, 재미있는",N3
나형용사,na_adjective,主な,おもな,"주된, 주요한",主なメンバーを紹介する。,주요 멤버를 소개하다.,,主な 2013 おもな 주요한,N3
나형용사,na_adjective,可能な,かのうな,가능한,実現可能な計画ではない。,실현 가능한 계획은 아니다.,,可能な かのうな 가능한,N3
나형용사,na_adjective,からからな,からからな,바싹바싹 (건조한 모습),のどがからからだ。,목이 몹시 마르다.,,からからな 2011 からからな 바싹바싹,N3
나형용사,na_adjective,がらがらな,がらがらな,텅텅 (빈 모습),電車はがらがらだった。,전철은 한산했다(텅 비어 있었다).,,がらがらな 2016 がらがらな 텅텅 빈,N3
나형용사,na_adjective,かわいそうな,かわいそうな,불쌍한,病気で動けない弟がかわいそうだ。,병으로 움직일 수 없는 남동생이 불쌍하다.,,かわいそうな 2018 かわいそうな 불쌍한,N3
나형용사,na_adjective,完全な,かんぜんな,완전한,実験は完全に失敗した。,실험은 완전히 실패했다.,,完全な かんぜんな 완전한,N3
나형용사,na_adjective,基本的な,きほんてきな,기본적인,基本的な権利を守る。,기본적인 권리를 지키다.,,基本的な きほんてきな 기본적인,N3
나형용사,na_adjective,気楽な,きらくな,"마음 편한, 태평한",気楽に暮らす。,마음 편하게 살다.,,気楽な きらくな 마음 편한,N3
나형용사,na_adjective,けちな,けちな,"인색한, 쩨쩨한",彼は金にけちだ。,그는 돈에 인색하다.,,けちな けちな 인색한,N3
나형용사,na_adjective,結構な,けっこうな,"괜찮은, 좋은, 훌륭한",今日は結構な天気だ。,오늘은 좋은 날씨다.,,"結構な けっこうな 괜찮은, 훌륭한",N3
나형용사,na_adjective,下品な,げひんな,"천박한, 상스러운, 품위 없는",言葉づかいが下品だ。,말씨가 상스럽다.,,下品な げひんな 천박한,N3
나형용사,na_adjective,様々な,さまざまな,"여러 가지, 다양한",様々な方法がある。,다양한 방법이 있다.,,様々な さまざまな 다양한,N3
나형용사,na_adjective,幸せな,しあわせな,행복한,幸せに暮らす。,행복하게 살다.,,幸せな しあわせな 행복한,N3
나형용사,na_adjective,失礼な,しつれいな,"실례가 되는, 무례한",失礼なことを言う。,실례가 되는 말을 하다.,,失礼な しつれいな 실례가 되는,N3
나형용사,na_adjective,自動的な,じどうてきな,자동적인,このドアは自動的に閉まる。,이 문은 자동적으로 닫힌다.,,自動的な 2018 じどうてきな 자동적인,N3
나형용사,na_adjective,地味な,じみな,"수수한, 소박한",地味な色の服を着る。,수수한 색의 옷을 입다.,,地味な じみな 수수한,N3
나형용사,na_adjective,自由な,じゆうな,자유로운,自由な時間を持つ。,자유로운 시간을 갖다.,,自由な じゆうな 자유로운,N3
나형용사,na_adjective,重要な,じゅうような,중요한,これは重要な書類である。,이것은 중요한 서류이다.,,重要な じゅうような 중요한,N3
나형용사,na_adjective,消極的な,しょうきょくてきな,소극적인,消極的な回答をする。,소극적인 대답을 하다.,,消極的な しょうきょくてきな 소극적인,N3
나형용사,na_adjective,正直な,しょうじきな,"솔직한, 정직한",すべてを正直に話してください。,모든 것을 솔직하게 이야기해 주세요.,,正直な 2011 しょうじきな 솔직한,N3
나형용사,na_adjective,上品な,じょうひんな,"고상한, 품위 있는",上品な言葉を使う。,고상하게 말하다(품위 있는 말을 쓰다).,,上品な 2019 じょうひんな 고상한,N3
나형용사,na_adjective,新鮮な,しんせんな,신선한,新鮮な野菜を食べる。,신선한 채소를 먹다.,,新鮮な 2015 しんせんな 신선한,N3
나형용사,na_adjective,すてきな,すてきな,"멋있는, 근사한",すてきな洋服を着ている。,멋진 양복을 입고 있다.,,すてきな すてきな 멋있는,N3
나형용사,na_adjective,素直な,すなおな,"순진한, 온순한, 순순한",アドバイスを素直に聞く。,충고를 순순히 듣다.,,"素直な すなおな 순진한, 솔직한",N3
나형용사,na_adjective,正確な,せいかくな,정확한,正確な意味を辞書で調べる。,정확한 의미를 사전으로 조사하다.,,正確な せいかくな 정확한,N3
나형용사,na_adjective,清潔な,せいけつな,청결한,子供に清潔な衣服を着せる。,아이에게 청결한 의복을 입히다.,,清潔な 2019 せいけつな 청결한,N3
나형용사,na_adjective,正常な,せいじょうな,정상적인,機械が正常に動く。,기계가 정상적으로 움직이다.,,正常な 2017 せいじょうな 정상적인,N3
나형용사,na_adjective,積極的な,せっきょくてきな,적극적인,積極的に発言する。,적극적으로 발언하다.,,積極的な 2018 せっきょくてきな 적극적인,N3
나형용사,na_adjective,そっくりな,そっくりな,꼭 빼닮은,お父さんにそっくりだ。,아버지와 꼭 닮았다.,,そっくりな 2017 そっくりな 꼭 빼닮은,N3
나형용사,na_adjective,代表的な,だいひょうてきな,대표적인,これはこの地域の代表的な食べ物だ。,이것은 이 지역의 대표적인 음식이다.,,代表的な 2015 だいひょうてきな 대표적인,N3
나형용사,na_adjective,確かな,たしかな,확실한,確かな情報はまだない。,확실한 정보는 아직 없다.,,確かな 2018 たしかな 확실한,N3
나형용사,na_adjective,短気な,たんきな,성급한,自分の短気な性格を直したい。,자신의 성급한 성격을 고치고 싶다.,,短気な 2015 たんきな 성급한,N3
나형용사,na_adjective,単純な,たんじゅんな,단순한,単純なミスで事故が起こる。,단순한 실수로 사고가 일어나다.,,単純な 2010 たんじゅんな 단순한,N3
나형용사,na_adjective,適当な,てきとうな,적당한,紙を適当な大きさに切る。,종이를 적당한 크기로 자르다.,,適当な てきとうな 적당한,N3
나형용사,na_adjective,得意な,とくいな,"자신 있는, 능숙한, 잘하는",姉はピアノが得意だ。,언니(누나)는 피아노를 잘 친다.,,得意な 2018 とくいな 자신 있는,N3
나형용사,na_adjective,なだらかな,なだらかな,완만한,なだらかな坂が続く。,완만한 비탈길이 이어지다.,,なだらかな 2016 なだらかな 완만한,N3
나형용사,na_adjective,苦手な,にがてな,"서툰, 자신 없는",料理が苦手だ。,요리가 서툴다.,,苦手な にがてな 서툰,N3
나형용사,na_adjective,熱心な,ねっしんな,열심인,熱心に勉強する。,열심히 공부하다.,,熱心な 2019 ねっしんな 열심인,N3
나형용사,na_adjective,派手な,はでな,화려한,部屋を派手に飾る。,방을 화려하게 장식하다.,,派手な はでな 화려한,N3
나형용사,na_adjective,不安な,ふあんな,불안한,将来が不安だ。,장래가 불안하다.,,不安な 2016 ふあんな 불안한,N3
나형용사,na_adjective,不可能な,ふかのうな,불가능한,それは不可能なことではない。,그것은 불가능한 일이 아니다.,,不可能な ふかのうな 불가능한,N3
나형용사,na_adjective,不思議な,ふしぎな,"이상한, 희한한, 불가사의한",不思議な夢を見る。,이상한 꿈을 꾸다.,,不思議な ふしぎな 이상한,N3
나형용사,na_adjective,不自由な,ふじゆうな,"부자유스러운, 불편한",体の不自由な人を助ける。,몸이 불편한 사람을 돕다.,,不自由な ふじゆうな 부자유스러운,N3
나형용사,na_adjective,平気な,へいきな,"태연한, 아무렇지 않은",平気でうそをつく。,아무렇지 않게 거짓말을 하다.,,平気な へいきな 태연한,N3
나형용사,na_adjective,平凡な,へいぼんな,평범한,毎日平凡に暮らす。,매일 평범하게 지내다.,,平凡な へいぼんな 평범한,N3
나형용사,na_adjective,変な,へんな,이상한,この薬は変なにおいがする。,이 약은 이상한 냄새가 난다.,,変な 2014 へんな 이상한,N3
나형용사,na_adjective,真っ赤な,まっかな,새빨간,顔を真っ赤にして怒る。,얼굴이 새빨개져서 화를 내다.,,真っ赤な まっかな 새빨간,N3
나형용사,na_adjective,真っ暗な,まっくらな,아주 캄캄한,真っ暗な道を歩く。,아주 캄캄한 길을 걷다.,,真っ暗な まっくらな 아주 캄캄한,N3
나형용사,na_adjective,真っ黒な,まっくろな,"새까만, 시꺼먼",真っ黒に日焼けする。,새까맣게 햇볕에 타다.,,真っ黒な まっくろな 새까만,N3
나형용사,na_adjective,真っ青な,まっさおな,새파란,顔が真っ青になる。,얼굴이 새파랗게 되다.,,真っ青な まっさおな 새파란,N3
나형용사,na_adjective,真っ白な,まっしろな,새하얀,洗濯して真っ白になる。,세탁을 하여 새하얗게 되다.,,真っ白な まっしろな 새하얀,N3
나형용사,na_adjective,夢中な,むちゅうな,열중하는,ゲームに夢中になる。,게임에 열중하다.,,夢中な むちゅうな 열중하는,N3
나형용사,na_adjective,明確な,めいかくな,명확한,明確には答えられない。,명확하게는 대답할 수 없다.,,明確な めいかくな 명확한,N3
나형용사,na_adjective,明白な,めいはくな,명백한,彼が犯人であることは明白だ。,그가 범인인 것은 명백하다.,,明白な めいはくな 명백한,N3
나형용사,na_adjective,面倒な,めんどうな,"번거로운, 귀찮은",出かけるのは面倒だ。,외출하는 것은 귀찮다.,,面倒な めんどうな 번거로운,N3
나형용사,na_adjective,豊かな,ゆたかな,"풍부한, 풍족한, 풍요로운",豊かな生活をする。,풍족한 생활을 하다.,,豊かな 2018 ゆたかな 풍부한,N3
나형용사,na_adjective,楽な,らくな,"편한, 쉬운",この仕事は楽ではない。,이 일은 쉽지 않다.,,楽な 2011 らくな 편한,N3
나형용사,na_adjective,利口な,りこうな,"영리한, 머리가 좋은",犬は利口な動物だ。,개는 영리한 동물이다.,,利口な 2018 りこうな 영리한,N3
나형용사,na_adjective,冷静な,れいせいな,"냉정한, 침착한",冷静な態度で話す。,냉정한 태도로 이야기하다.,,冷静な れいせいな 냉정한,N3
부사,adv,相変わらず,あいかわらず,"변함없이, 여전히",相変わらず忙しい。,변함없이 바쁘다.,,相変わらず 2015 あいかわらず 변함없이,N3
부사,adv,あっという間に,あっというまに,눈 깜짝할 사이에,夏休みもあっという間に終わった。,여름휴가도 눈 깜짝할 사이에 끝났다.,,あっという間に あっというまに 눈 깜짝할 사이에,N3
부사,adv,あれこれ,あれこれ,"이것저것, 여러 가지",あれこれやってみる。,이것저것 해 보다.,,あれこれ 이것저것,N3
부사,adv,案外,あんがい,"의외로, 뜻밖에, 예상외로",心配していたが、テストは案外簡単だった。,"걱정하고 있었는데, 테스트는 의외로 간단했다.",,案外 あんがい 의외로,N3
부사,adv,意外に,いがいに,"의외로, 뜻밖에, 예상외로",意外に難しい。,의외로 어렵다.,,意外に 2018 いがいに 의외로,N3
부사,adv,生き生き,いきいき,"생기있게, 활기차게",生き生きとした表情をする。,생기있는 표정을 짓다.,,生き生き 2013 いきいき 생기있게,N3
부사,adv,いきなり,いきなり,갑자기,いきなり怒り出す。,갑자기 화를 내기 시작하다.,,いきなり 갑자기,N3
부사,adv,一気に,いっきに,"단숨에, 단번에",一気に階段を駆け上がる。,단숨에 계단을 뛰어오르다.,,一気に いっきに 단숨에,N3
부사,adv,一生懸命,いっしょうけんめい,열심히,一生懸命働く。,열심히 일하다.,,一生懸命 2013 いっしょうけんめい 열심히,N3
부사,adv,一斉に,いっせいに,"일제히, 한꺼번에, 동시에",一斉に出発する。,일제히 출발하다.,,一斉に 2017 いっせいに 일제히,N3
부사,adv,いつの間にか,いつのまにか,어느 새인가,雨はいつの間にか止んでいた。,비는 어느 새인가 그쳐 있었다.,,いつの間にか いつのまにか 어느 새인가,N3
부사,adv,一般に,いっぱんに,일반적으로,一般に女性のほうが長生きする。,일반적으로 여성 쪽이 장수한다.,,一般に 2014 いっぱんに 일반적으로,N3
부사,adv,今にも,いまにも,"당장에라도, 이제라도, 금방",今にも雨が降り出しそうだ。,당장에라도 비가 내릴 것 같다.,,今にも いまにも 당장에라도,N3
부사,adv,いらいら,いらいら,"안절부절못하는 모습, 초조해함",渋滞で車が進まず、いらいらした。,"정체로 차가 앞으로 나아가지 않아, 초조했다.",,いらいら 안절부절못하는 모습,N3
부사,adv,うっかり,うっかり,"무심코, 깜빡",うっかりしゃべってしまう。,무심코 말해 버리다.,,うっかり 2018 うっかり 무심코,N3
부사,adv,うろうろ,うろうろ,어슬렁어슬렁,怪しい男がうろうろしている。,수상한 남자가 어슬렁대고 있다.,,うろうろ 2019 うろうろ 어슬렁어슬렁,N3
부사,adv,大いに,おおいに,"대단히, 크게, 매우",大いに喜ぶ。,크게 기뻐하다.,,大いに おおいに 대단히,N3
부사,adv,お先に,おさきに,먼저,お先に失礼します。,먼저 실례하겠습니다.,,お先に おさきに 먼저,N3
부사,adv,思わず,おもわず,"무심코, 엉겁결에, 저도 모르게",思わず笑ってしまった。,무심코 웃어 버렸다.,,思わず おもわず 무심코,N3
부사,adv,およそ,およそ,"대략, 대충",駅からおよそ20分かかる。,역에서 대략 20분 걸린다.,,およそ およそ 대략,N3
부사,adv,がっかり,がっかり,실망하는 모양,受験に失敗してがっかりする。,수험에 실패하여 실망하다.,,がっかり 2016 がっかり 실망하는 모양,N3
부사,adv,必ずしも,かならずしも,반드시 (~ない가 뒤따름),よい本が必ずしも売れるとは限らない。,좋은 책이 반드시 팔린다고는 할 수 없다.,,必ずしも かならずしも 반드시,N3
부사,adv,きちんと,きちんと,"제대로, 말끔하게",部屋をきちんと片付けなさい。,방을 말끔하게 치워라.,,きちんと きちんと 제대로,N3
부사,adv,ぎっしり,ぎっしり,"가득, 빽빽이",箱に本をぎっしり詰める。,상자에 책을 가득 채우다.,,ぎっしり ぎっしり 가득,N3
부사,adv,急に,きゅうに,갑자기,急に車が止まる。,갑자기 차가 멈추다.,,急に きゅうに 갑자기,N3
부사,adv,ぎりぎり,ぎりぎり,"빠듯하게, 아슬아슬",ぎりぎり終電に間に合う。,빠듯하게 막차 시간에 도착하다.,,ぎりぎり 2017 ぎりぎり 빠듯하게,N3
부사,adv,ぐっすり,ぐっすり,푹 (깊이 잠든 모습),ぐっすり眠る。,푹 자다.,,ぐっすり ぐっすり 푹,N3
부사,adv,こっそり,こっそり,"몰래, 살짝",こっそりと室内に入る。,몰래 실내에 들어가다.,,こっそり こっそり 몰래,N3
부사,adv,ごろごろ,ごろごろ,① 데굴데굴 ② 빈둥빈둥,岩がごろごろ転がっている。 / 一日中家でごろごろしている。,바위가 데굴데굴 구르고 있다. / 하루종일 집에서 빈둥거리고 있다.,,"ごろごろ ごろごろ 데굴데굴, 빈둥빈둥",N3
부사,adv,さっさと,さっさと,"빨리, 서둘러",さっさと家へ帰る。,서둘러 집으로 돌아가다.,,さっさと さっさと 빨리,N3
부사,adv,早速,さっそく,"즉시, 당장",早速返事を出した。,즉시 답장을 보냈다.,,早速 2019 さっそく 즉시,N3
부사,adv,ざっと,ざっと,"대충, 대략",ざっと説明する。,대충 설명하다.,,ざっと ざっと 대충,N3
부사,adv,さっぱり,さっぱり,"① 산뜻하게, 후련하게 ② 전혀 (~ない가 뒤따름)",風呂に入ってさっぱりする。 / さっぱり分からない。,목욕을 해서 개운하다. / 전혀 모르겠다.,,"さっぱり さっぱり 산뜻하게, 전혀",N3
부사,adv,しいんと,しいんと,"조용하게, 고요하게",教室はしいんとなった。,교실은 조용해졌다.,,しいんと しいんと 조용하게,N3
부사,adv,次第に,しだいに,"점차, 차츰",次第に寒くなる。,차츰 추워진다.,,次第に 2015 しだいに 점차,N3
부사,adv,じっと,じっと,"잠자코, 가만히, 물끄러미",じっと動かないでいる。,가만히 움직이지 않고 있다.,,じっと じっと 가만히,N3
부사,adv,実は,じつは,"실은, 사실은",実はお願いがあります。,실은 부탁이 있습니다.,,実は じつは 실은,N3
부사,adv,しばらく,しばらく,"잠시, 당분간, 얼마 동안",しばらく友達に会っていない。,얼마동안 친구를 만나지 않았다.,,しばらく 2018 しばらく 잠시,N3
부사,adv,しみじみ,しみじみ,"절실히, 곰곰이",親のありがたさをしみじみと感じる。,부모의 고마움을 절실히 느낀다.,,しみじみ しみじみ 절실히,N3
부사,adv,少々,しょうしょう,"조금, 잠깐",少々疲れた。,조금 지쳤다.,,少々 しょうしょう 조금,N3
부사,adv,徐々に,じょじょに,"서서히, 조금씩, 천천히",徐々にスピードを上げる。,서서히 스피드를 올리다.,,徐々に じょじょに 서서히,N3
부사,adv,少なくとも,すくなくとも,적어도,費用は少なくとも100万円はかかる。,비용은 적어도 100만 엔은 든다.,,少なくとも すくなくとも 적어도,N3
부사,adv,少しも,すこしも,"조금도, 전혀",少しも寒くない。,조금도 춥지 않다.,,少しも すこしも 조금도,N3
부사,adv,すでに,すでに,"이미, 벌써",会議はすでに終わっていた。,회의는 벌써 끝나 있었다.,,すでに すでに 이미,N3
부사,adv,絶対に,ぜったいに,"절대로, 꼭",用事があっても絶対に行く。,무슨 일이 있어도 꼭 가겠다.,,絶対に 2012 ぜったいに 절대로,N3
부사,adv,ぜひ,ぜひ,꼭,ぜひ参加してください。,꼭 참가해 주세요.,,ぜひ 2019 ぜひ 꼭,N3
부사,adv,相当,そうとう,상당히,彼は相当勉強したようだ。,그는 상당히 공부한 것 같다.,,相当 そうとう 상당히,N3
부사,adv,続々,ぞくぞく,"잇달아, 속속",注文が続々来る。,주문이 잇달아 들어오다.,,続々 ぞくぞく 잇달아,N3
부사,adv,そっと,そっと,"살짝, 몰래, 조용히, 가만히",そっと涙をふく。,몰래 눈물을 닦다.,,そっと 2017 そっと 살짝,N3
부사,adv,それぞれ,それぞれ,"각각, 각자, 각기",それぞれ値段が違う。,각각 가격이 다르다.,,それぞれ それぞれ 각각,N3
부사,adv,大して,たいして,"그다지, 별로",大して難しくない。,그다지 어렵지 않다.,,大して たいして 그다지,N3
부사,adv,互いに,たがいに,서로,互いに助け合う。,서로 돕다.,,互いに たがいに 서로,N3
부사,adv,多少,たしょう,"다소, 조금",多少遅れるかもしれない。,다소 늦을지도 모른다.,,多少 2018 たしょう 다소,N3
부사,adv,たっぷり,たっぷり,"충분히, 듬뿍, 잔뜩",パンにジャムをたっぷり塗る。,빵에 잼을 듬뿍 바른다.,,たっぷり たっぷり 충분히,N3
부사,adv,たまたま,たまたま,"우연히, 때마침",たまたま駅で昔の友達に会った。,우연히 역에서 옛 친구를 만났다.,,たまたま たまたま 우연히,N3
부사,adv,単に,たんに,"단지, 다만",単に君だけの問題ではない。,단지 너만의 문제는 아니다.,,単に たんに 단지,N3
부사,adv,ちゃんと,ちゃんと,"단정하게, 훌륭히",ちゃんとした服装をする。,단정한 복장을 하다.,,ちゃんと ちゃんと 단정하게,N3
부사,adv,つい,つい,"그만, 무심코",ついしゃべってしまう。,무심코 말해 버리다.,,"つい つい 그만, 무심코",N3
부사,adv,ついに,ついに,"마침내, 끝내",ついに完成した。,마침내 완성했다.,,ついに ついに 마침내,N3
부사,adv,次々,つぎつぎ,"차례차례로, 잇달아",次々と作品を発表する。,차례차례로 작품을 발표하다.,,次々 つぎつぎ 차례차례로,N3
부사,adv,常に,つねに,"언제나, 늘, 항상",常に努力する。,항상 노력하다.,,常に 2016 つねに 항상,N3
부사,adv,できれば,できれば,"할 수 있으면, 가능하면",できれば午前中に来てほしい。,가능하면 오전 중에 왔으면 좋겠다.,,できれば できれば 가능하면,N3
부사,adv,同時に,どうじに,동시에,同時に出発する。,동시에 출발하다.,,同時に どうじに 동시에,N3
부사,adv,どきどき,どきどき,"두근두근, 두근거림",胸がどきどきする。,가슴이 두근거리다.,,どきどき どきどき 두근두근,N3
부사,adv,突然,とつぜん,"돌연, 갑자기",赤ちゃんが突然泣き出した。,아기가 갑자기 울기 시작했다.,,突然 2019 とつぜん 갑자기,N3
부사,adv,ながなが,ながなが,"길게, 장황하게",ながながとしゃべる。,장황하게 말하다.,,ながなが ながなが 길게,N3
부사,adv,にっこり,にっこり,"생긋, 방긋",にっこり笑う。,생긋 웃다.,,にっこり 2018 にっこり 생긋,N3
부사,adv,のろのろ,のろのろ,느릿느릿,のろのろと歩く。,느릿느릿 걷다.,,のろのろ のろのろ 느릿느릿,N3
부사,adv,のんびり,のんびり,"한가롭게, 여유롭게",のんびりと暮らす。,여유롭게 살다.,,のんびり 2016 のんびり 한가롭게,N3
부사,adv,はきはき,はきはき,"시원시원, 또렷또렷",質問にはきはきと答える。,질문에 또박또박 대답하다.,,はきはき はきはき 시원시원,N3
부사,adv,ばったり,ばったり,"딱, 우연히",バス停でばったり先生に会った。,버스정류장에서 우연히 선생님을 만났다.,,ばったり ばったり 우연히,N3
부사,adv,早めに,はやめに,"빨리, 일찌감치",早めに家を出る。,일찌감치 집을 나서다.,,早めに 2010 はやめに 빨리,N3
부사,adv,ぴかぴか,ぴかぴか,"반짝반짝, 번쩍번쩍",靴をぴかぴかに磨く。,구두를 반짝반짝하게 닦다.,,ぴかぴか ぴかぴか 반짝반짝,N3
부사,adv,ぴったり,ぴったり,"딱, 꼭",窓をぴったりと閉める。,창을 꼭 닫다.,,ぴったり 2015 ぴったり 딱,N3
부사,adv,ふらふら,ふらふら,"휘청휘청, 비틀비틀",熱でふらふらする。,열이 있어서 비틀비틀하다.,,ふらふら 2014 ふらふら 비틀비틀,N3
부사,adv,ぶらぶら,ぶらぶら,① 어슬렁어슬렁 ② 빈들빈들,近所をぶらぶらと散歩する。/ 家でぶらぶらする。,근처를 어슬렁어슬렁 산책하다. / 집에서 빈둥거리다.,,ぶらぶら 2011 ぶらぶら 어슬렁어슬렁,N3
부사,adv,別に,べつに,"별로, 딱히",そうなっても別に困らない。,그렇게 되어도 딱히 곤란하지 않다.,,別に べつに 별로,N3
부사,adv,別々,べつべつ,따로 따로,別々に包む。,따로 따로 포장하다.,,別々 べつべつ 따로 따로,N3
부사,adv,ほっと,ほっと,안심하는 모양,その知らせを聞いてほっとした。,그 소식을 듣고 안심했다.,,ほっと 2016 ほっと 안심,N3
부사,adv,まごまご,まごまご,"우물쭈물, 갈팡질팡",出口が分からずまごまごする。,출구를 몰라 우물쭈물하다.,,まごまご 우물쭈물,N3
부사,adv,まさか,まさか,설마,まさか失敗するとは思わなかった。,설마 실패하리라고는 생각하지 않았다.,,まさか 설마,N3
부사,adv,もしかすると,もしかすると,어쩌면,もしかすると彼は来ないかもしれない。,어쩌면 그는 오지 않을지도 모른다.,,もしかすると 어쩌면,N3
부사,adv,最も,もっとも,"가장, 제일",この山が最も高い。,이 산이 가장 높다.,,最も もっとも 가장,N3
부사,adv,ようやく,ようやく,"간신히, 마침내",ようやく完成した。,마침내 완성되었다.,,ようやく 2018 ようやく 마침내,N3
부사,adv,わざと,わざと,일부러,わざと壊す。,일부러 고장내다.,,わざと 2016 わざと 일부러,N3
기타,other,こうして,こうして,이렇게 해서 (접속사),こうして彼は社長になった。,이렇게 해서 그는 사장이 되었다.,,こうして こうして こうして彼は社長になった。这样他成了总经理。,N3
기타,other,そして,そして,그리고 (접속사),高校を卒業し、そして大学に入った。,"고등학교를 졸업하고, 그리고 대학에 들어갔다.",,そして そして 高校を卒業し、そして大学に入った。高中毕业，然后上了大学。,N3
기타,other,大した,たいした,대단한 (연체사),大した人物だ。,대단한 인물이다.,,大した たいした 大した人物だ。了不起的人物。,N3
기타,other,だが,だが,하지만 (접속사),失敗した。だが成果もある。,실패했다. 하지만 성과도 있다.,,だが だが 失敗した。だが成果もある。失败了。但是也有成果。,N3
기타,other,だけど,だけど,그렇지만 (접속사),話はよく分かった。だけど賛成はできない。,이야기는 잘 알겠다. 하지만 찬성은 할 수 없다.,,だけど だけど 話はよく分かった。だけど賛成はできない。话我都懂了。但是我不能赞成。,N3
기타,other,ようこそ,ようこそ,어서 오십시오 (인사말),韓国にようこそ。,한국에 어서 오십시오(한국에 잘 오셨습니다).,,ようこそ ようこそ 韓国にようこそ。欢迎来到韩国。,N3
기타,other,~割,~わり,~할(%) (조수사),今日だけ2割引きで販売します。,오늘만 20% 할인으로 판매합니다.,,~割 ~わり 今日だけ2割引きで販売します。只在今天打八折出售。,N3
가타카나,katakana,アイスクリーム,あいすくりーむ,아이스크림,アイスクリームは甘くておいしい。,아이스크림은 달고 맛있다.,,アイスクリーム あいすくりーむ アイスクリームは甘くておいしい。,N3
가타카나,katakana,アウト,あうと,"아웃, 실패, 실격",今回の試験は完全にアウトだ。,이번 시험은 완전히 실패다.,,アウト あうと 今回の試験は完全にアウトだ。,N3
가타카나,katakana,アドバイス,あどばいす,"어드바이스, 충고",友人としてアドバイスをする。,친구로서 충고를 하다.,,アドバイス 2016 あどばいす 友人としてアドバイスをする。,N3
가타카나,katakana,アドレス,あどれす,주소,メールアドレスを変更する。,메일 주소를 변경하다.,,アドレス あどれす メールアドレスを変更する。,N3
가타카나,katakana,アナウンス,あなうんす,"아나운스, 방송",電車の到着時刻をアナウンスする。,전철의 도착 시각을 안내하다.,,アナウンス あなうんす 電車の到着時刻をアナウンスする。,N3
가타카나,katakana,アマチュア,あまちゅあ,아마추어,アマチュア写真家として活動する。,아마추어 사진가로서 활동하다.,,アマチュア あまちゅあ アマチュア写真家として活動する。,N3
가타카나,katakana,アルバム,あるばむ,앨범,アルバムに写真を入れる。,앨범에 사진을 넣다.,,アルバム あるばむ アルバムに写真を入れる。,N3
가타카나,katakana,アルミホイル,あるみほいる,알루미늄 호일,アルミホイルを敷いて魚を焼く。,알루미늄 호일을 깔고 생선을 굽다.,,アルミホイル あるみほいる アルミホイルを敷いて魚を焼く。,N3
가타카나,katakana,アレルギー,あれるぎー,"알레르기, 거부 반응",アレルギーを起こす。,알레르기를 일으키다.,,アレルギー あれるぎー アレルギーを起こす。,N3
가타카나,katakana,アンケート,あんけーと,"앙케트, 설문 조사",アンケートをとる。,설문 조사를 하다.,,アンケート あんけーと アンケートをとる。,N3
가타카나,katakana,アンテナ,あんてな,안테나,室内アンテナを設置する。,실내 안테나를 설치하다.,,アンテナ あんてな 室内アンテナを設置する。,N3
가타카나,katakana,イコール,いこーる,"이퀄, 같음",二つはイコールではない。,이 두 가지는 같지 않다.,,イコール いこーる 二つはイコールではない。,N3
가타카나,katakana,イメージ,いめーじ,이미지,会社のイメージがよくなる。,회사의 이미지가 좋아지다.,,イメージ 2016 いめーじ 会社のイメージがよくなる。,N3
가타카나,katakana,インク,いんく,잉크,赤いインクで書く。,빨간 잉크로 쓰다.,,インク いんく 赤いインクで書く。,N3
가타카나,katakana,インスタント,いんすたんと,인스턴트,インスタント食品をよく食べる。,인스턴트 식품을 자주 먹는다.,,インスタント いんすたんと インスタント食品をよく食べる。,N3
가타카나,katakana,インターネット,いんたーねっと,인터넷,インターネットで調べる。,인터넷으로 조사하다.,,インターネット いんたーねっと インターネットで調べる。,N3
가타카나,katakana,インタビュー,いんたびゅー,인터뷰,市長にインタビューする。,시장에게 인터뷰하다.,,インタビュー いんたびゅー 市長にインタビューする。,N3
가타카나,katakana,ウイルス,ういるす,바이러스,ほとんどの風邪はウイルスが原因である。,대부분의 감기는 바이러스가 원인이다.,,ウイルス ういるす ほとんどの風邪はウイルスが原因である。,N3
가타카나,katakana,エネルギー,えねるぎー,에너지,エネルギーを大切に使う。,에너지를 소중히 사용하다.,,エネルギー 2018 えねるぎー エネルギーを大切に使う。,N3
가타카나,katakana,エンジン,えんじん,엔진,車のエンジンがかからない。,차의 엔진이 걸리지 않는다(시동이 걸리지 않는다).,,エンジン えんじん 車のエンジンがかからない。,N3
가타카나,katakana,オフィス,おふぃす,"오피스, 사무실",東京はオフィスが多い。,도쿄는 사무실이 많다.,,オフィス おふぃす 東京はオフィスが多い。,N3
가타카나,katakana,オペラ,おぺら,오페라,オペラ歌手になりたい。,오페라 가수가 되고 싶다.,,オペラ おぺら オペラ歌手になりたい。,N3
가타카나,katakana,カード,かーど,카드,カードにメッセージを書く。,카드에 메시지를 쓰다.,,カード かーど カードにメッセージを書く。,N3
가타카나,katakana,カーナビ,かーなび,카 내비게이션,カーナビで道を探す。,카내비게이션으로 길을 찾다.,,カーナビ かーなび カーナビで道を探す。,N3
가타카나,katakana,カーブ,かーぶ,커브,急カーブを曲がる。,급커브를 돌다.,,カーブ 2011 かーぶ 急カーブを曲がる。,N3
가타카나,katakana,カーペット,かーぺっと,카페트,部屋にカーペットを敷く。,방에 카페트를 깔다.,,カーペット かーぺっと 部屋にカーペットを敷く。,N3
가타카나,katakana,カタログ,かたろぐ,카탈로그,車のカタログをもらってきた。,자동차의 카탈로그를 받아 왔다.,,カタログ 2010 かたろぐ 車のカタログをもらってきた。,N3
가타카나,katakana,カバー,かばー,커버,本にカバーをかける。,책에 커버를 씌우다.,,カバー かばー 本にカバーをかける。,N3
가타카나,katakana,カラー,からー,"컬러, 색, 색깔",花にはたくさんのカラーがある。,꽃에는 다양한 색깔이 있다.,,カラー からー 花にはたくさんのカラーがある。,N3
가타카나,katakana,カロリー,かろりー,칼로리,カロリーを取りすぎる。,칼로리를 과도하게 섭취하다.,,カロリー かろりー カロリーを取りすぎる。,N3
가타카나,katakana,カンニング,かんにんぐ,"컨닝, 부정행위",テストでカンニングをする。,시험에서 컨닝을 하다.,,カンニング かんにんぐ テストでカンニングをする。,N3
가타카나,katakana,キャンセル,きゃんせる,"캔슬, 취소",予約をキャンセルする。,예약을 취소하다.,,キャンセル きゃんせる 予約をキャンセルする。,N3
가타카나,katakana,キャンパス,きゃんぱす,"캠퍼스, 교정",この大学のキャンパスは広い。,이 대학의 캠퍼스는 넓다.,,キャンパス きゃんぱす この大学のキャンパスは広い。,N3
가타카나,katakana,キャンプ,きゃんぷ,"캠프, 캠핑",夏休みに山でキャンプする。,여름 방학에 산에서 캠핑하다.,,キャンプ きゃんぷ 夏休みに山でキャンプする。,N3
가타카나,katakana,クイズ,くいず,퀴즈,クイズを出す。,퀴즈를 내다.,,クイズ くいず クイズを出す。,N3
가타카나,katakana,クーラー,くーらー,"쿨러, 냉방기",クーラーで冷えすぎた。,쿨러 때문에 너무 차가워졌다.,,クーラー くーらー クーラーで冷えすぎた。,N3
가타카나,katakana,クラスメート,くらすめーと,"클래스메이트, 동급생",クラスメートと仲よくなる。,동급생과 사이가 좋아지다.,,クラスメート くらすめーと クラスメートと仲よくなる。,N3
가타카나,katakana,クリーニング,くりーにんぐ,세탁,シャツをクリーニングに出す。,셔츠를 세탁하도록 맡기다.,,クリーニング くりーにんぐ シャツをクリーニングに出す。,N3
가타카나,katakana,クリック,くりっく,클릭,マウスをクリックする。,마우스를 클릭하다.,,クリック くりっく マウスをクリックする。,N3
가타카나,katakana,グループ,ぐるーぷ,"그룹, 모둠",三つのグループに分けて調査する。,세 그룹으로 나누어 조사하다.,,グループ 2018 ぐるーぷ 三つのグループに分けて調査する。,N3
가타카나,katakana,ケース,けーす,"케이스, 상자",ケースに入れる。,케이스에 넣다.,,ケース けーす ケースに入れる。,N3
가타카나,katakana,コンビニ,こんびに,편의점,コンビニでお弁当を買う。,편의점에서 도시락을 사다.,,コンビニ こんびに コンビニでお弁当を買う。,N3
가타카나,katakana,サービス,さーびす,서비스,あの店はサービスがいい。,저 가게는 서비스가 좋다.,,サービス さーびす あの店はサービスがいい。,N3
가타카나,katakana,サイズ,さいず,"사이즈, 크기",ズボンのサイズが合わない。,바지 사이즈가 맞지 않는다.,,サイズ 2013 さいず ズボンのサイズが合わない。,N3
가타카나,katakana,サッカー,さっかー,축구,友達とサッカーを見に行く。,친구와 축구를 보러 가다.,,サッカー さっかー 友達とサッカーを見に行く。,N3
가타카나,katakana,サラリーマン,さらりーまん,"샐러리맨, 회사원",兄はサラリーマンです。,형(오빠)은 회사원입니다.,,サラリーマン さらりーまん 兄はサラリーマンです。,N3
가타카나,katakana,ショップ,しょっぷ,"숍, 상점, 가게",フラワーショップでアルバイトをする。,꽃집에서 아르바이트를 하다.,,ショップ しょっぷ フラワーショップでアルバイトをする。,N3
가타카나,katakana,スカーフ,すかーふ,스카프,スカーフを首に巻く。,스카프를 목에 감다.,,スカーフ すかーふ スカーフを首に巻く。,N3
가타카나,katakana,スクール,すくーる,"스쿨, 학교",英会話スクールに通っている。,영어회화 스쿨에 다니고 있다.,,スクール すくーる 英会話スクールに通っている。,N3
가타카나,katakana,スケート,すけーと,스케이트,冬はよくスケートに行く。,겨울에는 자주 스케이트를 타러 간다.,,スケート すけーと 冬はよくスケートに行く。,N3
가타카나,katakana,スケジュール,すけじゅーる,"스케줄, 일정",旅行のスケジュールを立てる。,여행 스케줄을 세우다.,,スケジュール 2017 すけじゅーる 旅行のスケジュールを立てる。,N3
가타카나,katakana,スタイル,すたいる,"스타일, 몸매, 모양, 양식",彼女はスタイルがいい。,그녀는 스타일이 좋다.,,スタイル すたいる 彼女はスタイルがいい。,N3
가타카나,katakana,ストーリー,すとーりー,"스토리, 이야기, 줄거리",小説のストーリーを話す。,소설의 스토리를 이야기하다.,,ストーリー すとーりー 小説のストーリーを話す。,N3
가타카나,katakana,ストップ,すとっぷ,"스톱, 정지",台風で電車がストップする。,태풍으로 전철이 멈추다.,,ストップ すとっぷ 台風で電車がストップする。,N3
가타카나,katakana,ストレス,すとれす,스트레스,ストレスがたまる。,스트레스가 쌓이다.,,ストレス すとれす ストレスがたまる。,N3
가타카나,katakana,セール,せーる,세일,冬のセールでコートを買った。,겨울 세일에서 코트를 샀다.,,セール せーる 冬のセールでコートを買った。,N3
가타카나,katakana,センター,せんたー,센터,サービスセンターでカメラを修理してもらう。,서비스 센터에서 카메라를 수리받다.,,センター せんたー サービスセンターでカメラを修理してもらう。,N3
가타카나,katakana,ソース,そーす,소스,ソースをかけて食べる。,소스를 뿌려서 먹다.,,ソース そーす ソースをかけて食べる。,N3
가타카나,katakana,ソファー,そふぁー,소파,ソファーに座ってテレビを見る。,소파에 앉아 텔레비전을 보다.,,ソファー そふぁー ソファーに座ってテレビを見る。,N3
가타카나,katakana,ダイエット,だいえっと,다이어트,ダイエットして体重を落とす。,다이어트를 해서 체중을 줄이다.,,ダイエット だいえっと ダイエットして体重を落とす。,N3
가타카나,katakana,ダイヤモンド,だいやもんど,다이아몬드,ダイヤモンドの指輪をプレゼントする。,다이아몬드 반지를 선물하다.,,ダイヤモンド だいやもんど ダイヤモンドの指輪をプレゼントする。,N3
가타카나,katakana,ダイヤル,だいやる,다이얼,ダイヤルを回す。,다이얼을 돌리다.,,ダイヤル だいやる ダイヤルを回す。,N3
가타카나,katakana,タオル,たおる,"타올, 수건",タオルで拭く。,타올로 닦다.,,タオル たおる タオルで拭く。,N3
가타카나,katakana,ダム,だむ,댐,ダムの工事を進める。,댐 공사를 추진하다.,,ダム だむ ダムの工事を進める。,N3
가타카나,katakana,チップ,ちっぷ,팁,店員にチップをやる。,점원에게 팁을 주다.,,チップ ちっぷ 店員にチップをやる。,N3
가타카나,katakana,データ,でーた,데이터,データを集める。,데이터를 수집하다.,,データ でーた データを集める。,N3
가타카나,katakana,テーマ,てーま,테마,論文のテーマを決める。,논문의 테마를 정하다.,,テーマ 2014 てーま 論文のテーマを決める。,N3
가타카나,katakana,デザート,でざーと,"디저트, 후식",デザートにアイスクリームを出す。,디저트로 아이스크림을 내다.,,デザート でざーと デザートにアイスクリームを出す。,N3
가타카나,katakana,デジカメ,でじかめ,디지털 카메라,デジカメで写真を撮る。,디지털 카메라로 사진을 찍다.,,デジカメ でじかめ デジカメで写真を撮る。,N3
가타카나,katakana,トップ,とっぷ,"톱, 1위, 1등",トップで合格する。,1등으로 합격하다.,,トップ とっぷ トップで合格する。,N3
가타카나,katakana,ドライブ,どらいぶ,드라이브,ドライブに行く。,드라이브하러 가다.,,ドライブ どらいぶ ドライブに行く。,N3
가타카나,katakana,ドライヤー,どらいやー,드라이어,ドライヤーで髪を乾かす。,드라이어로 머리를 말리다.,,ドライヤー どらいやー ドライヤーで髪を乾かす。,N3
가타카나,katakana,トレーニング,とれーにんぐ,"트레이닝, 훈련",トレーニングを受ける。,트레이닝을 받다.,,トレーニング 2018 とれーにんぐ トレーニングを受ける。,N3
가타카나,katakana,トンネル,とんねる,터널,列車がトンネルに入る。,열차가 터널에 들어가다.,,トンネル とんねる 列車がトンネルに入る。,N3
가타카나,katakana,ネックレス,ねっくれす,목걸이,真珠のネックレスをする。,진주 목걸이를 하다.,,ネックレス ねっくれす 真珠のネックレスをする。,N3
가타카나,katakana,ネット,ねっと,① 그물 ② 인터넷,テニスコートにネットを張る。 / ネット上にデータを保存する。,테니스 코트에 네트를 치다. / 인터넷상에 데이터를 보존하다.,,ネット ねっと テニスコートにネットを張る。,N3
가타카나,katakana,ノック,のっく,노크,ノックをして部屋に入る。,노크를 하고 방에 들어가다.,,ノック 2019 のっく ノックをして部屋に入る。,N3
가타카나,katakana,パーセント,ぱーせんと,퍼센트,5パーセント増加する。,5% 증가하다.,,パーセント ぱーせんと 5パーセント増加する。,N3
가타카나,katakana,ハート,はーと,"하트, 심장",ハートの形をしたチョコレートを作る。,하트 모양을 한 초콜릿을 만들다.,,ハート はーと ハートの形をしたチョコレートを作る。,N3
가타카나,katakana,ハイキング,はいきんぐ,하이킹,近くの山をハイキングする。,가까운 산을 하이킹하다.,,ハイキング はいきんぐ 近くの山をハイキングする。,N3
가타카나,katakana,バイク,ばいく,오토바이,店の前にバイクを止める。,가게 앞에 오토바이를 세우다.,,バイク ばいく 店の前にバイクを止める。,N3
가타카나,katakana,バイト,ばいと,아르바이트,バイトをして学校を出る。,아르바이트를 해서 학교를 졸업하다.,,バイト ばいと バイトをして学校を出る。,N3
가타카나,katakana,パス,ぱす,"패스, 통과, 합격",試験にパスする。,시험에 패스하다.,,パス ぱす 試験にパスする。,N3
가타카나,katakana,バス停,ばすてい,버스 정류장,バス停まで歩く。,버스 정류장까지 걷다.,,バス停 ばすてい バス停まで歩く。,N3
가타카나,katakana,パスポート,ぱすぽーと,"패스포트, 여권",パスポートを落としてしまった。,여권을 잃어 버렸다.,,パスポート ぱすぽーと パスポートを落としてしまった。,N3
가타카나,katakana,ハンドバッグ,はんどばっぐ,핸드백,彼女は赤いハンドバッグを持っている。,그녀는 빨간 핸드백을 들고 있다.,,ハンドバッグ はんどばっぐ 彼女は赤いハンドバッグを持っている。,N3
가타카나,katakana,パンフレット,ぱんふれっと,"팸플릿, 안내책자",旅行のパンフレットを集める。,여행 안내책자를 모으다.,,パンフレット 2014 ぱんふれっと 旅行のパンフレットを集める。,N3
가타카나,katakana,ビタミン,びたみん,비타민,みかんはビタミンCが多い。,귤은 비타민 C가 많다.,,ビタミン びたみん みかんはビタミンCが多い。,N3
가타카나,katakana,ビデオ,びでお,비디오,授業でビデオを使う。,수업에서 비디오를 사용하다.,,ビデオ びでお 授業でビデオを使う。,N3
가타카나,katakana,ヒント,ひんと,"힌트, 암시, 귀띔",ヒントを与える。,힌트를 주다.,,ヒント 2012 ひんと ヒントを与える。,N3
가타카나,katakana,ファイル,ふぁいる,"파일, 서류 묶음",ファイルを引き出しにしまう。,파일을 서랍에 보관하다.,,ファイル ふぁいる ファイルを引き出しにしまう。,N3
가타카나,katakana,ファーストフード,ふぁーすとふーど,패스트푸드,ファーストフードも安くはない。,패스트푸드도 싸지는 않다.,,ファーストフード ふぁーすとふーど ファーストフードも安くはない。,N3
가타카나,katakana,ファスナー,ふぁすなー,"파스너, 지퍼",ジャンパーのファスナーをかける。,점퍼의 지퍼를 채우다.,,ファスナー ふぁすなー ジャンパーのファスナーをかける。,N3
가타카나,katakana,ファックス,ふぁっくす,팩스,外国にファックスを送る。,외국에 팩스를 보내다.,,ファックス ふぁっくす 外国にファックスを送る。,N3
가타카나,katakana,ブラウス,ぶらうす,블라우스,白いブラウスを着る。,흰 블라우스를 입다.,,ブラウス ぶらうす 白いブラウスを着る。,N3
가타카나,katakana,ブラシ,ぶらし,"브러쉬, 솔",ブラシで靴を磨く。,솔로 구두를 닦다.,,ブラシ ぶらし ブラシで靴を磨く。,N3
가타카나,katakana,プラス,ぷらす,"플러스, 추가",料金に税金をプラスする。,요금에 세금을 추가하다.,,プラス ぷらす 料金に税金をプラスする。,N3
가타카나,katakana,プラン,ぷらん,"플랜, 계획",旅行のプランを立てる。,여행 계획을 세우다.,,プラン ぷらん 旅行のプランを立てる。,N3
가타카나,katakana,ブレーキ,ぶれーき,"브레이크, 제동",急ブレーキをかける。,급브레이크를 걸다.,,ブレーキ ぶれーき 急ブレーキをかける。,N3
가타카나,katakana,ベルト,べると,벨트,ズボンのベルトを緩める。,바지의 벨트를 느슨하게 하다.,,ベルト べると ズボンのベルトを緩める。,N3
가타카나,katakana,ボーナス,ぼーなす,보너스,夏のボーナスで海外旅行を予定している。,여름 보너스로 해외여행을 갈 예정이다.,,ボーナス ぼーなす 夏のボーナスで海外旅行を予定している。,N3
가타카나,katakana,マラソン,まらそん,마라톤,マラソン大会に参加する。,마라톤 대회에 참가하다.,,マラソン まらそん マラソン大会に参加する。,N3
가타카나,katakana,ホームページ,ほーむぺーじ,홈페이지,会社のホームページを作る。,회사의 홈페이지를 만들다.,,ホームページ ほーむぺーじ 会社のホームページを作る。,N3
가타카나,katakana,ポスター,ぽすたー,포스터,壁にポスターを貼る。,벽에 포스터를 붙이다.,,ポスター ぽすたー 壁にポスターを貼る。,N3
가타카나,katakana,マイナス,まいなす,"마이너스, 손실, 빼기, 영하",気温がマイナスになる。,기온이 영하가 되다.,,マイナス まいなす 気温がマイナスになる。,N3
가타카나,katakana,マフラー,まふらー,머플러,マフラーをして出かける。,머플러를 하고 외출하다.,,マフラー まふらー マフラーをして出かける。,N3
가타카나,katakana,マンション,まんしょん,맨션,都心のマンションを買う。,도심에 있는 맨션을 사다.,,マンション まんしょん 都心のマンションを買う。,N3
가타카나,katakana,ミス,みす,"미스, 실수",計算をミスする。,계산을 실수하다.,,ミス みす 計算をミスする。,N3
가타카나,katakana,ミルク,みるく,"밀크, 우유",赤ちゃんにミルクをやる。,아기에게 우유를 주다.,,ミルク みるく 赤ちゃんにミルクをやる。,N3
가타카나,katakana,メール,めーる,메일,毎日メールをチェックしている。,매일 메일을 체크하고 있다.,,メール めーる 毎日メールをチェックしている。,N3
가타카나,katakana,メニュー,めにゅー,메뉴,メニューを見て注文する。,메뉴를 보고 주문하다.,,メニュー めにゅー メニューを見て注文する。,N3
가타카나,katakana,メンバー,めんばー,멤버,メンバーが全員集まる。,멤버가 전원 모이다.,,メンバー めんばー メンバーが全員集まる。,N3
가타카나,katakana,ユーモア,ゆーもあ,"유머, 익살",彼はユーモアが通じない人だ。,그는 유머가 통하지 않는 사람이다.,,ユーモア 2010 ゆーもあ 彼はユーモアが通じない人だ。,N3
가타카나,katakana,ヨーロッパ,よーろっぱ,유럽,ヨーロッパへ旅行に出かける。,유럽으로 여행을 떠나다.,,ヨーロッパ よーろっぱ ヨーロッパへ旅行に出かける。,N3
가타카나,katakana,ライオン,らいおん,"라이온, 사자",ライオンはネコの仲間である。,사자는 고양이의 동류이다.,,ライオン らいおん ライオンはネコの仲間である。,N3
가타카나,katakana,ライト,らいと,"라이트, 등, 조명",ライトをつける。,조명을 켜다.,,ライト らいと ライトをつける。,N3
가타카나,katakana,ランチ,らんち,"런치, 점심식사",ランチメニューを注文する。,런치 메뉴를 주문하다.,,ランチ らんち ランチメニューを注文する。,N3
가타카나,katakana,ランニング,らんにんぐ,"런닝, 달리기",毎朝ランニングをする。,매일 아침 런닝을 하다.,,ランニング らんにんぐ 毎朝ランニングをする。,N3
가타카나,katakana,リーダー,りーだー,"리더, 지도자",チームのリーダーになる。,팀의 리더가 되다.,,リーダー 2016 りーだー チームのリーダーになる。,N3
가타카나,katakana,リサイクル,りさいくる,"리사이클, 재활용",ペットボトルをリサイクルする。,페트병을 재활용하다.,,リサイクル 2015 りさいくる ペットボトルをリサイクルする。,N3
가타카나,katakana,リットル,りっとる,리터,1リットルのミルクを買う。,1리터짜리 우유를 사다.,,リットル りっとる 1リットルのミルクを買う。,N3
가타카나,katakana,リボン,りぼん,리본,プレゼントにリボンをかける。,선물에 리본을 두르다.,,リボン りぼん プレゼントにリボンをかける。,N3
가타카나,katakana,レインコート,れいんこーと,"레인코트, 우비",雨の日はレインコートを着て出かける。,비가 오는 날은 우비를 입고 외출한다.,,レインコート れいんこーと 雨の日はレインコートを着て出かける。,N3
가타카나,katakana,レンズ,れんず,렌즈,カメラのレンズを替える。,카메라의 렌즈를 바꾸다.,,レンズ れんず カメラのレンズを替える。,N3
가타카나,katakana,ロビー,ろびー,로비,ロビーで待ち合わせする。,로비에서 기다리다.,,ロビー ろびー ロビーで待ち合わせする。,N3
가타카나,katakana,ロボット,ろぼっと,로봇,ロボットが自動車を生産する。,로봇이 자동차를 생산한다.,,ロボット ろぼっと ロボットが自動車を生産する。,N3
명사,noun,産,さん,"생산품, 산출물; 출산",米はこの地域の主な産だ。,쌀은 이 지역의 주된 생산품이다.,,,N3
명사,noun,以上,いじょう,이상,,,,以上 이상 いじょう,N4
명사,noun,一度,いちど,한번,,,,一度 한번 いちど 2015,N4
명사,noun,一日中,いちにちじゅう,하루 종일,,,,一日中 하루 종일 いちにちじゅう,N4
명사,noun,糸,いと,실,,,,日糸 실 いと 2019,N4
명사,noun,以内,いない,이내,,,,以内 이내 いない,N4
명사,noun,田舎,いなか,시골,,,,田舎 시골 いなか,N4
명사,noun,命,いのち,목숨,,,,命 목숨 いのち,N4
명사,noun,居間,いま,거실,,,,居間 거실 いま,N4
명사,noun,色紙,いろがみ,색종이,,,,色紙 색종이 いろがみ,N4
명사,noun,飲酒,いんしゅ,음주,,,,飲酒 음주 いんしゅ,N4
명사,noun,受付,うけつけ,접수,,,,受付 접수 うけつけ,N4
명사,noun,嘘,うそ,거짓말,,,,嘘 거짓말 うそ,N4
명사,noun,内,うち,"안, 속",,,,内 안 속 うち,N4
명사,noun,内側,うちがわ,안쪽,,,,内側 안쪽 うちがわ 2019,N4
명사,noun,腕,うで,팔,,,,腕 팔 うで,N4
명사,noun,裏,うら,"뒤쪽, 반대쪽",,,,"裏 뒤쪽, 반대쪽 うら 2010",N4
명사,noun,売り場,うりば,매장,,,,売り場 매장 うりば,N4
명사,noun,運,うん,"운, 운수, 운명",,,,"運 운, 운수, 운명 うん 2016",N4
명사,noun,運転,うんてん,운전,,,,運転 운전 うんてん 2018,N4
명사,noun,運転手,うんてんしゅ,운전수,,,,運転手 운전수 うんてんしゅ,N4
명사,noun,運動,うんどう,운동,,,,運動 운동 うんどう 2017,N4
명사,noun,運動会,うんどうかい,운동회,,,,運動会 운동회 うんどうかい,N4
명사,noun,挨拶,あいさつ,인사,,,,인사 あいさつ 2014,N4
명사,noun,間,あいだ,"사이, 동안",,,,"間 사이, 동안 あいだ",N4
명사,noun,赤ちゃん,あかちゃん,아기,,,,赤ちゃん 아기 あかちゃん,N4
명사,noun,あご,あご,턱,,,,あご 턱,N4
명사,noun,味,あじ,맛,,,,味 맛 あじ 2016,N4
명사,noun,足音,あしおと,발소리,,,,足音 발소리 あしおと,N4
명사,noun,明日,あす,내일,,,"{""alt_reading"": ""あした""}",明日 내일(あした로도 읽음) あす,N4
명사,noun,汗,あせ,땀,,,,汗 땀 あせ,N4
명사,noun,遊び,あそび,놀이,,,,遊び 놀이 あそび,N4
명사,noun,暑さ,あつさ,더위,,,,暑さ 더위 あつさ,N4
명사,noun,飴,あめ,"사탕, 엿",,,,"飴 사탕, 엿 あめ",N4
명사,noun,安心,あんしん,안심,,,,安心 안심 あんしん 2017,N4
명사,noun,案内,あんない,안내,,,,案内 안내 あんない 2018,N4
명사,noun,以下,いか,이하,,,,以下 이하 いか,N4
명사,noun,以外,いがい,이외,,,,以外 이외 いがい 2010,N4
명사,noun,医学,いがく,의학,,,,医学 의학 いがく,N4
명사,noun,生き方,いきかた,생활 방식,,,,生き方 생활 방식 いきかた,N4
명사,noun,行き方,いきかた,가는 방법,,,"{""alt_reading"": ""ゆきかた""}",行き方 가는 방법(ゆきかた로도 읽음) いきかた,N4
명사,noun,意見,いけん,의견,,,,意見 의견 いけん 2018,N4
명사,noun,石,いし,돌,,,,돌 いし 2011,N4
명사,noun,英会話,えいかいわ,영어회화,,,,英会話 영어회화 えいかいわ,N4
명사,noun,映画館,えいがかん,영화관,,,,映画館 영화관 えいがかん 2014,N4
명사,noun,営業,えいぎょう,영업,,,,営業 영업 えいぎょう 2019,N4
명사,noun,駅員,えきいん,역무원,,,,駅員 역무원 えきいん 2017,N4
명사,noun,枝,えだ,가지,,,,枝 가지 えだ,N4
명사,noun,遠慮,えんりょ,"사양, 삼가함",,,,"遠慮 사양, 삼감 えんりょ",N4
명사,noun,お祝い,おいわい,"축하, 축하 선물",,,,"お祝い 축하, 축하 선물 おいわい",N4
명사,noun,横断歩道,おうだんほどう,횡단보도,,,,横断歩道 횡단보도 おうだんほどう,N4
명사,noun,大雨,おおあめ,"큰 비, 폭우",,,,"大雨 큰 비, 폭우 おおあめ",N4
명사,noun,大雪,おおゆき,폭설,,,,大雪 폭설 おおゆき,N4
명사,noun,おかげ,おかげ,덕분,,,,おかげ 덕분 おかげ,N4
명사,noun,億,おく,억,,,"{""note"": ""숫자""}",億 억(숫자) おく,N4
명사,noun,奥様,おくさま,부인,,,"{""note"": ""타인의 부인을 높여 부름""}",奥様 부인(타인의 부인을 높여 부름) おくさま,N4
명사,noun,屋上,おくじょう,옥상,,,,屋上 옥상 おくじょう 2019,N4
명사,noun,贈り物,おくりもの,선물,,,,贈り物 선물 おくりもの,N4
명사,noun,お子さん,おこさん,자녀분,,,,お子さん 자녀분 おこさん,N4
명사,noun,おじ,おじ,"삼촌, 숙부, 백부, 고모부, 이모부",,,,"おじ 삼촌, 숙부, 백부, 고모부, 이모부",N4
명사,noun,押入れ,おしいれ,"반침, 벽장",,,,"押入れ 반침, 벽장 おしいれ",N4
명사,noun,おしまい,おしまい,끝,,,,おしまい 끝 2017,N4
명사,noun,お嬢さん,おじょうさん,"아가씨, 따님",,,,"お嬢さん 아가씨, 따님 おじょうさん",N4
명사,noun,お宅,おたく,댁,,,,お宅 댁 おたく,N4
명사,noun,夫,おっと,남편,,,,夫 남편 おっと,N4
명사,noun,おつり,おつり,거스름돈,,,,おつり 거스름돈,N4
명사,noun,お手洗い,おてあらい,화장실,,,,お手洗い 화장실 おてあらい,N4
명사,noun,お出かけ,おでかけ,외출,,,,お出かけ 외출 おでかけ,N4
명사,noun,音,おと,소리,,,,音 소리 おと 2016,N4
명사,noun,落し物,おとしもの,분실물,,,,落し物 분실물 おとしもの,N4
명사,noun,お年寄り,おとしより,노인,,,,お年寄り 노인 おとしより,N4
명사,noun,踊り,おどり,춤,,,,踊り 춤 おどり,N4
명사,noun,おば,おば,"고모, 이모, 숙모, 백모",,,,"おば 고모, 이모, 숙모, 백모",N4
명사,noun,お祭り,おまつり,축제,,,,お祭り 축제 おまつり,N4
명사,noun,お見舞い,おみまい,문병,,,,お見舞い 문병 おみまい 2017,N4
명사,noun,お土産,おみやげ,선물,,,,お土産 선물 おみやげ 2018,N4
명사,noun,思い出,おもいで,추억,,,,思い出 추억 おもいで 2018,N4
명사,noun,おもちゃ,おもちゃ,장난감,,,,おもちゃ 장난감,N4
명사,noun,表,おもて,"겉, 표면",,,,表 겉 표면 おもて,N4
명사,noun,終わり,おわり,"끝, 마지막",,,,"終わり 끝, 마지막 おわり",N4
명사,noun,海岸,かいがん,해안,,,,海岸 해안 かいがん,N4
명사,noun,会議,かいぎ,회의,,,,会議 회의 かいぎ,N4
명사,noun,会議室,かいぎしつ,회의실,,,,会議室 회의실 かいぎしつ,N4
명사,noun,外国,がいこく,외국,,,,外国 외국 がいこく 2017,N4
명사,noun,会場,かいじょう,"회장, 모임 장소",,,,"会場 회장, 모임 장소 かいじょう",N4
명사,noun,外食,がいしょく,외식,,,,外食 외식 がいしょく,N4
명사,noun,外部,がいぶ,외부,,,,外部 외부 がいぶ,N4
명사,noun,会話,かいわ,회화,,,,会話 회화 かいわ,N4
명사,noun,帰り,かえり,귀가,,,,帰り 귀가 かえり,N4
명사,noun,科学,かがく,과학,,,,科学 과학 かがく,N4
명사,noun,鏡,かがみ,거울,,,,鏡 거울 かがみ,N4
명사,noun,書き方,かきかた,쓰는 법,,,,書き方 쓰는 법 かきかた,N4
명사,noun,飾り,かざり,장식,,,,飾り 장식 かざり,N4
명사,noun,火事,かじ,화재,,,,火事 화재 かじ,N4
명사,noun,歌手,かしゅ,가수,,,,歌手 가수 かしゅ,N4
명사,noun,数,かず,"수, 숫자",,,,"数 수, 숫자 かず 2016",N4
명사,noun,ガス代,ガスだい,"가스 요금, 가스비",,,,"ガス代 가스 요금, 가스비 ガスだい",N4
명사,noun,肩,かた,어깨,,,,肩 어깨 かた,N4
명사,noun,形,かたち,"모양, 형태",,,,"形 모양, 형태 かたち",N4
명사,noun,課長,かちょう,과장,,,,課長 과장 かちょう,N4
명사,noun,格好,かっこう,"모양, 겉모습",,,,"格好 모양, 겉모습 かっこう",N4
명사,noun,家庭,かてい,가정,,,,家庭 가정 かてい,N4
명사,noun,家内,かない,아내,,,,家内 아내 かない,N4
명사,noun,金持ち,かねもち,부자,,,,金持ち 부자 かねもち,N4
명사,noun,彼女,かのじょ,그녀,,,,彼女 그녀 かのじょ 2014,N4
명사,noun,壁,かべ,벽,,,,壁 벽 かべ,N4
명사,noun,髪,かみ,머리카락,,,,髮 머리카락 かみ,N4
명사,noun,彼,かれ,"그, 그 사람",,,,"彼 그, 그 사람 かれ",N4
명사,noun,彼ら,かれら,그들,,,,彼ら 그들 かれら,N4
명사,noun,代わり,かわり,"대신, 대리",,,,"代わり 대신, 대리 かわり",N4
명사,noun,考え方,かんがえかた,사고 방식,,,,考え方 사고 방식 かんがえかた,N4
명사,noun,関係,かんけい,관계,,,,関係 관계 かんけい 2017,N4
명사,noun,看護師,かんごし,간호사,,,,看護師 간호사 かんごし,N4
명사,noun,気,き,"생각, 마음, 기력",,,,"気 생각, 마음, 기력 き",N4
명사,noun,機械,きかい,기계,,,,機械 기계 きかい,N4
명사,noun,期間,きかん,기간,,,,期間 기간 きかん,N4
명사,noun,聞き取り,ききとり,"청취, 듣기",,,,"聞き取り 청취, 듣기 ききとり",N4
명사,noun,帰国,きこく,귀국,,,,帰国 귀국 きこく,N4
명사,noun,記者,きしゃ,기자,,,,記者 기자 きしゃ,N4
명사,noun,汽車,きしゃ,기차,,,,汽車 기차 きしゃ,N4
명사,noun,技術,ぎじゅつ,기술,,,,技術 기술 ぎじゅつ,N4
명사,noun,季節,きせつ,계절,,,,季節 계절 きせつ,N4
명사,noun,規則,きそく,규칙,,,,規則 규칙 きそく,N4
명사,noun,絹,きぬ,"비단, 실크, 견사",,,,"絹 비단, 실크, 견사 きぬ",N4
명사,noun,気分,きぶん,"기분, 마음, 심정, 분위기",,,,"気分 기분, 마음, 심정, 분위기 きぶん 2015",N4
명사,noun,君,きみ,"자네, 너",,,,"君 자네, 너 きみ",N4
명사,noun,気持ち,きもち,"기분, 심정, 마음",,,,"気持ち 기분, 심정, 마음 きもち",N4
명사,noun,着物,きもの,"옷, 기모노",,,,"着物 옷, 기모노 きもの",N4
명사,noun,客,きゃく,손님,,,,客 손님 きゃく,N4
명사,noun,急行,きゅうこう,급행,,,,急行 급행 きゅうこう 2016,N4
명사,noun,教育,きょういく,교육,,,,教育 교육 きょういく,N4
명사,noun,教会,きょうかい,교회,,,,教会 교회 きょうかい,N4
명사,noun,興味,きょうみ,흥미,,,,興味 흥미 きょうみ 2011,N4
명사,noun,金魚,きんぎょ,금붕어,,,,金魚 금붕어 きんぎょ,N4
명사,noun,近所,きんじょ,근처,,,,近所 근처 きんじょ 2018,N4
명사,noun,具合,ぐあい,"형편, 상태",,,,"具合 형편, 상태 くあい 2019",N4
명사,noun,空気,くうき,공기,,,,空気 공기 くうき,N4
명사,noun,空港,くうこう,공항,,,,空港 공항 くうこう,N4
명사,noun,草,くさ,풀,,,,草 풀 くさ,N4
명사,noun,首,くび,목,,,,首 목 くび,N4
명사,noun,雲,くも,구름,,,,雲 구름 くも 2016,N4
명사,noun,曇り,くもり,흐림,,,,曇り 흐림 くもり,N4
명사,noun,区役所,くやくしょ,구청,,,,区役所 구청 くやくしょ,N4
명사,noun,軍人,ぐんじん,군인,,,,軍人 군인 くんじん,N4
명사,noun,毛,け,털,,,,毛 털 け,N4
명사,noun,計画,けいかく,계획,,,,計画 계획 けいかく 2016,N4
명사,noun,経験,けいけん,경험,,,,経験 경험 けいけん 2019,N4
명사,noun,経済,けいざい,경제,,,,経済 경제 けいざい,N4
명사,noun,警察,けいさつ,경찰,,,,警察 경찰 けいさつ,N4
명사,noun,怪我,けが,"상처, 부상",,,,"怪我 상처, 부상 けが 201",N4
명사,noun,景色,けしき,경치,,,,景色 경치 けしき 2018,N4
명사,noun,消しゴム,けしゴム,지우개,,,,消しゴム 지우개 けしゴム,N4
명사,noun,下宿,げしゅく,하숙,,,,下宿 하숙 げしゅく,N4
명사,noun,結果,けっか,결과,,,,結果 결과 けっか 2015,N4
명사,noun,欠席,けっせき,결석,,,,欠席 결석 けっせき,N4
명사,noun,けんか,けんか,싸움,,,,けんか 싸움 2015,N4
명사,noun,原因,げんいん,원인,,,,原因 원인 げんいん 2019,N4
명사,noun,玄関,げんかん,현관,,,,玄関 현관 げんかん,N4
명사,noun,研究,けんきゅう,연구,,,,研究 연구 けんきゅう 2010,N4
명사,noun,研究室,けんきゅうしつ,연구실,,,,研究室 연구실 けんきゅうしつ,N4
명사,noun,見物,けんぶつ,구경,,,,見物 구경 けんぶつ,N4
명사,noun,子,こ,아이,,,,子 아이 こ,N4
명사,noun,子犬,こいぬ,강아지,,,,子犬 강아지 こいぬ,N4
명사,noun,功,こう,"공, 공로",,,,"二功 공, 공로 こう",N4
명사,noun,公開,こうかい,공개,,,,公開 공개 こうかい,N4
명사,noun,郊外,こうがい,교외,,,,郊外 교외 こうがい,N4
명사,noun,講義,こうぎ,강의,,,,講義 강의 こうぎ,N4
명사,noun,工業,こうぎょう,공업,,,,工業 공업 こうぎょう,N4
명사,noun,高校,こうこう,"고교, 고등학교",,,,"高校 고교, 고등학교 こうこう",N4
명사,noun,高校生,こうこうせい,고교생,,,,高校生 고교생 こうこうせい,N4
명사,noun,交差点,こうさてん,교차로,,,,交差点 교차로 こうさてん,N4
명사,noun,工事,こうじ,공사,,,,工事 공사 こうじ 2016,N4
명사,noun,工場,こうじょう,공장,,,,工場 공장 こうじょう,N4
명사,noun,校長,こうちょう,교장,,,,校長 교장 こうちょう,N4
명사,noun,交通,こうつう,교통,,,,交通 교통 こうつう 2010,N4
명사,noun,講堂,こうどう,강당,,,,講堂 강담 こうどう,N4
명사,noun,工場,こうば,공장,,,"{""note"": ""こうじょう와 같은 한자지만 읽기가 다름""}",工場 공장 こうば 201,N4
명사,noun,公務員,こうむいん,공무원,,,,公務員 공무원 こうむいん,N4
명사,noun,氷,こおり,얼음,,,,氷 얼음 こおり 2018,N4
명사,noun,国際,こくさい,국제,,,,国際 국제 こくさい,N4
명사,noun,国産,こくさん,국산,,,,国産 국산 こくさん,N4
명사,noun,国内,こくない,국내,,,,国内 국내 こくない 2019,N4
명사,noun,国民,こくみん,국민,,,,国民 국민 こくみん 2018,N4
명사,noun,国立,こくりつ,국립,,,,国立 국립 こくりつ,N4
명사,noun,心,こころ,마음,,,,心 마음 こころ,N4
명사,noun,故障,こしょう,고장,,,,故障 고장 こしょう,N4
명사,noun,個人,こじん,개인,,,,個人 개인 こじん,N4
명사,noun,ご存じ,ごぞんじ,알고 계심,,,,ご存じ 알고 계심 ごぞんじ,N4
명사,noun,答え,こたえ,"대답, 해답",,,,"答え 대답, 해답 こたえ",N4
명사,noun,ごちそう,ごちそう,"맛있는 음식, 요리, 대접",,,,"ごちそう 맛있는 음식, 요리, 대접",N4
명사,noun,事,こと,"일, 것",,,,事 일 것 こと,N4
명사,noun,言葉,ことば,"말, 언어",,,,"言葉 말, 언어 ことば",N4
명사,noun,小鳥,ことり,작은 새,,,,小鳥 작은 새 ことり,N4
명사,noun,子猫,こねこ,새끼 고양이,,,,子猫 새끼 고양이 こねこ,N4
명사,noun,この間,このあいだ,"지난 번, 요전",,,,この間 지난 번 요전 このあいだ,N4
명사,noun,このごろ,このごろ,"요즈음, 최근, 요새",,,,"このごろ 요즈음, 최근, 요새",N4
명사,noun,木の葉,このは,나뭇잎,,,"{""alt_reading"": ""きのは""}",木の葉 나뭇잎(きのは로도 읽음) このは,N4
명사,noun,この辺,このへん,"이 근처, 이 근방",,,,"この辺 이 근처, 이 근방 このへん",N4
명사,noun,ごみ,ごみ,쓰레기,,,,ごみ 쓰레기 2014,N4
명사,noun,米,こめ,쌀,,,,米 쌀 こめ,N4
명사,noun,今回,こんかい,이번,,,,今回 이번 こんかい,N4
명사,noun,今度,こんど,"이번, 다음번",,,,"今度 이번, 다음번 こんど 2018",N4
명사,noun,今夜,こんや,오늘 밤,,,,今夜 오늘 밤 こんや,N4
명사,noun,最近,さいきん,최근,,,,最近 최근 さいきん 2015,N4
명사,noun,最初,さいしょ,최초,,,,最初 최초 さいしょ 2019,N4
명사,noun,坂,さか,언덕,,,,坂 언덕 さか,N4
명사,noun,魚屋,さかなや,생선가게,,,,魚屋 생선가게 さかなや,N4
명사,noun,桜,さくら,"벚꽃, 벚나무",,,,"桜 벚꽃, 벚나무 さくら",N4
명사,noun,作品,さくひん,작품,,,,作品 작품 さくひん,N4
명사,noun,砂糖,さとう,설탕,,,,砂糖 설탕 さとう 2017,N4
명사,noun,再来月,さらいげつ,다다음 달,,,,再来月 다다음 달 さらいげつ,N4
명사,noun,再来週,さらいしゅう,다다음 주,,,,再来週 다다음 주 さらいしゅう,N4
명사,noun,再来年,さらいねん,"다다음 해, 후년",,,,"再来年 다다음 해, 후년 さらいねん",N4
명사,noun,三角,さんかく,삼각,,,,三角 삼각 さんかく,N4
명사,noun,産業,さんぎょう,산업,,,,産業 산업 さんぎょう,N4
명사,noun,算数,さんすう,산수,,,,算数 산수 さんすう,N4
명사,noun,賛成,さんせい,찬성,,,,賛成 찬성 さんせい 20,N4
명사,noun,市,し,시,,,"{""note"": ""행정구역""}",市 시(행정구역) し,N4
명사,noun,字,じ,"글씨, 글자",,,,"字 글씨, 글자 じ",N4
명사,noun,試合,しあい,시합,,,,試合 시합 しあい 2010,N4
명사,noun,仕方,しかた,"하는 방법, 수단",,,,"仕方 하는 방법, 수단 しかた",N4
명사,noun,試験,しけん,시험,,,,試験 시험 しけん,N4
명사,noun,事故,じこ,사고,,,,事故 사고 じこ,N4
명사,noun,地震,じしん,지진,,,,地震 지진 じしん,N4
명사,noun,舌,した,혀,,,"{""note"": ""신체""}",舌 혀(신체) した,N4
명사,noun,時代,じだい,시대,,,,時代 시대 じだい,N4
명사,noun,下着,したぎ,속옷,,,,下着 속옷 したぎ,N4
명사,noun,支度,したく,"준비, 채비",,,,"支度 준비, 채비 したく",N4
명사,noun,室内,しつない,실내,,,,室内 실내 しつない,N4
명사,noun,失敗,しっぱい,실패,,,,失敗 실패 しっぱい 2018,N4
명사,noun,質問,しつもん,질문,,,,質問 질문 しつもん,N4
명사,noun,失礼,しつれい,실례,,,,失礼 실례 しつれい,N4
명사,noun,辞典,じてん,사전,,,,辞典 사전 じてん,N4
명사,noun,自転車,じてんしゃ,자전거,,,,自転車 자전거 じてんしゃ 2015,N4
명사,noun,自動,じどう,자동,,,,自動 자동 じどう,N4
명사,noun,自動車,じどうしゃ,자동차,,,,自動車 자동차 じどうしゃ,N4
명사,noun,市内,しない,시내,,,,市内 시내 しない,N4
명사,noun,品物,しなもの,"물건, 상품, 물품",,,,"品物 물건, 상품, 물품 しなもの",N4
명사,noun,支払い,しはらい,지불,,,,支払い 지불 しはらい,N4
명사,noun,字引,じびき,사전,,,,字引 사전 じびき,N4
명사,noun,自分,じぶん,"자기자신, 나",,,,"自分 자기자신, 나 じぶん",N4
명사,noun,島,しま,섬,,,,島 섬 しま 2019,N4
명사,noun,姉妹,しまい,자매,,,,姉妹 자매 しまい,N4
명사,noun,市民,しみん,시민,,,,市民 시민 しみん,N4
명사,noun,事務所,じむしょ,사무소,,,,事務所 사무소 じむしょ,N4
명사,noun,社会,しゃかい,사회,,,,社会 사회 しゃかい,N4
명사,noun,市役所,しやくしょ,시청,,,,市役所 시청 しやくしょ,N4
명사,noun,社長,しゃちょう,사장,,,,社長 사장 しゃちょう,N4
명사,noun,車道,しゃどう,차도,,,,車道 차도 しゃどう,N4
명사,noun,じゃま,じゃま,"방해, 방해물",,,,"じゃま 방해, 방해물 2018",N4
명사,noun,自由,じゅう,자유,,,,自由 자유 じゅう,N4
명사,noun,習慣,しゅうかん,습관,,,,習慣 습관 しゅうかん 2019,N4
명사,noun,住所,じゅうしょ,주소,,,,住所 주소 じゅうしょ 2017,N4
명사,noun,柔道,じゅうどう,유도,,,,柔道 유도 じゅうどう,N4
명사,noun,授業,じゅぎょう,수업,,,,授業 수업 じゅぎょう 2015,N4
명사,noun,主人,しゅじん,"주인, 남편",,,,"主人 주인, 남편 しゅじん",N4
명사,noun,出席,しゅっせき,출석,,,,出席 출석 しゅっせき,N4
명사,noun,出発,しゅっぱつ,출발,,,,出発 출발 しゅっぱつ 2015,N4
명사,noun,趣味,しゅみ,취미,,,,趣味 취미 しゅみ 2019,N4
명사,noun,準備,じゅんび,준비,,,,準備 준비 じゅんび 2017,N4
명사,noun,紹介,しょうかい,소개,,,,紹介 소개 しょうかい 2018,N4
명사,noun,正月,しょうがつ,"정월, 설",,,,"正月 정월, 설 しょうがつ",N4
명사,noun,小学校,しょうがっこう,초등학교,,,,小学校 초등학교 しょうがっこう,N4
명사,noun,小説,しょうせつ,소설,,,,小説 소설 しょうせつ 2011,N4
명사,noun,招待,しょうたい,초대,,,,招待 초대 しょうたい 2018,N4
명사,noun,しょうゆ,しょうゆ,간장,,,,しょうゆ 간장,N4
명사,noun,将来,しょうらい,장래,,,,将来 장래 しょうらい 2019,N4
명사,noun,食事,しょくじ,식사,,,,食事 식사 しょくじ,N4
명사,noun,食料品,しょくりょうひん,식료품,,,,食料品 식료품 しょくりょうひん 2018,N4
명사,noun,女性,じょせい,여성,,,,女性 여성 じょせい,N4
명사,noun,人口,じんこう,인구,,,,人口 인구 じんこう 2017,N4
명사,noun,神社,じんじゃ,신사,,,,神社 신사 じんじゃ,N4
명사,noun,新年,しんねん,신년,,,,新年 신년 しんねん,N4
명사,noun,心配,しんぱい,걱정,,,,心配 걱정 しんぱい 2016,N4
명사,noun,新聞社,しんぶんしゃ,신문사,,,,新聞社 신문사 しんぶんしゃ,N4
명사,noun,水泳,すいえい,수영,,,,水泳 수영 すいえい,N4
명사,noun,数学,すうがく,수학,,,,数学 수학 すうがく,N4
명사,noun,生活,せいかつ,생활,,,,生活 생활 せいかつ 2017,N4
명사,noun,生産,せいさん,생산,,,,生産 생산 せいさん,N4
명사,noun,政治,せいじ,정치,,,,政治 정치 せいじ 2018,N4
명사,noun,西洋,せいよう,서양,,,,西洋 서양 せいよう,N4
명사,noun,世界,せかい,세계,,,,世界 세계 せかい 2017,N4
명사,noun,席,せき,"자리, 좌석",,,,"席 자리, 좌석 せき",N4
명사,noun,説明,せつめい,설명,,,,説明 설명 せつめい 2018,N4
명사,noun,背中,せなか,등,,,,背中 등 せなか,N4
명사,noun,世話,せわ,"돌봄, 보살핌",,,,"世話 돌봄, 보살핌 せわ 2017",N4
명사,noun,線,せん,선,,,,線 선 せん,N4
명사,noun,選手,せんしゅ,선수,,,,選手 선수 せんしゅ,N4
명사,noun,戦争,せんそう,전쟁,,,,戦争 전쟁 せんそう 2018,N4
명사,noun,先輩,せんぱい,선배,,,,先輩 선배 せんぱい,N4
명사,noun,専門,せんもん,전문,,,,専門 전문 せんもん 2018,N4
명사,noun,相談,そうだん,"상담, 의논",,,,"相談 상담, 의논 そうだん 2016",N4
명사,noun,卒業,そつぎょう,졸업,,,,卒業 졸업 そつぎょう 2015,N4
명사,noun,祖父,そふ,할아버지,,,"{""note"": ""자신의 할아버지""}",祖父 할아버지(자신의 할아버지) そふ,N4
명사,noun,祖母,そぼ,할머니,,,"{""note"": ""자신의 할머니""}",祖母 할머니(자신의 할머니) そぼ,N4
명사,noun,退院,たいいん,퇴원,,,,退院 퇴원 たいいん 2017,N4
명사,noun,大学生,だいがくせい,대학생,,,,大学生 대학생 だいがくせい,N4
명사,noun,大使館,たいしかん,대사관,,,,大使館 대사관 たいしかん,N4
명사,noun,台風,たいふう,태풍,,,,台風 태풍 たいふう 2018,N4
명사,noun,竹,たけ,대나무,,,,竹 대나무 たけ,N4
명사,noun,畳,たたみ,다다미,,,,畳 다다미 たたみ,N4
명사,noun,棚,たな,선반,,,,棚 선반 たな,N4
명사,noun,楽しみ,たのしみ,"즐거움, 낙, 기대",,,,"楽しみ 즐거움, 낙, 기대 たのしみ",N4
명사,noun,ため,ため,"위함, 때문",,,,"ため 위함, 때문 ため",N4
명사,noun,男性,だんせい,남성,,,,男性 남성 だんせい 2017,N4
명사,noun,血,ち,피,,,,血 피 ち,N4
명사,noun,力,ちから,힘,,,,力 힘 ちから,N4
명사,noun,父親,ちちおや,"부친, 아버지",,,,"父親 부친, 아버지 ちちおや",N4
명사,noun,注意,ちゅうい,주의,,,,注意 주의 ちゅうい 2016,N4
명사,noun,中学校,ちゅうがっこう,중학교,,,,中学校 중학교 ちゅうがっこう,N4
명사,noun,中止,ちゅうし,중지,,,,中止 중지 ちゅうし 2018,N4
명사,noun,駐車場,ちゅうしゃじょう,주차장,,,,駐車場 주차장 ちゅうしゃじょう,N4
명사,noun,地理,ちり,지리,,,,地理 지리 ちり,N4
명사,noun,都合,つごう,"형편, 사정",,,,"都合 형편, 사정 つごう 2019",N4
명사,noun,妻,つま,"아내, 처",,,,"妻 아내, 처 つま",N4
명사,noun,つもり,つもり,"작정, 생각, 예정",,,,"つもり 작정, 생각, 예정",N4
명사,noun,梅雨,つゆ,장마,,,,梅雨 장마 つゆ,N4
명사,noun,手袋,てぶくろ,장갑,,,,手袋 장갑 てぶくろ,N4
명사,noun,点,てん,"점, 점수",,,,"点 점, 점수 てん",N4
명사,noun,店員,てんいん,점원,,,,店員 점원 てんいん 2017,N4
명사,noun,天気予報,てんきよほう,일기예보,,,,天気予報 일기예보 てんきよほう,N4
명사,noun,電灯,でんとう,전등,,,,電灯 전등 でんとう,N4
명사,noun,電報,でんぽう,전보,,,,電報 전보 でんぽう,N4
명사,noun,展覧会,てんらんかい,전람회,,,,展覧会 전람회 てんらんかい,N4
명사,noun,都,と,도 (행정구역),,,,都 도(행정구역) と,N4
명사,noun,道具,どうぐ,도구,,,,道具 도구 どうぐ 2018,N4
명사,noun,動物園,どうぶつえん,동물원,,,,動物園 동물원 どうぶつえん,N4
명사,noun,遠く,とおく,먼 곳,,,,遠く 먼 곳 とおく,N4
명사,noun,通り,とおり,"길, 거리",,,,"通り 길, 거리 とおり",N4
명사,noun,都会,とかい,도시,,,,都会 도시 とかい 2019,N4
명사,noun,特急,とっきゅう,특급,,,,特急 특급 とっきゅう,N4
명사,noun,床屋,とこや,이발소,,,,床屋 이발소 とこや,N4
명사,noun,途中,とちゅう,도중,,,,途中 도중 とちゅう 2016,N4
명사,noun,泥棒,どろぼう,도둑,,,,泥棒 도둑 どろぼう,N4
명사,noun,匂い,におい,냄새,,,,匂い 냄새 におい 2017,N4
명사,noun,肉屋,にくや,정육점,,,,肉屋 정육점 にくや,N4
명사,noun,日記,にっき,일기,,,,日記 일기 にっき 2016,N4
명사,noun,入院,にゅういん,입원,,,,入院 입원 にゅういん 2015,N4
명사,noun,入学,にゅうがく,입학,,,,入学 입학 にゅうがく 2015,N4
명사,noun,入社,にゅうしゃ,입사,,,,入社 입사 にゅうしゃ,N4
명사,noun,人形,にんぎょう,인형,,,,人形 인형 にんぎょう,N4
명사,noun,値段,ねだん,"가격, 값",,,,"値段 가격, 값 ねだん 2019",N4
명사,noun,熱,ねつ,열,,,,熱 열 ねつ 2017,N4
명사,noun,寝坊,ねぼう,늦잠,,,,寝坊 늦잠 ねぼう 2018,N4
명사,noun,乗り物,のりもの,탈것,,,,乗り物 탈것 のりもの,N4
명사,noun,葉,は,"잎, 나뭇잎",,,,"葉 잎, 나뭇잎 は",N4
명사,noun,場合,ばあい,경우,,,,場合 경우 ばあい 2015,N4
명사,noun,歯医者,はいしゃ,치과 의사,,,,歯医者 치과 의사 はいしゃ,N4
명사,noun,発音,はつおん,발음,,,,発音 발음 はつおん 2018,N4
명사,noun,花見,はなみ,꽃구경,,,,花見 꽃구경 はなみ 2017,N4
명사,noun,林,はやし,숲,,,,林 숲 はやし,N4
명사,noun,番組,ばんぐみ,"프로그램, 방송 프로",,,,"番組 프로그램, 방송 프로 ばんぐみ 2015",N4
명사,noun,反対,はんたい,반대,,,,反対 반대 はんたい 2016,N4
명사,noun,光,ひかり,빛,,,,光 빛 ひかり,N4
명사,noun,引き出し,ひきだし,서랍,,,,引き出し 서랍 ひきだし,N4
명사,noun,髭,ひげ,수염,,,,髭 수염 ひげ,N4
명사,noun,飛行場,ひこうじょう,비행장,,,,飛行場 비행장 ひこうじょう,N4
명사,noun,美術館,びじゅつかん,미술관,,,,美術館 미술관 びじゅつかん 2014,N4
명사,noun,昼間,ひるま,"주간, 낮",,,,"昼間 주간, 낮 ひるま",N4
명사,noun,昼休み,ひるやすみ,점심시간,,,,昼休み 점심시간 ひるやすみ 2017,N4
명사,noun,封筒,ふうとう,봉투,,,,封筒 봉투 ふうとう,N4
명사,noun,復習,ふくしゅう,복습,,,,復習 복습 ふくしゅう 2015,N4
명사,noun,普通,ふつう,보통,,,,普通 보통 ふつう,N4
명사,noun,船,ふね,배(선박),,,,船 배(선박) ふね,N4
명사,noun,文化,ぶんか,문화,,,,文化 문화 ぶんか 2017,N4
명사,noun,文学,ぶんがく,문학,,,,文学 문학 ぶんがく,N4
명사,noun,文法,ぶんぽう,문법,,,,文法 문법 ぶんぽう 2018,N4
명사,noun,返事,へんじ,"답장, 대답",,,,"返事 답장, 대답 へんじ 2017",N4
명사,noun,貿易,ぼうえき,무역,,,,貿易 무역 ぼうえき,N4
명사,noun,法律,ほうりつ,법률,,,,法律 법률 ほうりつ 2016,N4
명사,noun,僕,ぼく,나 (남성어),,,,僕 나 (남성어) ぼく,N4
명사,noun,星,ほし,별,,,,星 별 ほし 2019,N4
명사,noun,孫,まご,손자,,,,孫 손자 まご,N4
명사,noun,真ん中,まんなか,한가운데,,,,真ん中 한가운데 まんなか,N4
명사,noun,万年筆,まんねんひつ,만년필,,,,万年筆 만년필 まんねんひつ,N4
명사,noun,漫画,まんが,만화,,,,漫画 만화 まんが,N4
명사,noun,港,みなと,항구,,,,港 항구 みなと,N4
명사,noun,昔,むかし,옛날,,,,昔 옛날 むかし 2017,N4
명사,noun,虫,むし,벌레,,,,虫 벌레 むし,N4
명사,noun,娘,むすめ,딸,,,,娘 딸 むすめ,N4
명사,noun,木綿,もめん,"무명, 솜",,,,"木綿 무명, 솜 もめん",N4
명사,noun,森,もり,숲,,,,森 숲 もり,N4
명사,noun,約束,やくそく,약속,,,,約束 약속 やくそく 2018,N4
명사,noun,湯,ゆ,"뜨거운 물, 목욕물",,,,"湯 뜨거운 물, 목욕물 ゆ 2018",N4
명사,noun,輸出,ゆしゅつ,수출,,,,輸出 수출 ゆしゅつ,N4
명사,noun,輸入,ゆにゅう,수입,,,,輸入 수입 ゆにゅう,N4
명사,noun,指,ゆび,손가락,,,,指 손가락 ゆび,N4
명사,noun,指輪,ゆびわ,반지,,,,指輪 반지 ゆびわ,N4
명사,noun,夢,ゆめ,꿈,,,,夢 꿈 ゆめ 2017,N4
명사,noun,用意,ようい,준비,,,,用意 준비 ようい 2016,N4
명사,noun,用事,ようじ,"용건, 볼일",,,,"用事 용건, 볼일 ようじ 2018",N4
명사,noun,予習,よしゅう,예습,,,,予習 예습 よしゅう 2015,N4
명사,noun,予定,よてい,예정,,,,予定 예정 よてい 2017,N4
명사,noun,予約,よやく,예약,,,,予約 예약 よやく 2018,N4
명사,noun,理由,りゆう,이유,,,,理由 이유 りゆう 2017,N4
명사,noun,利用,りよう,이용,,,,利用 이용 りよう,N4
명사,noun,両方,りょうほう,양쪽,,,,両方 양쪽 りょうほう,N4
명사,noun,旅館,りょかん,여관,,,,旅館 여관 りょかん,N4
명사,noun,留守,るす,"부재, 집을 비움",,,,"留守 부재, 집을 비움 るす 2016",N4
명사,noun,冷房,れいぼう,냉방,,,,冷房 냉방 れいぼう,N4
명사,noun,歴史,れきし,역사,,,,歴史 역사 れきし 2018,N4
명사,noun,連絡,れんらく,연락,,,,連絡 연락 れんらく 2017,N4
명사,noun,廊下,ろうか,복도,,,,廊下 복도 ろうか,N4
명사,noun,老人,ろうじん,노인,,,,老人 노인 ろうじん,N4
명사,noun,忘れ物,わすれもの,"분실물, 물건을 잊고 옴",,,,"忘れ物 분실물, 물건을 잊고 옴 わすれもの 2017",N4
동사,verb,合う,あう,맞다. 일치하다,替えが合わない。,담이 맞지 않는다.,,合う 맞다. 일치하다 替えが合わない。담이 맞지 않는다. あう,N4
동사,verb,空く,あく,비다,空いた席に座る。,빈 자리에 앉다.,,空く 비다 空いた席に座る。빈 자리에 앉다. あく,N4
동사,verb,集まる,あつまる,모이다,みんな集まってください。,모두 모여 주세요.,2017,集まる 2017 모이다 みんな集まってください。모두 모여 주세요. あつまる,N4
동사,verb,集める,あつめる,모으다,切手を集める。,우표를 수집하다.,,集める 모으다 切手を集める。우표를 수집하다. あつめる,N4
동사,verb,謝る,あやまる,사과하다,待たせたことを謝る。,기だ리게 한 것을 사과하다.,2016,謝る 2016 사과하다 待たせたことを謝る 기だ리게 한 것을 사과하다. あやまる,N4
동사,verb,生きる,いきる,살다,100歳まで生きる。,100세까지 살다.,- 死ぬ 죽다,生きる 살다 - 死ぬ 죽다 100歳まで生きる。100세까지 살다. いきる,N4
동사,verb,いじめる,いじめる,괴롭히다,動物をいじめてはいけない。,동물을 괴롭혀서는 안 된다.,,いじめる 괴롭히다 動物をいじめてはいけない。동물을 괴롭혀서는 안 된다.,N4
동사,verb,急ぐ,いそぐ,서두르다,急いで家に帰る。,서둘러 집으로 돌아가다.,2018,急ぐ 2018 서두르다 急いで家に帰る。서둘러 집으로 돌아가다. いそぐ,N4
동사,verb,致す,いたす,하다,これで失礼致します。,이것으로 실례하겠습니다.,(する의 겸손),致す 하다(する의 겸손) これで失礼致します。이것으로 실례하겠습니다. いたす,N4
동사,verb,いただく,いただく,① 받다 ② 먹다. 마시다,プレゼントをいただく。 / 紅茶をいただく。,선물을 받다. / 홍차를 마시다.,(もらう의 겸손) / (食べる、飲む의 겸손),いただく ① 받다(もらう의 겸손)② 먹다. 마시다(食べる、飲む의 겸손) プレゼントをいただく。선물을 받다. 紅茶をいただく。 홍차를 마시다.,N4
동사,verb,祈る,いのる,빌다. 기원하다,合格を祈る。,합격을 기원하다.,,祈る 빌다. 기원하다 合格を祈る。합격을 기원하다. いのる,N4
동사,verb,いらっしゃる,いらっしゃる,오시다. 가시다. 계시다,明日はお宅にいらっしゃいますか。,내일은 댁에 계십니까?,(来る、行く、いる의 존경),いらっしゃる 오시다. 가시다. 계시다(来る、行く、いる의 존경) 明日はお宅にいらっしゃいますか。내일은 댁에 계십니까?,N4
동사,verb,祝う,いわう,축하하다,入学を祝う。,입학을 축하하다.,,祝う 축하하다 入学を祝う。입학을 축하하다. いわう,N4
동사,verb,植える,うえる,심다,木を植える。,나무를 심다.,,植える 심다 木を植える。나무를 심다. うえる,N4
동사,verb,うかがう,うかがう,① 듣다 ② 여쭙다 ③ 찾아뵙다,話をうかがう。 / 明日またうかがいます。,이야기를 듣다. / 내일 또 찾아뵙겠습니다.,(聞く、問う、尋ねる의 겸손),うかがう ① 듣다 ② 여쭙다 ③ 찾아뵙다(聞く、問う、尋ねる의 겸손) 話をうかがう。이야기를 듣다. ちょっとうかがいたいことがありますが。잠시 묻고 싶은 것이 있습니다만. 明日またうかがいます。내일 또 찾아뵙겠습니다.,N4
동사,verb,受ける,うける,받다,注文を受ける。,주문을 받다.,,受ける 받다 注文を受ける。주문을 받다. うける,N4
동사,verb,動く,うごく,움직이다,車が動く。,차가 움직이다.,2019,動く 2019 움직이다 車が動く。차가 움직이다. うごく,N4
동사,verb,打つ,うつ,치다. 때리다,キーボードを打つ。,키보드를 치다.,,打つ 치다. 때리다 キーボードを打つ。키보드를 치다. うつ,N4
동사,verb,写す,うつす,옮겨적다. 사진 찍다,ノートに写す。,노트에 옮겨적다.,2016,写す 2016 옮겨적다. 사진 찍다 ノートに写す。노트에 옮겨적다. うつす,N4
동사,verb,選ぶ,えらぶ,고르다. 선택하다,プレゼントを選ぶ。,선물을 고르다.,,選ぶ 고르다. 선택하다 プレゼントを選ぶ。선물을 고르다. えらぶ,N4
동사,verb,おいでになる,おいでになる,오시다. 가시다. 계시다,どちらへおいでになりますか。,어디 가십니까?,(来る、行く、いる의 존경),おいでになる 오시다. 가시다. 계시다(来る、行く、いる의 존경) どちらへおいでになりますか。어디 가십니까?,N4
동사,verb,送る,おくる,보내다,メールを送る。,메일을 보내다.,2015,送る 2015 보내다 メールを送る。메일을 보내다. おくる,N4
동사,verb,遅れる,おくれる,늦다. 늦어지다,電車が遅れる。,전철이 늦어지다.,2019,遅れる 2019 늦다. 늦어지다 電車が遅れる。전철이 늦어지다. おくれる,N4
동사,verb,起こす,おこす,일으키다. 발생시키다,事故を起こす。,사고를 내다.,,起こす 일으키다. 발생시키다 事故を起こす。사고를 내다. おこす,N4
동사,verb,怒る,おこる,화를 내다,母は小さいことでよく怒る。,어머니는 사소한 일로 자주 화를 낸다.,,怒る 화를 내다 母は小さいことでよく怒る。어머니는 사소한 일로 자주 화를 낸다. おこる,N4
동사,verb,落ちる,おちる,떨어지다,財布が落ちている。,지갑이 떨어져 있다.,,落ちる 떨어지다 財布が落ちている。지갑이 떨어져 있다. おちる,N4
동사,verb,おっしゃる,おっしゃる,말씀하시다,先生がおっしゃる。,선생님이 말씀하시다.,(言う의 존경),おっしゃる 말씀하시다(言う의 존경) 先生がおっしゃる。선생님이 말씀하시다.,N4
동사,verb,落とす,おとす,① 떨어뜨리다 ② 잃어버리다. 분실하다,本を床に落とす。 / 財布を落とす。,책을 마루에 떨어뜨리다. / 지갑을 잃어버리다.,2019,落とす 2019 ① 떨어뜨리다 ② 잃어버리다. 분실하다 本を床に落とす。책을 마루에 떨어뜨리다. 財布を落とす。지갑을 잃어버리다. おとす,N4
동사,verb,踊る,おどる,춤추다,子供たちが踊っている。,아이들이 춤추고 있다.,,踊る 춤추다 子供たちが踊っている。 아이들이 춤추고 있다. おどる,N4
동사,verb,驚く,おどろく,놀라다,大きな音に驚く。,큰 소리에 놀라다.,,驚く 놀라다 大きな音に驚く。큰 소리에 놀라다. おどろく,N4
동사,verb,思い出す,おもいだす,떠올리다. 생각해내다,昔のことを思い出す。,옛 일을 떠올리다.,,思い出す 떠올리다. 생각해내다 昔のことを思い出す。옛 일을 떠올리다. おもいだす,N4
동사,verb,思う,おもう,생각하다,親を大切に思う。,부모를 소중히 생각하다.,2015,思う 2015 생각하다 親を大切に思う。부모를 소중히 생각하다. おもう,N4
동사,verb,お休みになる,おやすみになる,주무시다,よくお休みになれましたか。,잘 주무셨습니까?,"(寝る, 眠る의 존경)","お休みになる 주무시다(寝る, 眠る의 존경) よくお休みになれましたか よく주무셨습니까? おやすみになる",N4
동사,verb,下りる,おりる,내려오다. 내려가다,山を下りる。,산을 내려가다.,,下りる 내려오다. 내려가다 山を下りる 산을 내려가다. おりる,N4
동사,verb,おる,おる,있다,6時までは会社におります。,6시까지는 회사에 있습니다.,(いる의 겸손),おる 있다(いる의 겸손) 6時までは会社におります。6시까지는 회사에 있습니다.,N4
동사,verb,折れる,おれる,접히다. 꺾어지다,木が折れる。,나무가 꺾어지다.,2016,折れる 2016 접히다. 꺾어지다 木が折れる。나무가 꺾어지다. おれる,N4
동사,verb,飼う,かう,기르다. 사육하다,犬を飼う。,개를 기르다.,,飼う 기르다. 사육하다 犬を飼う。개를 기르다. かう,N4
동사,verb,変える,かえる,바꾸다. 변경하다,予定を変える。,예정을 변경하다.,,変える 바꾸다. 변경하다 予定を変える。예정을 변경하다. かえる,N4
동사,verb,かける,かける,걸다,壁に絵をかける。,벽에 그림을 걸다.,,かける 걸다 壁に絵をかける。벽에 그림을 걸다.,N4
동사,verb,飾る,かざる,장식하다. 꾸미다,玄関に花を飾る。,현관에 꽃을 장식하다.,2016,飾る 2016 장식하다. 꾸미다 玄関に花を飾る。현관에 꽃을 장식하다. かざる,N4
동사,verb,片づける,かたづける,정리하다. 치우다,机の上を片づける。,책상 위를 정리하다.,,片づける 정리하다. 치우다 机の上を片づける。책상 위를 정리하다. かたづける,N4
동사,verb,勝つ,かつ,이기다,試合に勝つ。,시합에 이기다.,,勝つ 이기다 試合に勝つ。시합에 이기다. かつ,N4
동사,verb,がまんする,がまんする,참다,飲みたい酒をがまんする。,마시고 싶은 술을 참다.,,がまんする 참다 飲みたい酒をがまんする。 마시고 싶은 술을 참다.,N4
동사,verb,噛む,かむ,씹다,ガムを噛む。,껌을 씹다.,,噛む 씹다 ガムを噛む。껌을 씹다. かむ,N4
동사,verb,通う,かよう,"다니다(통학, 통근)",自転車で学校に通う。,자전거로 학교에 다닌다.,,"通う 다니다(통학, 통근) 自転車で学校に通う。 자전거로 학교에 다닌다. かよう",N4
동사,verb,乾く,かわく,마르다. 건조되다,洗濯物が乾く。,세탁물이 마르다.,2011,乾く 2011 마르다. 건조되다 洗濯物が乾く。 세탁물이 마르다. かわく,N4
동사,verb,変わる,かわる,바뀌다. 변하다,雨が雪に変わる。,비가 눈으로 바뀌다.,,変わる 바뀌다. 변하다 雨が雪に変わる。비가 눈으로 바뀌다. かわる,N4
동사,verb,考える,かんがえる,생각하다,よく考えてから返事をする。,잘 생각하고 나서 대답을 하다.,2019,考える 2019 생각하다 よく考えてから返事をする よく생각하고 나서 대답을 하다. かんがえる,N4
동사,verb,がんばる,がんばる,노력하다. 분발하다,成功するまでがんばる。,성공할 때까지 노력하다.,,がんばる 노력하다. 분발하다 成功するまでがんばる。 성공할 때까지 노력하다.,N4
동사,verb,気がある,きがある,마음이 있다. 관심이 있다,彼は彼女に気がある。,그는 그녀에게 관심이 있다.,,気がある 마음이 있다. 관심이 있다 彼は彼女に気がある。 그는 그녀에게 관심이 있다. きがある,N4
동사,verb,聞こえる,きこえる,들리다,テレビの音がよく聞こえない。,텔레비전 소리가 잘 들리지 않는다.,,聞こえる 들리다 テレビの音がよく聞こえない。 텔레비전 소리가 잘 들리지 않는다. きこえる,N4
동사,verb,気に入る,きにいる,마음에 들다,この服は気に入らない。,이 옷은 마음에 들지 않는다.,,気に入る 마음에 들다 この服は気に入らない。 이 옷은 마음에 들지 않는다. きにいる,N4
동사,verb,決まる,きまる,정해지다. 결정되다,規則が決まる。,규칙이 정해지다.,2019,決まる 2019 정해지다. 결정되다 規則が決まる。규칙이 정해지다. きまる,N4
동사,verb,決める,きめる,정하다. 결정하다,合格者を決める。,합격자를 정하다.,,決める 정하다. 결정하다 合格者を決める。합격자를 정하다. きめる,N4
동사,verb,切る,きる,자르다. 끊다,はさみで紙を切る。,가위로 종이를 자르다.,,切る 자르다. 끊다 はさみで紙を切る。가위로 종이를 자르다. きる,N4
동사,verb,着る,きる,입다,シャツを着る。,셔츠를 입다.,2014,着る 2014 입다 シャツを着る。셔츠를 입다. きる,N4
동사,verb,下さる,くださる,주시다,先生が本を下さった。,선생님이 책을 주셨다.,,下さる 주시다 先生が本を下さった。선생님이 책을 주셨다. くださる,N4
동사,verb,曇る,くもる,흐리다,空が曇っている。,하늘이 흐리다.,,曇る 흐리다 空が曇っている。하늘이 흐리다. くもる,N4
동사,verb,比べる,くらべる,비교하다,二人の背の高さを比べる。,두 사람의 키를 비교하다.,2016,比べる 2016 비교하다 二人の背の高さを比べる 두 사람의 키를 비교하다. くらべる,N4
동사,verb,くれる,くれる,주다,友達がプレゼントをくれた。,친구가 선물을 주었다.,,くれる 주다 友達がプレゼントをくれた。친구가 선물을 주었다. くれる,N4
동사,verb,暮れる,くれる,저물다. 해가 지다,冬は日が暮れるのが早い。,겨울은 해가 지는 것이 빠르다(겨울은 해가 빨리 진다).,,暮れる 저물다. 해가 지다 冬は日が暮れるのが早い。 겨울은 해가 지는 것이 빠르다(겨울은 해가 빨리 진다),N4
동사,verb,ござる,ござる,있다,お願いがございます。,부탁이 있습니다.,(ある의 정중한 표현),ござる 있다(ある의 정중한 표현) お願いがございます。부탁이 있습니다.,N4
동사,verb,込む,こむ,붐비다. 혼잡하다,電車が込んでいる。,전철이 붐비고 있다.,2017,込む 2017 붐비다. 혼잡하다 電車が込んでいる。전철이 붐비고 있다. こむ,N4
동사,verb,ご覧になる,ごらんになる,보시다,今朝のニュースをご覧になりましたか。,오늘 아침 뉴스를 보셨습니까?,(見る의 존경),ご覧になる 보시다(見る의 존경) 今朝のニュースをご覧になりましたか 오늘 아침 뉴스를 보셨습니까? ごらんになる,N4
동사,verb,転ぶ,ころぶ,구르다. 넘어지다,階段で転ぶ。,계단에서 넘어지다.,,転ぶ 구르다. 넘어지다 階段で転ぶ。계단에서 넘어지다. ころぶ,N4
동사,verb,壊す,こわす,부수다. 고장내다,時計を壊してしまう。,시계를 고장내버리다.,,壊す 부수다. 고장내다 時計を壊してしまう。 시계를 고장내버리다. こわす,N4
동사,verb,壊れる,こわれる,부서지다. 고장나다,壊れた車を修理する。,고장난 차를 수리하다.,2019,壊れる 2019 부서지다. 고장나다 壊れた車を修理する。 고장난 차를 수리하다. こわれる,N4
동사,verb,探す,さがす,찾다,映画館で空いた席を探す。,영화관에서 빈 자리를 찾다.,2019,探す 2019 찾다 映画館で空いた席を探す。 영화관에서 빈 자리를 찾다. さがす,N4
동사,verb,下がる,さがる,내려가다,気温が下がる。,기온이 내려가다.,,下がる 내려가다 気温が下がる。기온이 내려가다. さがる,N4
동사,verb,下げる,さげる,내리다,値段を下げる。,가격을 내리다.,2014,下げる 2014 내리다 値段を下げる。가격을 내리다. さげる,N4
동사,verb,差し上げる,さしあげる,드리다,この花を差し上げます。,이 꽃을 드립니다.,,差し上げる 드리다 この花を差し上げます。이꽃을 드립니다. さしあげる,N4
동사,verb,さす,さす,받치다. 쓰다,傘をさす。,우산을 쓰다.,2015,さす 2015 받치다. 쓰다 傘をさす。우산을 쓰다.,N4
동사,verb,騒ぐ,さわぐ,떠들다,子供が騒ぐ。,아이들이 떠들다.,,騒ぐ 떠들다 子供が騒ぐ。 아이들이 떠들다. さわぐ,N4
동사,verb,触る,さわる,손대다. 만지다,ヒーターに触らないでください。,히터에 손대지 마세요.,,触る 손대다. 만지다 ヒーターに触らないでください。 히터에 손대지 마세요. さわる,N4
동사,verb,叱る,しかる,꾸짖다. 혼내다,子供を叱る。,아이를 꾸짖다.,2019,叱る 2019 꾸짖다. 혼내다 子供を叱る。아이를 꾸짖다. しかる,N4
동사,verb,しまう,しまう,① 끝내다. 마치다. 정리하다 ② 치우다,仕事をしまう。 / 本をしまう。,업무를 끝내다. / 책을 치우다.,2019,しまう 2019 ① 끝내다. 마치다. 정리하다 ② 치우다 仕事をしまう。업무를 끝내다. 本をしまう。책을 치우다.,N4
동사,verb,知らせる,しらせる,알리다,メールで予定を知らせる。,메일로 예정을 알리다.,,知らせる 알리다 メールで予定を知らせる 메일로 예정을 알리다. しらせる,N4
동사,verb,調べる,しらべる,찾다. 조사하다,辞書で調べる。,사전에서 찾다.,2019,調べる 2019 찾다. 조사하다 辞書で調べる。사전에서 찾다. しらべる,N4
동사,verb,知る,しる,알다,この問題の答えを知っていますか。,이 문제의 답을 알고 있습니까?,,知る 알다 この問題の答えを知っていますか。 이 문제의 답을 알고 있습니까? しる,N4
동사,verb,過ぎる,すぎる,지나다. 통과하다,入学して1年が過ぎた。,입학해서 1년이 지났다.,,過ぎる 지나다. 통과하다 入学して1年が過ぎた 입학해서 1년이 지났다. すぎる,N4
동사,verb,すく,すく,비다. 한산하다,道がすいている。,길이 한산하다.,- 込む 붐비다,すく 비다. 한산하다 - 込む 붐비다 道がすいている。길이 한산하다.,N4
동사,verb,進む,すすむ,나아가다. 전진하다. 진행되다,工事が進む。,공사가 진행되다.,2014,進む 2014 나아가다. 전진하다. 진행되다 工事が進む。공사가 진행되다. すすむ,N4
동사,verb,捨てる,すてる,버리다,要らないものを捨てる。,필요하지 않은 물건을 버리다.,2017,捨てる 2017 버리다 要らないものを捨てる。 필요하지 않은 물건을 버리다. すてる,N4
동사,verb,滑る,すべる,미끄러지다,足が滑って転ぶ。,발이 미끄러져 넘어지다.,,滑る 미끄러지다 足が滑って転ぶ。발이 미끄러져 넘어지다. すべる,N4
동사,verb,育てる,そだてる,기르다. 양육하다. 키우다,子供を育てる。,아이를 기르다.,2018,育てる 2018 기르다. 양육하다. 키우다 子供を育てる。아이를 기르다. そだてる,N4
동사,verb,存じる,ぞんじる,① 알다 ② 생각하다,何も存じません。 / こちらの方がよいと存じます。,아무것도 모릅니다. / 이쪽이 좋다고 생각합니다.,(知る의 겸손) / (思う의 겸손),存じる ① 알다(知る의 겸손)② 생각하다(思う의 겸손) 何も存じません。아무것도 모릅니다. こちらの方がよいと存じます。 이쪽이 좋다고 생각합니다. ぞんじる,N4
동사,verb,倒れる,たおれる,쓰러지다. 넘어지다,自転車が倒れる。,자전거가 쓰러지다.,2019,倒れる 2019 쓰러지다. 넘어지다 自転車が倒れる。자전거가 쓰러지다. たおれる,N4
동사,verb,足す,たす,더하다. 보태다,1に2を足すと3になる。,1에 2를 더하면 3이 된다.,,足す 더하다. 보태다 1に2を足すと3になる。 1에 2를 더하면 3이 된다. たす,N4
동사,verb,訪ねる,たずねる,방문하다,田中先生の家を訪ねる。,다나카 선생님의 집을 방문하다.,,訪ねる 방문하다 田中先生の家を訪ねる。 다나카 선생님의 집을 방문하다. たずねる,N4
동사,verb,建つ,たつ,(건물이) 지어지다. 건설되다,高いビルが建つ。,높은 빌딩이 지어지다.,,建つ (건물이) 지어지다. 건설되다 高いビルが建つ。높은 빌딩이 지어지다. たつ,N4
동사,verb,建てる,たてる,(건물을) 짓다. 건설하다,新しい家を建てる。,새로운 집을 짓다.,2019,建てる 2019 (건물을) 짓다. 건설하다 新しい家を建てる。새로운 집을 짓다. たてる,N4
동사,verb,頼む,たのむ,부탁하다. 주문하다,食堂でうどんを頼んだ。,식당에서 우동을 주문했다.,2019,頼む 2019 부탁하다. 주문하다 食堂でうどんを頼んだ。 식당에서 우동을 주문했다. たのむ,N4
동사,verb,足りる,たりる,충분하다,"電車賃は1,000円あれば足りる。","전철비는 1,000엔 있으면 충분하다.",,"足りる 충분하다 電車賃は1,000円あれば足りる。 전철비는 1,000엔 있으면 충분하다. たりる",N4
동사,verb,違う,ちがう,다르다,みんなの考えが違う。,모두의 생각이 다르다.,2017,違う 2017 다르다 みんなの考えが違う。모두의 생각이 다르다. ちがう,N4
동사,verb,捕まえる,つかまえる,잡다. 체포,警察がどろぼうを捕まえる。,경찰이 도둑을 잡다.,,捕まえる 잡다. 체포 警察がどろぼうを捕まえる。 경찰이 도둑을 잡다. つかまえる,N4
동사,verb,疲れる,つかれる,지치다. 피로하다,仕事で疲れる。,업무로 피로하다.,2019,疲れる 2019 지치다. 피로하다 仕事で疲れる。업무로 피로하다. つかれる,N4
동사,verb,付く,つく,붙다. 달리다,ランチにサラダが付く。,런치메뉴에 샐러드가 붙는다(제공된다).,,付く 붙다. 달리다 ランチにサラダが付く。 런치메뉴에 샐러드가 붙는다(제공된다). つく,N4
동사,verb,着く,つく,도착하다,東京に着いたら連絡してください。,도쿄에 도착하면 연락해 주세요.,2017,着く 2017 도착하다 東京に着いたら連絡してください。 도쿄에 도착하면 연락해 주세요. つく,N4
동사,verb,付ける,つける,붙이다. 달다,服にボタンを付ける。,옷에 단추를 달다.,,付ける 붙이다. 달다 服にボタンを付ける。옷에 단추를 달다. つける,N4
동사,verb,伝える,つたえる,전달하다,電話で用件を伝える。,전화로 용건을 전달하다.,2015,伝える 2015 전달하다 電話で用件を伝える。 전화로 용건을 전달하다. つたえる,N4
동사,verb,続く,つづく,계속되다. 이어지다,いい天気が続く。,좋은 날씨가 계속되다.,,続く 계속되다. 이어지다 いい天気が続く。좋은 날씨가 계속되다. つづく,N4
동사,verb,続ける,つづける,계속하다,午後も会議を続ける,오후에도 회의를 계속하다.,,続ける 계속하다 午後も会議を続ける 오후에도 회의를 계속하다. つづける,N4
동사,verb,包む,つつむ,싸다. 포장하다,プレゼントを包む。,선물을 포장하다.,2019,包む 2019 싸다. 포장하다 プレゼントを包む 선물을 포장하다. つつむ,N4
동사,verb,勤める,つとめる,근무하다,銀行に勤めている。,은행에 근무하고 있다.,,勤める 근무하다 銀行に勤めている。은행에 근무하고 있다. つとめる,N4
동사,verb,積もる,つもる,쌓이다,雪が積もる。,눈이 쌓이다.,,積もる 쌓이다 雪が積もる。눈이 쌓이다. つもる,N4
동사,verb,釣る,つる,낚다. 잡다,川で魚を釣る。,강에서 물고기를 낚다.,,釣る 낚다. 잡다 川で魚を釣る。강에서 물고기를 낚다. つる,N4
동사,verb,連れる,つれる,"데리고 가다(오다), 동반하다",犬を連れて散歩する。,개를 데리고 산책하다.,,"連れる 데리고 가다(오다), 동반하다 犬を連れて散歩する。개를 데리고 산책하다. つれる",N4
동사,verb,できる,できる,① 할 수 있다 ② 완성되다. 생기다. 발생하다,スポーツなら何でもできる。 / 料理ができたらすぐ食べよう。 / 家の近くにスーパーができた。,스포츠라면 뭐든지 할 수 있다. / 요리가 완성되면 바로 먹자. / 집 근처에 슈퍼가 생겼다.,,できる ① 할 수 있다② 완성되다 생기다. 발생하다 スポーツなら荷でもできる。스포츠라면 뭐든지 할 수 있다. 料理ができたらすぐ食べよう。요리가 완성되면 바로 먹자. 家の近くにスーパーができた。 근처에 슈퍼가 생겼다.,N4
동사,verb,手伝う,てつだう,돕다. 거들다,掃除を手伝う。,청소를 돕다.,,手伝う 돕다. 거들다 掃除を手伝う。청소를 돕다. てつだう,N4
동사,verb,通る,とおる,지나다. 통과하다,銀行の前を通る。,은행 앞을 지나다.,2019,通る 2019 지나다. 통과하다 銀行の前を通る。은행 앞을 지나다. とおる,N4
동사,verb,閉じる,とじる,"닫다, 감다. 덮다",目を閉じて考える。,눈을 감고 생각하다.,2018,"閉じる 2018 닫다, 감다. 덮다 目を閉じて考える。눈을 감고 생각하다. とじる",N4
동사,verb,届く,とどく,도달하다. 도착하다,荷物が届く。,짐이 도착하다.,,届く 도달하다. 도착하다 荷物が届く。 짐이 도착하다. とどく,N4
동사,verb,届ける,とどける,① 전달하다 ② 신고하다,部長に報告書を届ける。 / 財布を拾って交番に届ける,부장님에게 보고서를 전달하다(제출하다). / 지갑을 주워 파출소에 신고하다.,,届ける ① 전달하다② 신고하다 部長に報告書を届ける。 부장님에게 보고서를 전달하다(제출하다). 財布を拾って交番に届ける 지갑을 주워 파출소에 신고하다. とどける,N4
동사,verb,泊まる,とまる,묵다. 숙박하다,友達の家に泊まる。,친구 집에 묵다.,2015,泊まる 2015 묵다. 숙박하다 友達の家に泊まる. 친구 집에 북다. とまる,N4
동사,verb,止まる,とまる,멈추다. 서다,電車が駅に止まる。,전철이 역에 서다.,2017,止まる 2017 멈추다. 서다 電車が訳に止まる。 전철이 역에 서다. とまる,N4
동사,verb,泊める,とめる,재우다. 숙박시키다. 묵게 하다,客を泊める。,손님을 묵게 하다.,,泊める 재우다. 숙박시키다. 묵게 하다 客を泊める。손님을 묵게 하다. とめる,N4
동사,verb,止める,とめる,멈추다. 세우다,駅前に自転車を止める。,역 앞에 자전거를 세우다.,2011,止める 2011 멈추다. 세우다 駅前に自転車を止める。 역 앞에 자전거를 세우다. とめる,N4
동사,verb,取り替える,とりかえる,교체하다. 바꾸다,カーテンを取り替える。,커튼을 바꾸다.,,取り替える 교체하다. 바꾸다 カーテンを取り替える。커튼을 바꾸다. とりかえる,N4
동사,verb,取る,とる,(손에) 들다. 집다. 잡다,その本を取ってください。,그 책을 집어 주세요.,,取る (손에) 들다. 집다. 잡다 その本を取ってください。 그 책을 집어 주세요. とる,N4
동사,verb,直す,なおす,고치다. 수리하다. 수정하다,壊れたテレビを直す。,고장난 텔레비전을 수리하다.,,直す 고치다. 수리하다. 수정하다 譲れたテレビを置す。 고장난 텔레비전을 수리하다. なおす,N4
동사,verb,治す,なおす,고치다. 치료하다,風邪を治す。,감기를 치료하다.,,治す 고치다. 치료하다 風邪を治す。감기를 치료하다. なおす,N4
동사,verb,直る,なおる,고쳐지다. 수리되다. 수정되다,パソコンが早く直らないと困る,컴퓨터가 빨리 수리되지 않으면 곤란하다.,2010,直る 2010 고쳐지다. 수리되다. 수정되다 パソコンが草く置らないと困る 컴퓨터가 빨리 수리되지 않으면 곤란하다. なおる,N4
동사,verb,治る,なおる,낫다. 치료되다,けがが治る。,상처가 낫다.,,治る 낫다. 치료되다 けががる。상처가 낫다. なおる,N4
동사,verb,流れる,ながれる,흐르다,川が流れる。,강이 흐르다.,,流れる 흐르다 川が流れる。강이 흐르다. ながれる,N4
동사,verb,泣く,なく,울다,大きな声で泣く。,큰소리로 울다.,,泣く 울다 大きな声で泣く。큰소리로 옳다. なく,N4
동사,verb,無くす,なくす,잃다. 없애다,勉強に自信を無くす。,공부에 자신을 잃다.,2018,無くす 2018 잃다. 없애다 勉強に自信を無くす。공부에 자신을 잃다. なくす,N4
동사,verb,亡くなる,なくなる,죽다,病気で亡くなる。,병으로 죽다.,,亡くなる 죽다 病気で亡くなる。병으로 죽다. なくなる,N4
동사,verb,無くなる,なくなる,없어지다,かばんが無くなる.,가방이 없어지다.,,無くなる 없어지다 かばんが無くなる. 가방이 없어지다. なくなる,N4
동사,verb,投げる,なげる,던지다,ボールを投げて遊ぶ。,공을 던지며 놀다.,,投げる 던지다 ボールを投げて遊ぶ。 공을 던지며 놀다. なげる,N4
동사,verb,なさる,なさる,하시다,ご注文は何になさいますか。,주문은 무엇으로 하시겠습니까?,(する의 존경),なさる 하시다(する의 존경) ご注文は何になさいますか。주문은 무엇으로 하시겠습니까?,N4
동사,verb,並ぶ,ならぶ,늘어서다. 진열되다,店の前に客が並んでいる。,가게 앞에 손님이 줄서 있다.,,並ぶ 늘어서다. 진열되다 店の前に客が並んでいる 가게 앞에 손님이 줄서 있다. ならぶ,N4
동사,verb,鳴る,なる,울리다,玄関のベルが鳴る。,현관 벨이 울리다.,,鳴る 울리다 玄関のベルが鳴る。현관 벨이 울리다. なる,N4
동사,verb,慣れる,なれる,익숙해지다,日本での生活に慣れる,일본에서의 생활에 익숙해지다.,2019,慣れる 2019 익숙해지다 日本での生活に憧れる 일본에서의 생활에 익숙해지다. なれる,N4
동사,verb,似合う,にあう,어울리다,この服は私に似合わない。,이 옷은 나에게 어울리지 않는다.,2019,似合う 2019 어울리다 この服は私に似合わない。 이 옷은 나에게 어울리지 않는다. にあう,N4
동사,verb,逃げる,にげる,도망치다. 도망가다,安全なところへ逃げる,안전한 곳으로 도망치다.,2016,逃げる 2016 도망치다. 도망가다 安全なところへ逃げる 안전한 곳으로 도망치다. にげる,N4
동사,verb,似る,にる,닮다,私は父に顔が似ている。,나는 아버지와 얼굴이 닮았다.,2015,似る 2015 닮다 私は父に顔が似ている。 나는 아버지와 얼굴이 닮았다. にる,N4
동사,verb,脱ぐ,ぬぐ,벗다,帽子を脱いであいさつする,모자를 벗어 인사하다.,,脱ぐ 벗다 帽子を脱いであいさつする 모자를 벗어 인사하다. ぬぐ,N4
동사,verb,盗む,ぬすむ,훔치다,お金を盗んで逃げる。,돈을 훔쳐서 달아나다.,,盗む 훔치다 お金を盗んで逃げる。돈을 훔쳐서 달아나다. ぬすむ,N4
동사,verb,塗る,ぬる,바르다. 칠하다,壁にペンキを塗る。,벽에 페인트를 칠하다.,,塗る 바르다. 칠하다 壁にペンキを塗る。벽에 페인트를 칠하다. ぬる,N4
동사,verb,濡れる,ぬれる,젖다,道が雨に濡れている。,길이 비에 젖어 있다.,,濡れる 젖다 道が雨に濡れている。길이 비에 젖어 있다. ぬれる,N4
동사,verb,願う,ねがう,바라다. 희망하다,成功を心から願う,성공을 진심으로 바라다.,,願う 바라다. 희망하다 成功を心から願う 성공을 진심으로 바라다. ねがう,N4
동사,verb,眠る,ねむる,자다. 잠들다,1日7時間眠る。,하루 7시간 잔다.,2019,眠る 2019 자다. 잠들다 1日7時間眠る。하루 7시간 잔다. ねむる,N4
동사,verb,残る,のこる,남다,会社に残って仕事を続ける。,회사에 남아 일을 계속하다.,2016,残る 2016 남다 会社に残って仕事を続ける。 회사에 남아 일을 계속하다. のこる,N4
동사,verb,乗り換える,のりかえる,갈아타다. 환승하다,電車からバスに乗り換える。,전철에서 버스로 갈아타다.,2010,乗り換える 2010 갈아타다. 환승하다 電車からバスに乗り換える。 전철에서 버스로 갈아타다. のりかえる,N4
동사,verb,拝見する,はいけんする,보다. 읽다,お手紙拝見しました。,편지 잘 보았습니다.,"(見る, 読む의 겸손)","拝見する 보다. 읽다(見る, 読む의 겸손) お手紙拝見しました。편지 잘 보았습니다. はいけんする",N4
동사,verb,はく,はく,"①(바지, 치마를) 입다 ② (양말, 신발을) 신다",ズボンをはく。 / 靴をはく。,바지를 입다. / 구두를 신다.,2016,"はく 2016 ①(바지, 치마를) 입다 ② (양말, 신발을) 신다 ズボンをはく。바지를 입다. 靴をはく。구두를 신다.",N4
동사,verb,運ぶ,はこぶ,옮기다. 운반하다. 나르다,荷物を運ぶ。,짐을 옮기다.,2019,運ぶ 2019 옮기다. 운반하다. 나르다 荷物を運ぶ。짐을 옮기다. はこぶ,N4
동사,verb,始める,はじめる,시작하다,ジョギングを始める。,조깅을 시작하다.,,始める 시작하다 ジョギングを始める。조깅을 시작하다. はじめる,N4
동사,verb,走る,はしる,달리다,犬が走ってくる。,개가 달려온다.,2015,走る 2015 달리다 犬が走ってくる。개가 달려온다. はしる,N4
동사,verb,働く,はたらく,일하다,工場で働く。,공장에서 일하다.,2017,働く 2017 일하다 工場で働く。 공장에서 일하다. はたらく,N4
동사,verb,払う,はらう,지불하다,代金をカードで払う。,대금을 카드로 지불하다.,2016,払う 2016 지불하다 代金をカードで払う。대금을 카드로 지불하다. はらう,N4
동사,verb,はる,はる,붙이다. 바르다,教室に地図がはってある。,교실에 지도가 붙어 있다.,,はる 붙이다. 바르다 教室に地図がはってある。교실에 지도가 붙어 있다.,N4
동사,verb,晴れる,はれる,날씨가 개다,明日はよく晴れるらしい。,내일은 아주 맑게 개일 듯하다.,,晴れる 날씨가 개다 明日はよく晴れるらしい。 내일은 아주 맑게 개일 듯하다. はれる,N4
동사,verb,冷える,ひえる,차가워지다. 식다,冷えたビールを飲む。,차가워진 맥주를 마시다.,2017,冷える 2017 차가워지다. 식다 冷えたビールを飲む。 차가워진 맥주를 마시다. ひえる,N4
동사,verb,光る,ひかる,빛나다,星が光っている。,별이 빛나고 있다.,2019,光る 2019 빛나다 星が光っている。 별이 빛나고 있다. ひかる,N4
동사,verb,引く,ひく,끌다. 당기다,ドアを引いて開ける。,문을 당겨서 열다.,,引く 끌다. 당기다 ドアを引いて開ける。문을 당겨서 열다. ひく,N4
동사,verb,引っ越す,ひっこす,이사하다,もっと広い家に引っ越したい。,좀 더 넓은 집으로 이사하고 싶다.,2015,引っ越す 2015 이사하다 もっと広い家に引っ越したい。 좀 더 넓은 집으로 이사하고 싶다. ひっこす,N4
동사,verb,開く,ひらく,열다. 개최하다,店を開く。,가게를 열다.,,開く 열다. 개최하다 店を開く。가게를 열다. ひらく,N4
동사,verb,拾う,ひろう,줍다,公園のごみを拾う。,공원의 쓰레기를 줍다.,,拾う 줍다 公園のごみを拾う。공원의 쓰레기를 줍다. ひろう,N4
동사,verb,増える,ふえる,증가하다. 늘다,人が増える。,사람이 늘다.,2017,増える 2017 증가하다. 늘다 人が増える。사람이 늘다. ふえる,N4
동사,verb,吹く,ふく,불다,風が吹く。,바람이 불다.,,吹く 불다 風が吹く。바람이 불다. ふく,N4
동사,verb,ぶつかる,ぶつかる,부딪치다,バスとトラックがぶつかる。,버스와 트럭이 부딪치다.,2016,ぶつかる 2016 부딪치다 バスとトラックがぶつかる。버스와 트럭이 부딪치다.,N4
동사,verb,太る,ふとる,살찌다,甘い物を食べると太りやすい。,단 것을 먹으면 살찌기 쉽다.,2019,太る 2019 살찌다 甘い物を食べると太りやすい。 단 것을 먹으면 살찌기 쉽다. ふとる,N4
동사,verb,踏む,ふむ,밟다,電車の中で足を踏まれた。,전철 안에서 발을 밟혔다.,,踏む 밟다 電車の中で足を踏まれた。 전철 안에서 발을 밟혔다. ふむ,N4
동사,verb,ほめる,ほめる,칭찬하다,先生が生徒をほめる。,선생님이 학생을 칭찬하다,2011,ほめる 2011 칭찬하다 先生が生徒をほめる。선생님이 학생을 칭찬하다,N4
동사,verb,参る,まいる,오다. 가다,明日また参ります。,내일 또 오겠습니다.,"(来る, 行く의 겸손)","参る 오다. 가다(来る, 行く의 겸손) 明日また参ります。내일 또 오겠습니다. まいる",N4
동사,verb,負ける,まける,지다. 패배하다,試合に負ける。,시합에 지다.,,負ける 지다. 패배하다 試合に負ける。시합에 지다. まける,N4
동사,verb,間違える,まちがえる,잘못하다. 착각하다. 틀리게 하다,答えを間違える。,답을 틀리게 하다.,,間違える 잘못하다. 착각하다. 틀리게 하다 答えを間違える。답을 틀리게 하다. まちがえる,N4
동사,verb,間に合う,まにあう,제 시간에 맞추다. 늦지 않다,会議の時間に間に合う。,회의시간에 늦지 않게 맞추다.,,間に合う 제 시간에 맞추다. 늦지 않다 会議の時間に間に合う。 회의시간에 늦지 않게 맞추다. まにあう,N4
동사,verb,守る,まもる,지키다,約束を守る。,약속을 지키다.,,守る 지키다 約束を守る。약속을 지키다. まもる,N4
동사,verb,回る,まわる,돌다. 돌아다니다,有名なところを見て回る,유명한 곳을 보면서 돌아다니다.,2017,回る 2017 돌다. 돌아다니다 有名なところを見てる 유명한 곳을 보면서 돌아다니다. まわる,N4
동사,verb,見える,みえる,보이다,窓から海が見える。,창에서 바다가 보인다.,,見える 보이다 窓から海が見える。창에서 바다가 보인다. みえる,N4
동사,verb,見つかる,みつかる,발견되다,いい方法が見つかる。,좋은 방법이 발견되다.,2016,見つかる 2016 발견되다 いい方法が見つかる。좋은 방법이 발견되다. みつかる,N4
동사,verb,見つける,みつける,발견하다. 찾아내다,落し物を見つける。,잃어버린 물건을 찾아내다.,,見つける 발견하다. 찾아내다 落し物を見つける。잃어버린 물건을 찾아내다. みつける,N4
동사,verb,迎える,むかえる,맞이하다,駅で友人を迎える。,역에서 친구를 맞이하다.,,迎える 맞이하다 訳で发人を迎える。역에서 친구를 맞이하다. むかえる,N4
동사,verb,召し上がる,めしあがる,드시다,何を召し上がりますか。,무엇을 드시겠습니까?,,召し上がる 드시다 何を召し上がりますか。무엇을 드시겠습니까? めしあがる,N4
동사,verb,申し上げる,もうしあげる,말씀드리다,ご説明申し上げます。,설명드리겠습니다.,(申す보다 정중한 표현),申し上げる 말씀드리다(申す보다 정중한 표현) ご説明申し上げます。설명드리겠습니다. もうしあげる,N4
동사,verb,申す,もうす,말씀드리다,私は中山と申します,저는 나카야마라고 합니다.,(言う의 겸양),申す 말씀드리다(言う의 겸양) 私は中山と申します 저는 나카야마라고 합니다. もうす,N4
동사,verb,戻す,もどす,되돌리다. 돌려놓다,本を本棚に戻す。,책을 책장에 돌려놓다.,,戻す 되돌리다. 돌려놓다 本を本棚に戻す。책을 책장에 돌려놓다. もどす,N4
동사,verb,戻る,もどる,돌아오다,急いで会社に戻る。,서둘러 회사로 돌아오다.,,戻る 돌아오다 急いで会社に戻る。서둘러 회사로 돌아오다. もどる,N4
동사,verb,焼く,やく,굽다. 태우다,パンを焼く。,빵을 굽다.,2016,焼く 2016 굽다. 태우다 パンを焼く。빵을 굽다. やく,N4
동사,verb,役に立つ,やくにたつ,유용하다. 도움이 되다,この辞書は英語の勉強に役に立つ,이 사전은 영어 공부에 도움이 된다.,,役に立つ 유용하다. 도움이 되다 この辞書は英語の勉強勉強にに 役に立つ 이 사전은 영어 공부에 도움이 된다. やくにたつ,N4
동사,verb,焼ける,やける,타다. 구워지다,魚がおいしく焼ける。,생선이 맛있게 구워지다.,,焼ける 타다. 구워지다 魚がおいしく焼ける。 생선이 맛있게 구워지다. やける,N4
동사,verb,やせる,やせる,마르다. 살이 빠지다. 야위다,病気でやせた。,병으로 살이 빠졌다.,,やせる 마르다. 살이 빠지다. 야위다 病気でやせた。병으로 살이 빠졌다.,N4
동사,verb,やむ,やむ,멎다. 그치다,雨がやむ。,비가 그치다.,,やむ 멎다. 그치다 雨がやむ。비가 그치다.,N4
동사,verb,やめる,やめる,그만두다. 끊다,タバコをやめる。,담배를 끊다.,,やめる 그만두다. 끊다 タバコをやめる。담배를 끊다.,N4
동사,verb,やる,やる,① 주다 ② 하다,花に水をやる。 / 宿題をやる。,꽃에 물을 주다. / 숙제를 하다.,= する、行う,やる ①주다②하다=する、行う 花に水をやる。꽃에 물을 주다. 宿題をやる。숙제를 하다.,N4
동사,verb,揺れる,ゆれる,흔들리다,地震で家が揺れる.,지진으로 집이 흔들리다.,,揺れる 흔들리다 地震で家が揺れる. 지진으로 집이 흔들리다. ゆれる,N4
동사,verb,汚れる,よごれる,더러워지다,汚れた手を洗う。,더러워진 손을 씻다.,2014,汚れる 2014 더러워지다 汚れた手を洗う。더러워진 손을 씻다. よごれる,N4
동사,verb,寄る,よる,들르다. 들리다,会社の帰りに書店に寄る。,회사에서 돌아오는 길에 서점에 들르다.,,寄る 들르다. 들리다 会社の帰りに書店に寄る。 회사에서 돌아오는 길에 서점에 들르다. よる,N4
동사,verb,喜ぶ,よろこぶ,기뻐하다,合格を喜ぶ,합격을 기뻐하다.,2019,喜ぶ 2019 기뻐하다 合格を喜ぶ 합격을 기뻐하다. よろこぶ,N4
동사,verb,沸かす,わかす,끓이다,お湯を沸かす。,물을 끓이다.,2018,沸かす 2018 끓이다 お湯を沸かす。 물を 끓이다 わかす,N4
동사,verb,別れる,わかれる,헤어지다. 작별하다,駅で友達と別れて家に帰る。,역에서 친구와 헤어져 집으로 돌아오다.,,別れる 헤어지다. 작별하다 駅で友達と別れて家に帰る。 역에서 친구와 헤어져 집으로 돌아오다. わかれる,N4
동사,verb,沸く,わく,끓다,お湯が沸く。,물이 끓다.,,沸く 끓다 お湯が沸く。 물이 끓다. わく,N4
동사,verb,忘れる,わすれる,① 잊어버리다 ② 물건을 두고오다,約束を忘れる。 / 電車にかさを忘れる。,약속을 잊어버리다. / 전철에 우산을 두고 내리다.,2017,忘れる 2017 ① 잊어버리다 ② 물건을 두고오다 約束を忘れる。약속을 잊어버리다. 電車にかさを忘れる。 전철에 우산을 두고 내리다. わすれる,N4
동사,verb,渡す,わたす,건네다,プレゼントを渡す。,선물을 건네다.,2018,渡す 2018 건네다 プレゼントを渡す。선물을 건네다. わたす,N4
동사,verb,渡る,わたる,건너다,道を渡る。,길을 건너다.,2016,渡る 2016 건너다 道を渡る。길을 건너다. わたる,N4
동사,verb,笑う,わらう,웃다,大きな声で笑う。,큰 소리로 웃다.,,笑う 웃다 大きな声で笑う。큰 소리로 웃다. わらう,N4
동사,verb,割る,わる,쪼개다. 깨뜨리다,ガラスを割る。,유리를 깨뜨리다.,2011,割る 2011 쪼개다. 깨뜨리다 ガラスを割る。유리를 깨뜨리다. わる,N4
동사,verb,割れる,われる,갈라지다. 깨지다,皿が割れる。,접시가 깨지다.,2017,割れる 2017 갈라지다. 깨지다 皿が割れる。접시가 깨지다. われる,N4
이형용사,i_adjective,浅い,あさい,얕다,この川は浅い。,이 강은 얕다.,"{""antonym_word"": ""深い"", ""antonym_meaning"": ""깊다"", ""year"": ""2019""}",浅い 2019 맡다-深い 깊다 この川は浅い。이 강은 있다. あさい,N4
이형용사,i_adjective,熱い,あつい,뜨겁다,熱いお茶を飲む。,뜨거운 차를 마신다.,"{""antonym_word"": ""冷たい"", ""antonym_meaning"": ""차갑다""}",熱い 뜨겁다 - 冷たい 차갑다 熱いお茶を飲む。뜨가운 차를 마신다. あつい,N4
이형용사,i_adjective,厚い,あつい,두껍다,厚いコートを着る。,두꺼운 코트를 입다.,"{""antonym_word"": ""薄い"", ""antonym_meaning"": ""얇다""}",厚い 두껍다 - 薄い 얇다 厚いコートを着る。 두꺼운 코트를 입다. あつい,N4
이형용사,i_adjective,美しい,うつくしい,아름답다,秋は紅葉が美しい。,가을은 단풍이 아름답다.,2016,美しい 2016 아름답다 秋は紅葉が美しい。가음은 단풍이 아름답다. うつくしい,N4
이형용사,i_adjective,うまい,うまい,① 맛있다 ② 잘하다,うまい料理を食べる。 / 彼女は歌がうまい。,맛있는 요리를 먹다. / 그녀는 노래를 잘한다.,2016,うまい 2016 ① 맛있다 ② 잘하다 うまい料理を食べる。맛있는 요리를 먹다. 彼女は がうまい。그녀는 노래를 잘한다.,N4
이형용사,i_adjective,嬉しい,うれしい,기쁘다,友達に会って嬉しかった,친구를 만나서 기뻤다.,"{""antonym_word"": ""悲しい"", ""antonym_meaning"": ""슬프다""}",嬉しい 기쁘다 - 悲しい 슬프다 友達に会って嬉しかった 친구를 만나서 기했다. うれしい,N4
이형용사,i_adjective,おかしい,おかしい,① 이상하다 ② 재미있다. 우습다,おなかの調子がおかしい。 / この漫画は本当におかしい。,배의 상태가 이상하다(속이 좋지 않다). / 이 만화는 정말로 재미있다.,,おかしい ① 이상하다② 재미있다. 우습다 おなかの調子がおかしい。배의 상태가 이상하다(속이 좋지 않다). まんが ほんとう この漫画は本当におかしい。이 만화는 정말로 재미있다.,N4
이형용사,i_adjective,おとなしい,おとなしい,얌전하다,座っていなさい。,얌전하게 앉아 있으라.,2017,"おとなしい 2017 얌전하다 すた 座っていなさい。얌전하게 앉아 있으 , おとなしく",N4
이형용사,i_adjective,固い/硬い,かたい,단단하다. 딱딱하다,固いパンが好きだ。,딱딱한 빵을 좋아한다.,"{""antonym_word"": ""柔らかい"", ""antonym_meaning"": ""부드럽다"", ""year"": ""2016"", ""alt_kanji"": ""硬い""}",固い/硬い 2016 단단하다. 딱딱하다 - 柔らかい 부드럽다 箇いパンが好きだ。딱딱한 빵을 좋아한다. かたい,N4
이형용사,i_adjective,かっこいい,かっこいい,멋지다,自分をかっこよく見せたい。,자신을 멋지게 보여 주고 싶다.,,かっこいい 멋지다 自分をかっこよく見せたい。자신을 멋지게 보여 주고 싶다.,N4
이형용사,i_adjective,かっこ悪い,かっこわるい,꼴사납다. 멋이 없다. 볼썽사납다,階段で転んでかっこ悪かった,계단에서 굴러서 볼썽사나웠다.,,かっこ悪い 꼴사납다. 멋이 없다. 볼썽사납다 階段で転んでかっこ悪かった 계단에서 굴러서 볼썽사나웠다. かっこわるい,N4
이형용사,i_adjective,悲しい,かなしい,슬프다,別れは悲しい。,이별은 슬프다.,"{""antonym_word"": ""嬉しい"", ""antonym_meaning"": ""기쁘다""}",悲しい 슬프다 - 嬉しい 기쁘다 別れは悲しい。이별은 슬프다. かなしい,N4
이형용사,i_adjective,厳しい,きびしい,엄하다. 엄격하다,厳しく注意する。,엄하게 주의를 주다.,2014,厳しい 2014 엄하다. 엄격하다 厳しく注意する。엄하게 주의를 주다. きびしい,N4
이형용사,i_adjective,苦しい,くるしい,괴롭다. 답답하다,息が苦しい。,숨이 답답하다(막힌다).,"{""antonym_word"": ""楽しい"", ""antonym_meaning"": ""즐겁다""}",苦しい 괴롭다. 답답하다 - 楽しい 즐겁다 が苦しい。숨이 답답하다(막힌다). くるしい,N4
이형용사,i_adjective,細かい,こまかい,① 작다 ② 상세하다,細かい字で書く。 / 細かく説明する。,작은 글씨로 쓰다. / 상세하게 설명하다.,2019,細かい 2019 ① 작다 ② 상세하다 細かい字で書く。작은 글씨로 쓰다. 細かく説明する。상세하게 설명하다. こまかい,N4
이형용사,i_adjective,怖い,こわい,무섭다,地震が怖い。,지진이 무섭다.,2018,怖い 2018 무섭다 じしんこわ 地震が怖い。지진이 무섭다. こわい,N4
이형용사,i_adjective,寂しい,さびしい,외롭다. 쓸쓸하다,私がいなくて寂しい。,내가 없어서 외롭다.,,寂しい 외롭다. 쓸쓸하다 がいなくて寂しい。내가 없어서 외롭다. さびしい,N4
이형용사,i_adjective,仕方ない,しかたない,어쩔 수 없다. 하는 수 없다,考えても仕方ない。,생각해도 어쩔 수 없다.,2016,仕方ない 2016 어쩔 수 없다. 하는 수 없다 考えても ない。생각해도 어쩔 수 없다. しかたない,N4
이형용사,i_adjective,親しい,したしい,친하다. 가깝다,彼は田中さんと親しい。,그는 다나카 씨와 친하다.,2019,親しい 2019 친하다. 가깝다 は さんと親しい。 그는 다나카 씨와 친하다. したしい,N4
이형용사,i_adjective,すごい,すごい,대단하다. 굉장하다,すごくおもしろい。,굉장히 재미있다.,,すごい 대단하다. 굉장하다 すごくおもしろい。굉장히 재미있다.,N4
이형용사,i_adjective,涼しい,すずしい,시원하다,涼しい風が吹く。,시원한 바람이 불다.,,涼しい 시원하다 涼しい が吹く。시원한 바람이 좋다. すずしい,N4
이형용사,i_adjective,素晴らしい,すばらしい,훌륭하다. 멋있다,山からの景色は素晴らしい。,산에서 보는 경치는 멋있다.,,素晴らしい 훌륭하다. 멋있다 山からの景色は素晴らしい。 산에서 보는 경치는 멋있다. すばらしい,N4
이형용사,i_adjective,正しい,ただしい,올바르다. 옳다,その答えは正しい。,그 답은 옳다.,,正しい 올바르다. 옳다 その答えはしい。그 답은 옳다. ただしい,N4
이형용사,i_adjective,足りない,たりない,부족하다,お金が足りない。,돈이 부족하다.,"{""note"": ""(동사足りる(충분하다)에서 파생)"", ""year"": ""2015""}",足りない 2015 부족하다(동사足りる(충분하다)에서 파생) お金が足りない。돈이 부족하다. たりない,N4
이형용사,i_adjective,冷たい,つめたい,차갑다,冷たいジュースを飲む。,차가운 주스를 마시다.,"{""antonym_word"": ""熱い"", ""antonym_meaning"": ""뜨겁다"", ""year"": ""2016""}",冷たい 2016 차갑다 - 熱い 뜨겁다 冷たいジュースを飲む。 차가운 주스를 마시다. つめたい,N4
이형용사,i_adjective,苦い,にがい,쓰다,このコーヒーは少し苦い。,이 커피는 조금 쓰다.,"{""antonym_word"": ""甘い"", ""antonym_meaning"": ""달다"", ""year"": ""2011""}",苦い 2011 쓰다 -甘い 달다 このコーヒーは少し苦い。 이 커피는 조금 쓰다. にがい,N4
이형용사,i_adjective,温い,ぬるい,미지근하다,お茶が温くなった。,차가 미지근해졌다.,,温い 미지근하다 お茶が温くなった。차가 미지근해졌다. ぬるい,N4
이형용사,i_adjective,眠い,ねむい,졸리다,寝不足で朝から眠い。,수면부족 때문에 아침부터 졸리다.,2017,眠い 2017 졸리다 未足で朝から眠い。 수면부족 때문에 아침부터 졸리다. ねむい,N4
이형용사,i_adjective,眠たい,ねむたい,졸리다,眠たそうな目をしている,졸린 듯한 눈을 하고 있다.,2011,眠たい 2011 졸리다 眠たそうな目をしている 졸린 듯한 눈을 하고 있다. ねむたい,N4
이형용사,i_adjective,恥ずかしい,はずかしい,부끄럽다. 쑥쓰럽다. 창피하다,成績が悪くて恥ずかしい。,성적이 나빠서 부끄럽다.,,恥ずかしい 부끄럽다. 쑥쓰럽다. 창피하다 成績が悪くて恥ずかしい。 성적이 나빠서 부끄럽다. はずかしい,N4
이형용사,i_adjective,ひどい,ひどい,심하다. 너무하다. 지독하다,今年の寒さはひどい。,올해 추위는 심하다(매섭다).,,ひどい 심하다. 너무하다. 지독하다 今年の さはひどい。올해 추위는 심하다(매섭다).,N4
이형용사,i_adjective,深い,ふかい,깊다,深く考える。,깊이 생각하다.,"{""antonym_word"": ""浅い"", ""antonym_meaning"": ""얕다"", ""year"": ""2017""}",深い 2017 깊다 浅い 얕다 深く える。생각하다. ふかい,N4
이형용사,i_adjective,太い,ふとい,굵다,太い線を書く。,굵은 선을 그리다.,"{""antonym_word"": ""細い"", ""antonym_meaning"": ""가늘다"", ""year"": ""2018""}",太い 2018 굵다 - 細い 가늘다 い を書く。굵은 선을 그리다. ふとい,N4
이형용사,i_adjective,欲しい,ほしい,갖고 싶다. ~해 주었으면 한다,新しい車が欲しい。,새차를 갖고 싶다.,,欲しい 갖고 싶다. ~해 주었으면 한다 新しい が欲しい。새차를 갖고 싶다. ほしい,N4
이형용사,i_adjective,細い,ほそい,가늘다. (폭이) 좁다,細い道を歩く。,좁은 길을 걷다.,"{""antonym_word"": ""太い"", ""antonym_meaning"": ""굵다""}",細い 가늘다. (폭이) 좁다- 太い 굵다 細い道を歩く。좁은 길을 걷다. ほそい,N4
이형용사,i_adjective,珍しい,めずらしい,드물다. 희귀하다,珍しい鳥を見た。,희귀한 새를 보았다.,2019,珍しい 2019 드물다. 희귀하다 珍しい鳥を見た。희귀한 새를 보았다. めずらしい,N4
이형용사,i_adjective,易しい,やさしい,쉽다,テストの問題は易しかった,시험 문제는 쉬웠다.,"{""antonym_word"": ""難しい"", ""antonym_meaning"": ""어렵다""}",易しい 쉽다 - 難しい 어렵다 もんだい やさ テストの問題は易しかった 시험 문제는 쉬웠다. やさしい,N4
이형용사,i_adjective,優しい,やさしい,상냥하다. 다정하다,優しい言葉をかける。,상냥한 말을 걸다.,"{""antonym_word"": ""冷たい"", ""antonym_meaning"": ""쌀쌀맞다""}",優しい 상냥하다. 다정하다 冷たい 쌀쌀맞다 優しい言葉をかける。 상냥한 말을 걸다. やさしい,N4
이형용사,i_adjective,柔らかい,やわらかい,부드럽다,このパンは柔らかい。,이 빵은 부드럽다.,"{""antonym_word"": ""固い"", ""antonym_meaning"": ""딱딱하다""}",柔らかい 부드럽다 - 固い 딱딱하다 やわ このパンは柔らかい。이 좋은 부드럽다. やわらかい,N4
이형용사,i_adjective,よろしい,よろしい,괜찮다. 좋다,今日は気分がよろしい。,오늘은 기분이 좋다.,(いい보다 정중한 말),よろしい 괜찮다. 좋다(いい보다 정중한 말) 今日は気分がよろしい。 오늘은 기분이 좋다.,N4
나형용사,na_adjective,安全な,あんぜんな,안전한,安全なコースを選んで歩く。,안전한 코스를 선택해서 걷다.,"{""year"": ""2018"", ""antonym_word"": ""危険な"", ""antonym_meaning"": ""위험한""}",安全な 2018 안전한 - 危険な 위험한 安全なコースを選んで歩く 안전한 코스를 선택해서 걷다. あんぜんな,N4
나형용사,na_adjective,危険な,きけんな,위험한,この道は車が多くて危険だ。,이 길은 차가 많아서 위험하다.,"{""year"": ""2019"", ""antonym_word"": ""安全な"", ""antonym_meaning"": ""안전한""}",危険な 2019 위험한 - 安全な 안전한 この道は車が多くて危険だ。 이 길은 차가 많아서 위험하다. きけんな,N4
나형용사,na_adjective,けっこうな,けっこうな,"① 좋은, 훌륭한 ② 충분한, 만족스러운",けっこうな入学祝いをもらう。 / もう、お酒はけっこうです。,훌륭한 입학 선물을 받다. / 이제 술은 괜찮습니다(충분합니다).,,"けっこうな ① 좋은, 훌륭한 ② 충분한, 만족스러운 けっこうな入学祝いをもらう。훌륭한 입학 선물을 받다. もう、お酒はけっこうです。이제 숨은 괜찮습니다(충분합니다.",N4
나형용사,na_adjective,盛んな,さかんな,"왕성한, 활발한",工業が盛んになる。,공업이 활발해지다.,,"盛んな 왕성한, 활발한 盛んになる。공업이 활발해지다. さかんな",N4
나형용사,na_adjective,残念な,ざんねんな,유감스러운,試合に負けて残念だ。,시합에 져서 유감이다.,2017,残念な 2017 유감스러운 試合に負けて残念だ。시합에 져서 유감이다. ざんねんな,N4
나형용사,na_adjective,十分な,じゅうぶんな,충분한,十分に説明する。,충분히 설명하다.,,十分な 충분한 十分に説明する。충분히 설명하다. じゅうぶんな,N4
나형용사,na_adjective,親切な,しんせつな,친절한,親切な人が道を教えてくれた。,친절한 사람이 길을 가르쳐 주었다.,2014,親切な 2014 친절한 親切な人が道を教えてくれた 친절한 사람이 길을 가르쳐 주었다. しんせつな,N4
나형용사,na_adjective,大事な,だいじな,"중요한, 소중한",家族を大事に考えている。,가족을 소중하게 생각하고 있다.,2019,"大事な 2019 중요한, 소중한 家族を大事に考えている 가족을 소중하게 생각하고 있다. だいじな",N4
나형용사,na_adjective,大切な,たいせつな,중요한,上手になるためには、練習が大切だ。,능숙해지기 위해서는 연습이 중요하다.,2018,大切な 2018 중요한 上手になるためには、練習が大切だ。 능숙해지기 위해서는 연습이 중요하다. たいせつな,N4
나형용사,na_adjective,丁寧な,ていねいな,"정중한, 꼼꼼한",仕事を丁寧にする。,일을 꼼꼼하게 하다.,2018,"丁寧な 2018 정중한, 꼼꼼한 仕事を丁寧にする。일을 꼼꼼하게 하다. ていねいな",N4
나형용사,na_adjective,適当な,てきとうな,적당한,野菜を適当な大きさに切る。,채소를 적당한 크기로 자른다.,,適当な 적당한 野菜を適当な きさに切る。 채소를 적당한 크기로 자른다. てきとうな,N4
나형용사,na_adjective,特別な,とくべつな,특별한,特別に注文する。,특별히 주문하다.,2019,特別な 2019 특별한 特別に注文する。특별히 주문하다. とくべつな,N4
나형용사,na_adjective,熱心な,ねっしんな,열심인,熱心に勉強する。,열심히 공부하다.,2017,熱心な 2017 열심인 熱心に勉強する。열심히 공부하다. ねっしんな,N4
나형용사,na_adjective,複雑な,ふくざつな,복잡한,複雑な問題になる。,복잡한 문제가 되다.,"{""antonym_word"": ""簡単な"", ""antonym_meaning"": ""간단한""}",複雑な 복잡한 - 簡単な 간단한 複雑な問題になる。 복잡한 문제가 되다. ふくざつな,N4
나형용사,na_adjective,不便な,ふべんな,불편한,ここは交通が不便だ。,이곳은 교통이 불편하다.,"{""year"": ""2019"", ""antonym_word"": ""便利な"", ""antonym_meaning"": ""편리한""}",不便な 2019 불편한 - 便利な 편리한 ここは交通が未だ。 이곳은 교통이 불편하다. ふべんな,N4
나형용사,na_adjective,下手な,へたな,서투른,下手な英語で話す。,서투른 영어로 말하다.,"{""antonym_word"": ""上手な"", ""antonym_meaning"": ""능숙한""}",下手な 서투른-上手な 능숙한 卞手な英語で話す。서투른 영어로 말하다. へたな,N4
나형용사,na_adjective,別な,べつな,"다른, 별개인",それとこれとは話が別だ。,그것과 이것과는 이야기가 별개이다.,,"別な べつな 다른, 별개인 それとこれとは話が別だ。 それとこれとは話が別だ。 그것과 이것과는 이야기가 별개이다. べつな",N4
나형용사,na_adjective,変な,へんな,이상한,この薬は変なにおいがする。,이 약은 이상한 냄새가 난다.,,変な 이상한 この薬は変なにおいがする。 이 약은 이상한 냄새가 난다. へんな,N4
나형용사,na_adjective,まじめな,まじめな,"성실한, 착실한",まじめに勉強したら成績が上がった。,착실하게 공부했더니 성적이 올랐다.,2018,"まじめな 2018 성실한, 착실한 まじめに勉強したら成績が上がった。 착실하게 공부했더니 성적이 올랐다.",N4
나형용사,na_adjective,無理な,むりな,무리한,その仕事は一人では無理だ。,그 일은 혼자서는 무리이다.,,無理な 무리한 その仕事は一人では無理だ。 그 일은 혼자서는 무리이다. むりな,N4
나형용사,na_adjective,立派な,りっぱな,"훌륭한, 멋진",スーツを着ると立派に見える。,정장을 입으면 멋지게 보인다.,,"立派な 훌륭한, 멋진 スーツを着ると立派に見える。 정장을 입으면 멋지게 보인다. りっぱな",N4
부사,adv,あんなに,あんなに,그렇게,あんなにいい人はいない。,그렇게 좋은 사람은 없다.,,あんなに 24日 그렇게 あんなにいい人はいない。그렇게 좋은 사람은 없다.,N4
부사,adv,いかが,いかが,어떻게,もう一杯いかがですか。,한잔 더 어떻습니까?,2014,いかが 2014 어떻게 いっぱい もう一杯いかがですか。한잔 더 어떻습니까?,N4
부사,adv,いくら,いくら,아무리,いくら探しても見つからない。,아무리 찾아도 발견되지(보이지) 않는다.,(뒤에 ~ても(~해도)의 형태로 사용),いくら 아무리(뒤에~ても(~해도)의 형태로 사용) いくら探しても見つからない。 아무리 찾아도 발견되지(보이지 않는다.,N4
부사,adv,いちいち,いちいち,"하나하나, 일일이(전부)",いちいち説明する。,하나하나 설명하다.,,"いちいち 하나하나, 일일이(전부) せつめい いちいち説明する。 하나하나 설명하다.",N4
부사,adv,いつか,いつか,언젠가,またいつかお会いしましょう。,언젠가 또 만납시다.,2016,いつか 2016 언젠가 またいつかお会いしましょう。언젠가 또 만납시다.,N4
부사,adv,一体,いったい,도대체,一体何が言いたいんだ?,도대체 무엇을 말하고 싶은 거야?,,一体 도대체 一体何が言いたいんだ? いったい 도대체 무엇을 말하고 싶은 거야?,N4
부사,adv,いっぱい,いっぱい,가득,お腹いっぱい食べる。,배부르게 먹다.,(명사의 의미로 쓰일 때는 '한 잔'의 의미),いっぱい 가득(명사의 의미로 쓰일 때는 '한 잔'의 의미) お腹いっぱい食べる。배부르게 먹다.,N4
부사,adv,必ず,かならず,"반드시, 틀림없이",宿題は必ずやりなさい。,숙제는 반드시 하세요.,2019,"必ず 2019 반드시, 틀림없이 しゅくだい かならず 204 宿題は必ずやりなさい。숙제는 반드시 하세요.",N4
부사,adv,かなり,かなり,"꽤, 상당히",かなり困っている。,꽤 곤란해하고 있다.,,"かなり 꽤, 상당히 かなり菌っている。 곤란해하고 있다.",N4
부사,adv,きっと,きっと,"반드시, 틀림없이",君ならきっと合格するよ。,너라면 반드시 합격할 거야.,,"きっと 반드시, 틀림없이 きみ ごうかく 君ならきっと合格するよ。너라면 반드시 합격할거야.",N4
부사,adv,急に,きゅうに,갑자기,急に雨が降り出した。,갑자기 비가 내리기 시작했다.,,急に 갑자기 急に が降り出した。 갑자기 비가 내리기 시작했다. きゅうに,N4
부사,adv,けっこう,けっこう,"꽤, 상당히",けっこうおいしい。,꽤 맛있다.,= かなり,"けっこう 꽤, 상당히=かなり けっこうおいしい。꽤 맛있다.",N4
부사,adv,決して,けっして,결코,決してうそは言いません。,결코 거짓말은 하지 않습니다.,,決して 결코 決してうそは言いません。 결코 거짓말은 하지 않습니다. けっして,N4
부사,adv,これから,これから,"이제부터, 앞으로",これから学校に行きます。,지금부터 학교에 갑니다.,,"これから 이제부터, 앞으로 これから学校に行きます。지금부터 학교에 갑니다.",N4
부사,adv,こんなに,こんなに,"이토록, 이렇게",こんなに込むとは思わなかった。,이렇게 붐비리라고는 생각하지 못했다.,,"こんなに 이토록, 이렇게 おも こんなに込むとは思わなかった。 이렇게 봄비리라고는 생각하지 못했다.",N4
부사,adv,さっき,さっき,"조금 전, 아까",さっきから雨が降っている。,조금 전부터 비가 내리고 있다.,,"さっき 조금 전, 아까 さっきから が降っている。조금 전부터 비가 내리고 있다.",N4
부사,adv,しっかり,しっかり,"단단히, 확실히",靴のひもをしっかりと結ぶ。,구두끈을 단단히 매다.,,"しっかり 단단히, 확실히 靴のひもをしっかりと結ぶ。구두끈을 단단히 매다.",N4
부사,adv,ずいぶん,ずいぶん,"몹시, 아주, 대단히",体の調子がずいぶんよくなった。,몸 상태가 아주 좋아졌다.,,"ずいぶん 몹시, 아주, 대단히 からだ ちょうし 体の調子がずいぶんよくなった。몸상태가 아주 좋아졌다.",N4
부사,adv,すっかり,すっかり,완전히,すっかり約束を忘れていた。,완전히 약속을 잊고 있었다.,,すっかり 완전히 やくそくわす すっかり約束を忘れていた。완전히 약속을 잊고 있었다.,N4
부사,adv,ずっと,ずっと,① 계속 ② 훨씬,昨日はずっと家にいた。 / この方がずっと大きい。,어제는 계속 집에 있었다. / 이 쪽이 훨씬 크다.,2015,ずっと 2015 ① 계속② 훨씬 昨日はずっと家にいた。어제는 계속 집에 있었다. ほう この方がずっと大きい。이 쪽이 훨씬 크다.,N4
부사,adv,全然,ぜんぜん,전혀,意味が全然分からない。,의미를 전혀 모르겠다.,2016,全然 2016 전혀 意味が全然分からない。 ぜんぜん 의미를 전혀 모르겠다.,N4
부사,adv,それほど,それほど,"① 그 정도로, 그렇게 ② 그다지",それほど欲しいならあげよう。 / それほど難しくない。,그렇게 갖고 싶다면 주겠어. / 그다지 어렵지 않다.,= あまり,"それほど ① 그 정도로, 그렇게② 그다지=あまり むずか それほど欲しいならあげよう。그렇게 갖고 싶다면 주겠어. それほど難しくない。그다지 어렵지 않다.",N4
부사,adv,そろそろ,そろそろ,슬슬,そろそろ出かけよう。,슬슬 나가자.,,そろそろ 合金 そろそろ出かけよう。숨습 나가자. だいたい,N4
부사,adv,そんなに,そんなに,그렇게,そんなに心配しなくてもいい。,그렇게 걱정하지 않아도 된다.,,そんなに そう 그렇게 しんぱい そんなに心配しなくてもいい。그렇게 걱정하지 않아도 된다.,N4
부사,adv,大体,だいたい,"대개, 대부분",説明は大体分かりました。,설명은 대체로 알겠습니다.,,"大体 대개, 대부분 説明は 分かりました 설명은 대체로 알겠습니다.",N4
부사,adv,大抵,たいてい,"대개, 대부분",休日は大抵家で過ごす。,휴일은 대부분 집에서 지낸다.,= 大体,"大抵 たいてい 대개, 대부분=大体 休日は で過ごす。 휴일은 대부분 집에서 지낸다.",N4
부사,adv,だいぶ,だいぶ,"상당히, 몹시",今日はだいぶ寒い。,오늘은 상당히 춥다.,= かなり,"だいぶ 상당히, 몹시=かなり 今日はだいぶ寒い。오늘은 상당히 춥다.",N4
부사,adv,確か,たしか,분명히,確か今日も営業しているはずだ。,분명히 오늘도 영업하고 있을 것이다.,,確か たしか 분명히 確か今日も営業しているはずだ。 분명히 오늘도 영업하고 있을 것이다.,N4
부사,adv,ただいま,ただいま,"지금 막, 곧, 바로",ただいま参ります。,곧 가겠습니다.,= すぐに、もうすぐ,"ただいま 지금 막, 곧, 바로 = すぐに、もうすぐ ただいま参ります。곧 가겠습니다.",N4
부사,adv,例えば,たとえば,예를 들면,私は冬のスポーツ、例えばスキーが好きです。,"저는 겨울 스포츠, 예를 들면 스키를 좋아합니다.",,"例えば たとえば 예를 들면 私は のスポーツ、例えばスキーが 好きです。 , 예를 들면 스키를 좋아합니다.",N4
부사,adv,多分,たぶん,아마,多分行けるでしょう。,아마 갈 수 있을 것 같다.,,多分 たぶん 아마 行けるとう。이마갈 수 있을 것 같다.,N4
부사,adv,たまに,たまに,"간혹, 이따금",たまに映画を見る。,이따금 영화를 본다.,,"たまに 간혹, 이따금 えいが み たまに映画を見る。이따금 영화를 본다.",N4
부사,adv,ちっとも,ちっとも,"조금도, 전혀",この本はちっともおもしろくない。,이 책은 전혀 재미가 없다.,,"ちっとも 조금도, 전혀 この本はちっともおもしろくない。이 책은 전혀 재미가 없다.",N4
부사,adv,ちょうど,ちょうど,"정확히, 딱",ちょうど約束の時間に着く。,정확히 약속시간에 도착하다.,,"ちょうど 正確히, 딱 やくそく じかん ちょうど約束の時間に着く。정확히 약속시간에 도착하다.",N4
부사,adv,できるだけ,できるだけ,가능한 한,できるだけ早く返事をください。,가능한 한 빨리 답장을 주세요.,なるべく,できるだけ 가능한 한 なるべく できるだけ早く返事をください。가능한 한 빨리 답장을 주세요.,N4
부사,adv,とうとう,とうとう,"끝내, 마침내",彼はとうとう来なかった。,그는 끝내 오지 않았다.,,"とうとう 끝내, 마침내 彼はとうとう来なかった。 그는 끝내 오지 않았다. かれ",N4
부사,adv,特に,とくに,"특히, 특별히",特に問題はなかった。,특별히 문제는 없었다.,,"特に とくに 특히, 특별히 特に簡題はなかった。특별히 문제는 없었다.",N4
부사,adv,どんどん,どんどん,"착착(순조롭게), 자꾸자꾸(계속해서)",工事がどんどん進む。,공사가 순조롭게 진행되다.,,"どんどん 着着(순조롭게), 자꾸자꾸(계속해서) 工事がどんどん進む , 공사가 순조롭게 진행되다.",N4
부사,adv,どんなに,どんなに,아무리,どんなに遅くても3時までには戻ります。,아무리 늦어도 3시까지는 돌아오겠습니다.,,どんなに 아무리 どんなに違くても3時までには戻ります。 아무리 늦어도 3시까지는 돌아오겠습니다.,N4
부사,adv,なかなか,なかなか,"① 꽤, 상당히 ② 좀처럼(~않는다)",この本はなかなかおもしろい。 / タクシーがなかなかつかまらない。,이 책은 상당히 재미있다. / 택시가 좀처럼 잡히지 않는다.,2014,"なかなか 2014 ① 꽤, 상당히 ② 좀처럼(~않는다) ほん この本はなかなかおもしろい。이 책은 상당히 재미있다. タクシーがなかなかつかまらない。택시가 좀처럼 잡히지 않는다.",N4
부사,adv,なるべく,なるべく,가능한 한,なるべく出席してください。,가능한 한 출석해 주세요.,= できるだけ,なるべく 가능한 한=できるだけ しゅっせき なるべく出席してください。가능한 한 출석해 주세요.,N4
부사,adv,なるほど,なるほど,과연,なるほどこの本はおもしろい。,과연 이 책은 재미있다.,= たしかに、ほんとうに,なるほど 과연=たしかに、ほんとうに なるほどこの本はおもしろい。과연 이 책은 재미있다.,N4
부사,adv,はじめて,はじめて,처음으로,はじめてお目にかかります。,처음 뵙겠습니다.,,はじめて 처음으로 はじめてお目にかかります。처음뵙겠습니다.,N4
부사,adv,はじめに,はじめに,"우선, 먼저",はじめに私から報告いたします。,우선 저부터 보고하겠습니다.,= まず,"はじめに 우선, 먼저=まず ほうこく はじめに私から報告いたします。우선 저부터 보고하겠습니다.",N4
부사,adv,はっきり,はっきり,분명히,はっきりと見える。,분명하게 보인다.,2010,はっきり 2010 분명히 A はっきりと見える。분명하게 보인다.,N4
부사,adv,非常に,ひじょうに,"매우, 상당히",非常に難しい。,매우 어렵다.,,"非常に ひじょうに 매우, 상당히 非常に難しい。매우 슬프다.",N4
부사,adv,びっくり,びっくり,깜짝 놀라는 모습,値段を聞いてびっくりする。,가격을 듣고 깜짝 놀라다.,2016,びっくり 2016 놀라는 모습 値段を聞いてびっくりする。 가격을 듣고 깜짝 놀라다.,N4
부사,adv,ぺらぺら,ぺらぺら,"술술(유창하게 말하는 모습), 나불나불(경솔하게 말하는 모습)",他人の秘密をぺらぺら話す。,다른 사람의 비밀을 나불나불 이야기하다.,,"ぺらぺら 술술(유창하게 말하는 모습), 나불나불(경솔하게 말하는 모습) の秘密をべらべら話す。 다른 사람의 비밀을 나불나불 이야기하다.",N4
부사,adv,ほとんど,ほとんど,"거의, 대부분",ほとんど終わりました。,거의 끝났습니다.,,"ほとんど 거의, 대부분 ほとんど終わりました。거의 끝났습니다.",N4
부사,adv,まず,まず,먼저,まずお茶でも飲んでください。,우선 차라도 드세요.,= はじめに,まず まず 먼저=はじめに まずお茶でも飲んでください。우선 차라도 드세요.,N4
부사,adv,もう,もう,"이미, 벌써",会議はもう終わりました。,회의는 벌써 끝났습니다.,2014,"もう 2014 이미, 벌써 会議はもう終わりました。회의는 벌써 끝났습니다.",N4
부사,adv,もうすぐ,もうすぐ,"이제 곧, 머지않아",もうすぐ来るでしょう。,이제 곧 오겠지요.,,"もうすぐ 이제 곧, 머지않아 もうすぐ来るでしょう。이제 곧 오겠지요.",N4
부사,adv,もし,もし,만약,もし明日雨が降ったら中止になります。,만약 내일 비가 내리면 중지됩니다.,,もし 만약 もし萌 が降ったら中止になります。 만약 내일 비가 내리면 중지됩니다.,N4
부사,adv,もちろん,もちろん,물론,もちろん出席します。,물론 출석하겠습니다.,2016,もちろん 2016 물론 しゅっせき もちろん出席します。물론 출석하겠습니다.,N4
부사,adv,やっと,やっと,"겨우, 간신히",やっと成功した。,겨우 성공했다.,,"やっと 겨우, 간신히 せいこう やっと成功した。겨우 성공했다.",N4
부사,adv,やはり,やはり,역시,彼はやはり来なかった。,그는 역시 오지 않았다.,(강조는 やっぱり라고도 함) / 2014,やはり 2014 역시(강조는 やっぱり라고도 함) 彼はやはり来なかった。그는 역시 오지 않았다.,N4
부사,adv,よく,よく,① 잘 ② 자주,星がよく見える。 / よく映画を見に行く。,별이 잘 보인다. / 자주 영화를 보러 간다.,,よく ①잘② 자주 星がよく見える。 이 잘 보인다. よく映画を見に行く。자주 영화를 보러 간다.,N4
부사,adv,わざわざ,わざわざ,일부러,わざわざ行かなくてもいい。,일부러 가지 않아도 된다.,,わざわざ 일부러 わざわざ行かなくてもいい。일부러 가지 않아도 된다.,N4
기타,other,おや,おや,"이런, 어, 어라",おや、まだ帰らなかったの?,"어, 아직 안 갔어?(가벼운 놀람)","{""pos"": ""감탄사""}","おや こんな、어, 어라 <감탄사> おや、まだ帰らなかったの? , 아직 안 갔어?(가벼운 놀람)",N4
기타,other,けれども,けれども,"하지만, 그렇지만",安い。けれども、品質はよくない。,싸다. 하지만 품질은 좋지 않다.,"{""pos"": ""접속사""}","けれども 하지만, 그렇지만 <접속사> 安い。けれども、品質はよくない。 싸다. 하지만 품질은 좋지 않다.",N4
기타,other,しかし,しかし,그러나,天気は悪い。しかし、出かける。,날씨는 좋지 않다. 그러나 외출하겠다.,"{""pos"": ""접속사""}",しかし 그러나 <접속사> 笑気はい。しかし、出かける。 날씨는 좋지 않다. 그러나 외출하겠다.,N4
기타,other,すると,すると,"그러자, 그랬더니",ドアをノックした。すると誰か出てきた。,문을 노크했다. 그러자 누군가 나왔다.,"{""pos"": ""접속사""}","すると 그러자, 그랬더니 <접속사> ドアをノックした。すると誰か出てきた。 문을 노크했다. 그러자 누군가 나왔다.",N4
기타,other,そして,そして,그리고,中学校を卒業して、そして、高校に入学した。,"중학교를 졸업하고, 그리고 고등학교에 입학했다.","{""pos"": ""접속사""}","そして 그리고 <접속사> 中学校を卒業して、そして、高校に「 した。 중학교를 졸업하고, 그리고 고등학교에 입학했다.",N4
기타,other,それから,それから,"그리고, 그리고나서",顔を洗って、それからご飯を食べる。,"세수를 하고, 그리고 밥을 먹는다.","{""pos"": ""접속사""}","それから 그리고, 그리고나서 <접속사>  を洗って、それからご飯を食べる。 세수를 하고, 그리고 밥을 먹는다.",N4
기타,other,それで,それで,그래서,昨日は天気が悪かった。それで出かけなかった。,어제는 날씨가 나빴다. 그래서 외출하지 않았다.,"{""pos"": ""접속사""}",それで 그래서 <접속사> 昨日は天気が悪かった。それで出かけなかった。 어제는 날씨가 나빴다. 그래서 외출하지 않았다.,N4
기타,other,それでは,それでは,그러면,それでは始めましょう。,그럼 시작합시다.,"{""pos"": ""접속사""}",それでは 그러면 <접속사> それでは始めましょう。그럼 시작합시다.,N4
기타,other,それに,それに,게다가,この仕事は楽だ。それに給料もいい。,이 일은 편하다. 게다가 급료도 좋다.,"{""pos"": ""접속사""}",それに 게다가 <접속사> この仕事は楽だ。それに給料もいい。 이 일은 편하다. 게다가 급료도 좋다.,N4
기타,other,だから,だから,"그러므로, 그러니까, 그래서",もう時間がない。だから急がなければならない。,이제 시간이 없다. 그러므로 서두르지 않으면 안 된다.,"{""pos"": ""접속사""}","だから 그러므로, 그러니까, 그래서 <접속사> もう時間がない。だから急がなければならない。 이제 시간이 없다. 그러므로 서두르지 않으면 안 된다.",N4
기타,other,など,など,~등,休みの日は、掃除や洗濯などをします。,쉬는 날에는 청소나 세탁 등을 합니다.,"{""pos"": ""조사""}",など ~등 <조사) 休みの日は、掃除や洗濯などをします。 쉬는 날에는 청소나 세탁 등을 합니다.,N4
기타,other,ばかり,ばかり,"~뿐, ~만",いつも怒ってばかりいる。,언제나 화만 내고 있다.,"{""pos"": ""조사""}","ばかり ~뿐, ~만<조사> いつも怒ってばかりいる。언제나 화만 내고 있다.",N4
기타,other,または,または,또는,電話またはメールで知らせます,전화 또는 메일로 통지하겠습니다.,"{""pos"": ""접속사""}",または 또는 <접속사> 電話またはメールで知らせます 전화 또는 메일로 통지하겠습니다.,N4
가타카나,katakana,アイデア,アイデア,아이디어,いいアイデアを出す。,좋은 아이디어를 내다.,,アイデア 아이디어 いいアイデアを出す。 좋은 아이디어를 내다.,N4
가타카나,katakana,アイロン,アイロン,다리미,アイロンをかける。,다리미질을 하다.,,アイロン 다리미 アイロンをかける。다리미질을 하다.,N4
가타카나,katakana,アクセサリー,アクセサリー,액세서리,アクセサリーをつける。,액세서리를 하다.,,アクセサリー 액세서리 アクセサリーをつける。액세서리를 하다.,N4
가타카나,katakana,アジア,アジア,아시아,アジアには多くの国がある。,아시아에는 많은 나라가 있다.,,アジア 아시아 アジアには多くの国がある。아시아에는 많은 나라가 있다.,N4
가타카나,katakana,アナウンサー,アナウンサー,아나운서,アナウンサーがニュースを読む。,아나운서가 뉴스를 읽는다.,,アナウンサー 아나운서 アナウンサーがニュースを読む。 아나운서가 뉴스를 읽는다.,N4
가타카나,katakana,アニメ,アニメ,"애니메이션, 만화영화",テレビでアニメを見る。,텔레비전으로 애니메이션을 본다.,,"アニメ 애니메이션, 만화영화(アニメーション의 준말) テレビでアニメを見る。텔레비전으로 애니메이션을 본다.",N4
가타카나,katakana,アフリカ,アフリカ,아프리카,アフリカを旅行する。,아프리카를 여행하다.,,アフリカ 아프리카 アフリカを旅行する。아프리카를 여행하다.,N4
가타카나,katakana,アメリカ,アメリカ,미국,アメリカに留学に行く。,미국으로 유학가다.,,アメリカ 미국 アメリカに留学に行く 미국으로 유학가다.,N4
가타카나,katakana,アルコール,アルコール,알코올,この飲み物にはアルコールが入っている。,이 음료에는 알코올이 들어 있다.,,アルコール 알코올 この飲み物にはアルコールが入っている 이 음료에는 알코올이 들어 있다.,N4
가타카나,katakana,アルバイト,アルバイト,아르바이트,本屋でアルバイトをする。,서점에서 아르바이트를 하다.,,アルバイト 아르바이트 茶屋でアルバイトをする。서점에서 아르바이트를 하다.,N4
가타카나,katakana,イヤリング,イヤリング,귀걸이,イヤリングをつける。,귀걸이를 하다.,,イヤリング 귀걸이 イヤリングをつける。귀걸이를 하다.,N4
가타카나,katakana,エアコン,エアコン,에어컨,エアコンが壊れている。,에어컨이 고장나 있다.,,エアコン 에어컨 エアコンが壊れている。 에어컨이 고장나 있다.,N4
가타카나,katakana,エスカレーター,エスカレーター,에스컬레이터,4階まではエスカレーターで上がる。,4층까지는 에스컬레이터로 올라간다.,,エスカレーター 에스컬레이터 4階まではエスカレーターで上がる。 4층까지는 에스컬레이터로 올라간다.,N4
가타카나,katakana,オートバイ,オートバイ,오토바이,オートバイに乗って走る。,오토바이를 타고 달린다.,,オートバイ 오토바이 オートバイに乗って走る。 오토바이를 타고 달린다.,N4
가타카나,katakana,カーテン,カーテン,커튼,部屋のカーテンを閉める。,방의 커튼을 닫다.,,カーテン 커튼 部屋のカーテンを閉める。방의 커튼을 닫다.,N4
가타카나,katakana,ガス,ガス,가스,ガスの火を強くする。,가스 불을 세게 하다.,,ガス 가스 ガスの火を強くする。 가스 불을 세게 하다.,N4
가타카나,katakana,ガソリン,ガソリン,"가솔린, 휘발유",ガソリンの値段が上がる。,휘발유 값이 오르다.,,"ガソリン 가솔린, 휘발유 ガソリンの値段が上がる。휘발유 값이 오르다.",N4
가타카나,katakana,ガソリンスタンド,ガソリンスタンド,주유소,近くのガソリンスタンドを探す。,가까운 주유소를 찾다.,,スタンド 주유소 近くのガソリンスタンドを探す。가까운 주유소를 찾다.,N4
가타카나,katakana,ガラス,ガラス,유리,ガラスは割れやすい。,유리는 깨지기 쉽다.,,ガラス 유리 ガラスは割れやすい。유리는 깨지기 쉽다.,N4
가타카나,katakana,カレー,カレー,카레,昼食はカレーにする。,점심식사는 카레로 하다.,,カレー 카레 昼食はカレーにする。점심식사는 카레로 하다.,N4
가타카나,katakana,キッチン,キッチン,부엌,キッチンで料理をする。,부엌에서 요리를 하다.,,キッチン 부엌=台所 キッチンで料理をする。부엌에서 요리를 하다.,N4
가타카나,katakana,キログラム,キログラム,킬로그램,体重が5キログラムも増えてしまった。,체중이 5킬로그램이나 늘어 버렸다.,,キログラム 킬로그램 体重が5キログラムも増えてしまった。 체중이 5킬로그램이나 늘어 버렸다.,N4
가타카나,katakana,キロメートル,キロメートル,킬로미터,時速100キロメートルで走る。,시속 100킬로미터로 달리다.,,キロメートル 킬로미터 時速100キロメートルで走る。시속 100킬로미터로 달리다.,N4
가타카나,katakana,ケーキ,ケーキ,케이크,ケーキを半分に切る。,케이크를 반으로 자르다.,,ケーキ 케이크 ケーキを半分に切る。케이크를 반으로 자르다.,N4
가타카나,katakana,ゲーム,ゲーム,게임,毎日ゲームばかりしている。,매일 게임만 하고 있다.,,ゲーム 게임 毎日ゲームばかりしている。매일 게임만 하고 있다.,N4
가타카나,katakana,コート,コート,코트,コートを着る。,코트를 입다.,,コート 코트 コートを着る。코트를 입다.,N4
가타카나,katakana,コンサート,コンサート,"콘서트, 음악회",市民ホールでコンサートが開かれた。,시민 홀에서 콘서트가 열렸다.,,"コンサート 콘서트, 음악회 市民ホールでコンサートが開かれた。 시민 홈에서 콘서트가 열렸다.",N4
가타카나,katakana,コンピューター,コンピューター,컴퓨터,コンピューターを使ってメールを送る。,컴퓨터를 사용해서 메일을 보내다.,,コンピューター 컴퓨터 コンピューターを使ってメールを送る。 컴퓨터를 사용해서 메일을 보내다.,N4
가타카나,katakana,サイン,サイン,"사인, 서명",作家にサインをもらう。,작가에게 사인을 받다.,,"サイン 사인, 서명 作家にサインをもらう。작가에게 사인을 받다.",N4
가타카나,katakana,サラダ,サラダ,샐러드,野菜サラダを食べる。,채소 샐러드를 먹다.,,サラダ 샐러드 野菜サラダを食べる。채소 샐러드를 먹다.,N4
가타카나,katakana,サンダル,サンダル,샌들,夏はやはりサンダルがいい。,여름은 역시 샌들이 좋다.,,サンダル 샌들 夏はやはりサンダルがいい。여름은 역시 샌들이 좋다.,N4
가타카나,katakana,サンドイッチ,サンドイッチ,샌드위치,ハムと野菜の入ったサンドイッチを買った。,햄과 채소가 든 샌드위치를 샀다.,,サンドイッチ 샌드위치 ハムと野菜の入ったサンドイッチを買った 햄과 채소가 든 샌드위치를 샀다.,N4
가타카나,katakana,ジャム,ジャム,잼,イチゴジャムを塗って食べる。,딸기잼을 발라 먹다.,,ジャム 잼 イチゴジャムを塗って食べる。딸기잼을 발라 먹다.,N4
가타카나,katakana,ジュース,ジュース,주스,オレンジジュースを飲む。,오렌지 주스를 마시다.,,ジュース 주스 オレンジジュースを飲む。오렌지 주스를 마시다.,N4
가타카나,katakana,スイッチ,スイッチ,스위치,スイッチを入れる。,스위치를 켜다.,,スイッチ 스위치 スイッチを入れる。스위치를 켜다.,N4
가타카나,katakana,スーツ,スーツ,"슈트, 정장",黒いスーツを着る。,검은 정장을 입다.,,"スーツ 슈트, 정장 黒いスーツを着る。검은 정장을 입다.",N4
가타카나,katakana,スーツケース,スーツケース,"슈트케이스, 여행가방",スーツケースを持ち歩く。,슈트케이스를 가지고 다니다.,,"スーツケース 슈트케이스, 여행가방 スーツケースを持ち歩く。 슈트케이스를 가지고 다니다.",N4
가타카나,katakana,スーパー,スーパー,슈퍼마켓,スーパーに買い物に行く。,슈퍼에 쇼핑하러 간다.,,スーパー 슈퍼마켓(スーパーマーケット의 준말) スーパーに買い物に行く。슈퍼에 쇼핑하러 간다.,N4
가타카나,katakana,スクリーン,スクリーン,스크린,映画をスクリーンに映す。,영화를 스크린에 상영하다.,,スクリーン スクリ 映画をスクリーンに映す。영화를 스크린에 상영하다.,N4
가타카나,katakana,ステーキ,ステーキ,스테이크,ステーキを焼く。,스테이크를 굽다.,,ステーキ 스테이크 ステーキを焼く。스테이크를 굽다.,N4
가타카나,katakana,ステレオ,ステレオ,"스테레오, 오디오",このステレオは音がいい。,이 스테레오는 소리가 좋다.,,"ステレオ ステレオ, 오디오 このステレオは がいい。이 스테레오는 소리가 좋다.",N4
가타카나,katakana,スピーカー,スピーカー,"스피커, 확성기",スピーカーで音を出す。,스피커로 소리를 내다.,,"スピーカー 스피커, 확성기 スピーカーで を出す。 스피커로 소리를 내다.",N4
가타카나,katakana,スピーチ,スピーチ,"스피치, 연설",みんなの前でスピーチをする。,모두의 앞에서 연설을 하다.,,"スピーチ スピーチ, 연설 みんなの でスピーチをする。모두의 앞에서 연설을 하다.",N4
가타카나,katakana,スピード,スピード,"스피드, 속도",スピードを上げる。,스피드를 올리다(내다).,,"スピード 스피드, 속도 スピードを上げる。스피드를 올리다(내다).",N4
가타카나,katakana,スリッパ,スリッパ,슬리퍼,室内ではスリッパをはく。,실내에서는 슬리퍼를 신는다.,,スリッパ 슬리퍼 室内ではスリッパをはく。 실내에서는 슬리퍼를 신는다.,N4
가타카나,katakana,セット,セット,세트,コーヒーセットをプレゼントする。,커피 세트를 선물하다.,,セット 세트 コーヒーセットをプレゼントする。커피 세트를 선물하다.,N4
가타카나,katakana,ソフト,ソフト,"소프트, 부드러움",ソフトに言う。,부드럽게 말하다.,,"ソフト 소프트, 부드러움 ソフトに言う。부드럽게 말하다.",N4
가타카나,katakana,タイプ,タイプ,"타입, 종류, 유형",新しいタイプの車を作る。,새로운 타입의 자동차를 만들다.,,"タイプ 타입, 종류, 유형 新しいタイプの車を作る。새로운 타입의 자동차를 만들다.",N4
가타카나,katakana,ダンス,ダンス,"댄스, 춤",ダンスパーティーを開く。,댄스 파티를 열다.,,"ダンス 댄스, 춤 ダンスパーティーを開く。댄스 파티를 열다.",N4
가타카나,katakana,チェック,チェック,"체크, 확인",明日のスケジュールをチェックする。,내일 스케줄을 체크하다.,,"チェック 체크, 확인 のスケジュールをチェックする。내일 스케줄을 체크",N4
가타카나,katakana,チケット,チケット,"티켓, 표",コンサートのチケットを買う。,콘서트 티켓을 사다.,,"チケット 티켓, 표 コンサートのチケットを買う。콘서트 티켓을 사다.",N4
가타카나,katakana,チャンス,チャンス,찬스,チャンスを逃がす。,찬스를 놓치다.,,チャンス 찬스 チャンスを逃がす。찬스를 놓치다.,N4
가타카나,katakana,デート,デート,데이트,彼女とデートする。,그녀와 데이트하다.,,デート 데이트 彼女とデートする。그녀와 데이트하다.,N4
가타카나,katakana,テキスト,テキスト,"텍스트, 교재",このテキストから試験の問題が出ます。,이 교재에서 시험문제가 나옵니다.,,"テキスト 텍스트, 교재 このテキストから試験の問題が出ます。 이 교재에서 시험문제가 나옵니다.",N4
가타카나,katakana,テニス,テニス,테니스,友達とテニスをした。,친구와 테니스를 쳤다.,,テニス テニス だちとテニスをした。친구와 테니스를 쳤다.,N4
가타카나,katakana,トラック,トラック,트럭,トラックで荷物を運ぶ。,트럭으로 짐을 옮기다.,,トラック 트럭 トラックで荷物を運ぶ。트럭으로 짐을 옮기다,N4
가타카나,katakana,ドラマ,ドラマ,드라마,朝のテレビドラマを見る。,아침 텔레비전 드라마를 보다.,,ドラマ 드라마 朝のテレビドラマを見る。아침 텔레비전 드라마를 보다.,N4
가타카나,katakana,ドレス,ドレス,드레스,長いドレスを着る。,긴 드레스를 입다.,,ドレス 드레스 長いドレスを着る。긴 드레스를 입다.,N4
가타카나,katakana,ニュース,ニュース,뉴스,地震のニュースを見る。,지진 뉴스를 보다.,,ニュース 뉴스 地震のニュースを見る。지진 뉴스를 보다.,N4
가타카나,katakana,パートタイム,パートタイム,"파트 타임, 아르바이트",パートタイムで働く。,파트타임으로 일하다.,,"パートタイム 파트 타임, 아르바이트 パートタイムで働く。파트타임으로 일하다.",N4
가타카나,katakana,バケツ,バケツ,"양동이, 버킷",バケツに水を入れる。,양동이에 물을 넣다.,,"バケツ 양동이, 버킷 バケツに氷を入れる。양동이에 물을 넣다.",N4
가타카나,katakana,パソコン,パソコン,컴퓨터,パソコンが壊れたので新しいのを買った。,"컴퓨터가 고장나서, 새 것을 샀다.",,"パソコン 컴퓨터 パソコンが壊れたので新しいのを買った 컴퓨터가 고장나서, 새 것을 샀다.",N4
가타카나,katakana,バター,バター,버터,パンにバターをつける。,빵에 버터를 바르다.,,バター 버터 パンにバターをつける。땅에 버터를 바르다.,N4
가타카나,katakana,ハンバーグ,ハンバーグ,햄버그,牛肉でハンバーグステーキを作る。,쇠고기로 햄버그 스테이크를 만든다.,,ハンバーグ 햄버그 牛肉でハンバーグステーキを作る 쇠고기로 햄버그 스테이크를 만든다.,N4
가타카나,katakana,ピアノ,ピアノ,피아노,ピアノを練習する。,피아노를 연습하다.,,ピアノ 피아노 ピアノを練習する。 피아노를 연습하다.,N4
가타카나,katakana,ビール,ビール,맥주,ビールを飲む。,맥주를 마시다.,,ビール 맥주 ビールを飲む。맥주를 마시다.,N4
가타카나,katakana,ピクニック,ピクニック,피크닉,ピクニックに出かける。,피크닉을 떠나다.,,ピクニック 피크닉 ピクニックに出かける。피크닉을 떠나다.,N4
가타카나,katakana,ピンク,ピンク,핑크,ピンク色のブラウスを着る。,핑크색 블라우스를 입다.,,ピンク 핑크 ピンク色のブラウスを着る。핑크색 블라우스를 입다.,N4
가타카나,katakana,フィルム,フィルム,필름,フィルムを買う。,필름을 한 통 사다.,,フィルム 필름 フィルムを買う。 필름을 한 통 사다.,N4
가타카나,katakana,プール,プール,"풀장, 수영장",プールで泳ぐ。,풀장에서 수영하다.,,"プール 풀장, 수영장 プールで泳ぐ。풀장에서 수영하다.",N4
가타카나,katakana,フォーク,フォーク,포크,ナイフとフォークを使って食事をする。,나이프와 포크를 사용해서 식사를 하다.,,フォーク 포크 ナイフとフォークを使って食事をする 나이프와 포크를 사용해서 식사를 하다.,N4
가타카나,katakana,プリント,プリント,"프린트, 인쇄, 인쇄물",プリントを渡す。,프린트를 건네주다.,,"プリント 프린트, 인쇄, 인쇄물 プリントを渡す。프린트를 건네주다.",N4
가타카나,katakana,プレゼント,プレゼント,선물,誕生日のプレゼントをあげる。,생일 선물을 주다.,,プレゼント 선물 誕生日のプレゼントをあげる。생일 선물을 주다.,N4
가타카나,katakana,ページ,ページ,페이지,テキストの35ページを開いてください。,교재 35페이지를 펴 주세요.,,ページ 페이지 テキストの35ページを開いてください。 교재 35페이지를 주세요.,N4
가타카나,katakana,ベッド,ベッド,침대,ベッドに入る。,잠자리에 들다.,,ベッド 침대 ベッドに入る。잠자리에 들다.,N4
가타카나,katakana,ペット,ペット,애완동물,ペットを飼う。,애완동물을 기르다.,,ペット 애완동물 ペットを飼う。예완동물을 기르다.,N4
가타카나,katakana,ベル,ベル,벨,電話のベルが鳴る。,전화벨이 울리다.,,ベル 벨 電話のベルが鳴る。전화벨이 울리다.,N4
가타카나,katakana,ボート,ボート,보트,二人でボートに乗る。,둘이서 보트를 타다.,,ボート 보트 ご でボートに乗る。둘이서 보트를 타다.,N4
가타카나,katakana,ボール,ボール,"볼, 공",ボールを投げる。,공을 던지다.,,"ボール 볼, 공 ボールを投げる。공을 던지다.",N4
가타카나,katakana,ポスト,ポスト,"우편함, 우체통",ポストに手紙を入れる。,우편함에 편지를 넣다.,,"ポスト 우편함, 우체통 ポストに手紙を入れる。우편함에 편지를 넣다.",N4
가타카나,katakana,マスク,マスク,"마스크, 가면",マスクをかける。,마스크를 쓰다.,,"マスク 마스크, 가면 マスクをかける。마스크를 쓰다.",N4
가타카나,katakana,マッチ,マッチ,성냥,マッチで火をつける。,성냥으로 불을 붙이다.,,マッチ 성냥 マッチで火をつける。 성냥으로 을 붙이다.,N4
가타카나,katakana,メロン,メロン,멜론,このメロンはとても甘い。,이 멜론은 매우 달다.,,メロン 멜론 このメロンはとても甘い。이 멜론은 매우 달다.,N4
가타카나,katakana,ラジカセ,ラジカセ,라디오 카셋트,電気屋でラジカセを買った。,전기제품가게에서 라디오 카셋트를 샀다.,,ラジカセ 라디오 카셋트(ラジオカセット의 준말) 電気屋でラジカセを買った。 전기제품가게에서 라디오 카셋트를 샀다.,N4
가타카나,katakana,ルール,ルール,"룰, 규칙",ルールを守る。,규칙을 지키다.,,"ルール 물, 규칙 ルールを守る。규칙을 지키다.",N4
가타카나,katakana,レコード,レコード,"레코드, 음반",レコードをかけて音楽を楽しむ。,레코드를 들어 음악을 즐기다.,,"レコード 레코드, 음반 レコードをかけて音楽を楽しむ。 레코드를 들어 음악을 즐기다.",N4
가타카나,katakana,レジ,レジ,계산대,レジでお金を払う。,계산대에서 돈을 지불하다.,,レジ 계산대 レジでお金を払う。 계산대에서 돈을 지불하다.,N4
가타카나,katakana,レベル,レベル,"레벨, 수준",生活のレベルが高い。,생활 수준이 높다.,,"レベル 레벨, 수준 生活のレベルが高い。 생활 수준이 높다.",N4
가타카나,katakana,レポート,レポート,"리포트, 보고서",レポートを書く。,리포트를 쓰다.,,"レポート 리포트, 보고서 レポートを書く。 리포트를 쓰다.",N4
가타카나,katakana,ワープロ,ワープロ,"워드프로세서, 문서작성기",ワープロで文書を作る。,워드프로세서로 문서를 만들다.,,"ワープロ 워드프로세서, 문서작성기(ワードプロセッサー의 준말) ワープロで妥善を作る, 워드프로세서로 문서를 만들다.",N4
가타카나,katakana,ワイシャツ,ワイシャツ,와이셔츠,ワイシャツを洗う。,와이셔츠를 빨다.,,ワイシャツ 와이셔츠 ワイシャツを洗う。 와이셔츠를 빨다.,N4
가타카나,katakana,ワンピース,ワンピース,원피스,娘にワンピースを買ってあげた。,딸에게 원피스를 사 주었다.,,ワンピース 원피스 にワンピースを買ってあげた。딸에게 원피스를 사 주었다.,N4
인사말,phrase,行ってまいります,いってまいります,다녀오겠습니다,,,,行ってまいります 다녀오겠습니다 いってまいりま,N4
인사말,phrase,行ってらっしゃい,いってらっしゃい,다녀오세요,,,,行ってらっしゃい 다녀오세요 いってらっしゃ,N4
인사말,phrase,お帰りなさい,おかえりなさい,어서 오세요(귀가했을 때),,,,お帰りなさい 어서 오세요(귀가했을 때) おかえりなさい,N4
인사말,phrase,おかげさまで,おかげさまで,덕분에요,,,,おかげさまで 덕분에요,N4
인사말,phrase,お元気ですか,おげんきですか,잘 지내십니까?,,,,お元気ですか 잘 지내십니까? おげんきですか,N4
인사말,phrase,お大事に,おだいじに,몸조심하세요,,,,お大事に 몸조심하세요 おだいじに,N4
인사말,phrase,お待たせしました,おまたせしました,오래 기다리셨습니다,,,,お待たせしました 오래 기다리셨습니다 おまたせしまし,N4
인사말,phrase,おめでとうございます,おめでとうございます,축하합니다,,,,おめでとうございます 축하합니다,N4
인사말,phrase,かしこまりました,かしこまりました,잘 알겠습니다. 분부대로 하겠습니다,,,,かしこまりました 잘 알겠습니다. 분부대로 하겠습니다,N4
명사,prefix,お～／ご～,お～／ご～,공손의 의미를 나타내는 말,お名前 / ご案内,성함 / 안내,"{""type"": ""접두어""}",■お/ご~ 공손의 의미를 나타내는 말 お名前 ご案内 안내,N4
명사,counter,～か月,～かげつ,~개월,一か月,1개월,"{""type"": ""조수사""}",~か月 ~개월 一か月1 ~かげつ,N4
명사,counter,～軒,～けん,~채 (집을 세는 단위),二軒,두 채,"{""type"": ""조수사""}",~軒 ~채(집을 세는 단위) 二軒두재 ~けん,N4
명사,counter,～歳,～さい,"~살, ~세",二歳,두 살,"{""type"": ""조수사""}",~歳 ~살~세 두살 ~さい,N4
명사,counter,～冊,～さつ,~권,四冊,네 권,"{""type"": ""조수사""}",~冊 ~권 四冊 네권 ~さつ,N4
명사,counter,～度,～ど,~번,一度 / 二度,한 번 / 두 번,"{""type"": ""조수사""}",~度 ~번 두번 ~ど,N4
명사,counter,～番線,～ばんせん,~번선,5番線,5번선,"{""type"": ""조수사""}",~番線 ~번선 55번 신 ~ぱんせん,N4
명사,suffix,～員,～いん,~원 (어떤 일을 하는 사람),会社員,회사원,"{""type"": ""접미어""}",~員 의원 사원 원(어떤 일을 하는 사람) ~いん,N4
명사,suffix,～おき,～おき,"~간격, ~걸러",3メートルおき / 二日おき,3미터 간격 / 이틀 걸러,"{""type"": ""접미어""}",~おき ~간격~걸러 3メートルおき 3미터 간격 二日おき 이를 길러,N4
명사,suffix,～会,～かい,"~회, 모임",運動会 / 飲み会,운동회 / 회식,"{""type"": ""접미어""}",~会 運動会 운동회 飲み 회 ~かい,N4
명사,suffix,～君,～くん,~군 (호칭),山田君,야마다 군,"{""type"": ""접미어""}",~君 山田 이마다 군 ~군(호칭) ~くん,N4
명사,suffix,～語,～ご,"~말, ~어",日本語,일본어,"{""type"": ""접미어""}",~語 ~말~어 日本語 일본이 ~こ,N4
명사,suffix,～頃,～ごろ,"~경, ~무렵",22時頃,22시 경,"{""type"": ""접미어""}",~頃 ~경~무협 22시한 ~ごろ,N4
명사,suffix,～様,～さま,~님,中村様,나카무라 님,"{""type"": ""접미어""}",~様 なかむらさ 나카무라 ~님 ~さま,N4
명사,suffix,～中,～じゅう,"온~, 전~ (전체)",一日中 / 世界中,하루 종일 / 전 세계,"{""type"": ""접미어"", ""reading_note"": ""ちゅう로 읽는 경우도 있음 (예: 会議中)""}","~中 一日中 하루 종일, 世界中 온 세계, 전 세계 온~, 전투~ ~じゅう",N4
명사,suffix,～製,～せい,~제 (만든 곳),日本製,일본제,"{""type"": ""접미어""}",~製 ~제 日本製 일본 ~せい,N4
명사,suffix,～達,～たち,~들 (복수),私達,우리들,"{""type"": ""접미어""}",~達 우리들 ~ ~たち,N4
명사,suffix,～建て,～だて,~층 건물,2階建て,2층 건물,"{""type"": ""접미어""}",~建て 2階建て2층. 2층 건물 ~ ~だて,N4
명사,suffix,～ちゃん,～ちゃん,~짱 (친밀감을 나타내는 호칭),なおこちゃん,나오코 짱,"{""type"": ""접미어""}",~ちゃん 친밀감을 나타내는 호칭 なおこちゃん 나오코아~,N4
명사,suffix,～目,～め,~째 (순서),3番目,세 번째,"{""type"": ""접미어""}",~目 째 3 세번째 ~め,N4
명사,suffix,～屋,～や,"~가게, ~장수",花屋,꽃가게,"{""type"": ""접미어""}","~屋 ~가게, 직업적 생신 기계, 생선장수 はなや ~や",N4
명사,noun,すり,すり,소매치기,,,,すり 소매치기 すり,N4
명사,noun,だめ,だめ,안 됨/소용없음,,,,だめ 안 됨/소용없음 だめ,N4
명사,noun,にんじん,にんじん,당근,,,,にんじん 당근 にんじん,N4
명사,noun,はず,はず,예정/기대,,,,はず 예정/기대 はず,N4
명사,noun,ぶどう,ぶどう,포도,,,,ぶどう 포도 ぶどう,N4
명사,noun,もう一つ,もう一つ,하나 더,,,,もう一つ 하나 더 もう一つ,N4
명사,noun,りんご,りんご,사과,,,,りんご 사과 りんご,N4
명사,noun,パン屋,ぱんや,빵집,,,,パン屋 빵집 ぱんや,N4
명사,noun,万,まん,만(1만),,,,万 만(1만) まん,N4
명사,noun,世界中,せかいじゅう,전 세계,,,,世界中 전 세계 せかいじゅう,N4
명사,noun,両親,りょうしん,부모,,,,両親 부모 りょうしん,N4
명사,noun,中学生,ちゅうがくせい,중학생,,,,中学生 중학생 ちゅうがくせい,N4
명사,noun,久しぶり,ひさしぶり,오랜만,,,,久しぶり 오랜만 ひさしぶり,N4
명사,noun,乗り換え,のりかえ,환승,,,,乗り換え 환승 のりかえ,N4
명사,noun,何度,なんど,몇 번,,,,何度 몇 번 なんど,N4
명사,noun,先々月,せんせんげつ,지지난달,,,,先々月 지지난달 せんせんげつ,N4
명사,noun,先々週,せんせんしゅう,지지난주,,,,先々週 지지난주 せんせんしゅう,N4
명사,noun,全体,ぜんたい,전체,,,,全体 전체 ぜんたい,N4
명사,noun,全国,ぜんこく,전국,,,,全国 전국 ぜんこく,N4
명사,noun,内部,ないぶ,내부,,,,内部 내부 ないぶ,N4
명사,noun,冷蔵庫,れいぞうこ,냉장고,,,,冷蔵庫 냉장고 れいぞうこ,N4
명사,noun,出入口,でいりぐち,출입구,,,,出入口 출입구 でいりぐち,N4
명사,noun,列車,れっしゃ,열차,,,,列車 열차 れっしゃ,N4
명사,noun,半,はん,반,,,,半 반 はん,N4
명사,noun,向こう,むこう,저쪽/건너편,,,,向こう 저쪽/건너편 むこう,N4
명사,noun,喉,のど,목,,,,喉 목 のど,N4
명사,noun,場所,ばしょ,장소,,,,場所 장소 ばしょ,N4
명사,noun,夕べ,ゆうべ,어젯밤,,,,夕べ 어젯밤 ゆうべ,N4
명사,noun,夕食,ゆうしょく,저녁식사,,,,夕食 저녁식사 ゆうしょく,N4
명사,noun,外側,そとがわ,바깥쪽,,,,外側 바깥쪽 そとがわ,N4
명사,noun,多数,たすう,다수,,,,多数 다수 たすう,N4
명사,noun,夜間,やかん,야간,,,,夜間 야간 やかん,N4
명사,noun,天ぷら,てんぷら,튀김(덴푸라),,,,天ぷら 튀김(덴푸라) てんぷら,N4
명사,noun,始まり,はじまり,시작,,,,始まり 시작 はじまり,N4
명사,noun,娘さん,むすめさん,(남의) 딸,,,,娘さん (남의) 딸 むすめさん,N4
명사,noun,寺,てら,절,,,,寺 절 てら,N4
명사,noun,山道,やまみち,산길,,,,山道 산길 やまみち,N4
명사,noun,左,ひだり,왼쪽,,,,左 왼쪽 ひだり,N4
명사,noun,布団,ふとん,이불,,,,布団 이불 ふとん,N4
명사,noun,平仮名,ひらがな,히라가나,,,,平仮名 히라가나 ひらがな,N4
명사,noun,年代,ねんだい,연대/시대,,,,年代 연대/시대 ねんだい,N4
명사,noun,広さ,ひろさ,넓이,,,,広さ 넓이 ひろさ,N4
명사,noun,弁当,べんとう,도시락,,,,弁当 도시락 べんとう,N4
명사,noun,必要,ひつよう,필요,,,,必要 필요 ひつよう,N4
명사,noun,息子さん,むすこさん,(남의) 아들,,,,息子さん (남의) 아들 むすこさん,N4
명사,noun,手元,てもと,손 닿는 곳/소지,,,,手元 손 닿는 곳/소지 てもと,N4
명사,noun,手前,てまえ,앞쪽/자기 쪽,,,,手前 앞쪽/자기 쪽 てまえ,N4
명사,noun,持ち帰り,もちかえり,포장/테이크아웃,,,,持ち帰り 포장/테이크아웃 もちかえり,N4
명사,noun,掃除,そうじ,청소,,,,掃除 청소 そうじ,N4
명사,noun,放送,ほうそう,방송,,,,放送 방송 ほうそう,N4
명사,noun,文書,ぶんしょ,문서,,,,文書 문서 ぶんしょ,N4
명사,noun,文章,ぶんしょう,문장,,,,文章 문장 ぶんしょう,N4
명사,noun,旅行,りょこう,여행,,,,旅行 여행 りょこう,N4
명사,noun,日,ひ,날/하루,,,,日 날/하루 ひ,N4
명사,noun,早退,そうたい,조퇴,,,,早退 조퇴 そうたい,N4
명사,noun,時,とき,때/시간,,,,時 때/시간 とき,N4
명사,noun,晴れ,はれ,맑음,,,,晴れ 맑음 はれ,N4
명사,noun,月,つき,달,,,,月 달 つき,N4
명사,noun,本屋,ほんや,서점,,,,本屋 서점 ほんや,N4
명사,noun,本当,ほんとう,진짜/사실,,,,本当 진짜/사실 ほんとう,N4
명사,noun,本棚,ほんだな,책장,,,,本棚 책장 ほんだな,N4
명사,noun,本気,ほんき,진심,,,,本気 진심 ほんき,N4
명사,noun,村,むら,마을,,,,村 마을 むら,N4
명사,noun,橋,はし,다리,,,,橋 다리 はし,N4
명사,noun,歯,は,이,,,,歯 이 は,N4
명사,noun,水道,すいどう,수도,,,,水道 수도 すいどう,N4
명사,noun,洗濯,せんたく,세탁,,,,洗濯 세탁 せんたく,N4
명사,noun,爪,つめ,손톱,,,,爪 손톱 つめ,N4
명사,noun,生ビール,なまビール,생맥주,,,,生ビール 생맥주 なまビール,N4
명사,noun,白菜,はくさい,배추,,,,白菜 배추 はくさい,N4
명사,noun,百貨店,ひゃっかてん,백화점,,,,百貨店 백화점 ひゃっかてん,N4
명사,noun,皆,みな,모두,,,,皆 모두 みな,N4
명사,noun,砂,すな,모래,,,,砂 모래 すな,N4
명사,noun,私,わたし,나,,,,私 나 わたし,N4
명사,noun,秒,びょう,초,,,,秒 초 びょう,N4
명사,noun,窓ガラス,まどガラス,창유리,,,,窓ガラス 창유리 まどガラス,N4
명사,noun,窓口,まどぐち,창구,,,,窓口 창구 まどぐち,N4
명사,noun,箱,はこ,상자,,,,箱 상자 はこ,N4
명사,noun,縦,たて,세로,,,,縦 세로 たて,N4
명사,noun,羽,はね,날개/깃,,,,羽 날개/깃 はね,N4
명사,noun,翌年,よくねん,이듬해,,,,翌年 이듬해 よくねん,N4
명사,noun,背広,せびろ,양복,,,,背広 양복 せびろ,N4
명사,noun,茶碗,ちゃわん,밥그릇,,,,茶碗 밥그릇 ちゃわん,N4
명사,noun,茶色,ちゃいろ,갈색,,,,茶色 갈색 ちゃいろ,N4
명사,noun,荷物,にもつ,짐,,,,荷物 짐 にもつ,N4
명사,noun,訳,わけ,이유,,,,訳 이유 わけ,N4
명사,noun,読み方,よみかた,읽는 법,,,,読み方 읽는 법 よみかた,N4
명사,noun,読み物,よみもの,읽을거리,,,,読み物 읽을거리 よみもの,N4
명사,noun,豚肉,ぶたにく,돼지고기,,,,豚肉 돼지고기 ぶたにく,N4
명사,noun,貯金,ちょきん,저금,,,,貯金 저금 ちょきん,N4
명사,noun,遅刻,ちこく,지각,,,,遅刻 지각 ちこく,N4
명사,noun,部長,ぶちょう,부장,,,,部長 부장 ぶちょう,N4
명사,noun,郵便局,ゆうびんきょく,우체국,,,,郵便局 우체국 ゆうびんきょく,N4
명사,noun,零,れい,영/0,,,,零 영/0 れい,N4
명사,noun,電気代,でんきだい,전기요금,,,,電気代 전기요금 でんきだい,N4
명사,noun,食べすぎ,たべすぎ,과식,,,,食べすぎ 과식 たべすぎ,N4
명사,noun,飲みすぎ,のみすぎ,과음,,,,飲みすぎ 과음 のみすぎ,N4
명사,noun,駐車,ちゅうしゃ,주차,,,,駐車 주차 ちゅうしゃ,N4
명사,noun,骨,ほね,뼈,,,,骨 뼈 ほね,N4
명사,noun,秋,あき,가을,,,,秋 가을 あき,N5
명사,noun,朝,あさ,아침,,,,朝 아침 あさ,N5
명사,noun,朝ご飯,あさごはん,아침밥,,,,朝ご飯 아침밥 あさごはん,N5
명사,noun,あさって,あさって,모레,,,,あさって 모레,N5
명사,noun,足,あし,발,,,,足 발 あし,N5
명사,noun,明日,あした,내일,,,,明日 내일 あした,N5
명사,noun,あそこ,あそこ,"저기, 저곳",,,,あそこ 저기 저곳,N5
명사,noun,頭,あたま,머리,,,,頭 머리 あたま,N5
명사,noun,新しい,あたらしい,새롭다,新しい家に住む。,새집에 살다.,"{""antonym_word"": ""古い"", ""antonym_meaning"": ""낡다""}",新しい 새롭다 - 古い 낡다. 오래 되다 新しい家に住む。 새집에 살다. あたらしい,N5
명사,noun,あちら,あちら,저쪽,,,,あちら 저쪽 あちら,N5
명사,noun,あなた,あなた,당신,,,,あなた 당신 あなた,N5
명사,noun,兄,あに,형,,,,兄 형 あに,N5
명사,noun,姉,あね,"누나, 언니",,,,"姉 누나, 언니 あね",N5
명사,noun,雨,あめ,비,,,,雨 비 あめ,N5
명사,noun,家,いえ,집,,,,家 집 いえ,N5
명사,noun,いくつ,いくつ,몇 개,,,,いくつ 몇 개 いくつ,N5
명사,noun,いくら,いくら,얼마,,,,いくら 얼마 いくら,N5
명사,noun,医者,いしゃ,의사,,,,医者 의사 いしゃ,N5
명사,noun,いす,いす,의자,,,,いす 의자 いす,N5
명사,noun,一日,いちにち,하루,,,,一日 하루 いちにち,N5
명사,noun,一週間,いっしゅうかん,일주일,,,,一週間 일주일 いっしゅうかん,N5
명사,noun,いつ,いつ,언제,,,,いつ 언제 いつ,N5
명사,noun,犬,いぬ,개,,,,犬 개 いぬ,N5
명사,noun,今,いま,지금,,,,今 지금 いま,N5
명사,noun,意味,いみ,의미,,,,意味 의미 いみ,N5
명사,noun,妹,いもうと,여동생,,,,妹 여동생 いもうと,N5
명사,noun,入り口,いりぐち,입구,,,,入り口 입구 いりぐち,N5
명사,noun,色,いろ,"색, 색깔",,,,色 색색깔 いろ,N5
명사,noun,上,うえ,위,,,,上 위 うえ,N5
명사,noun,後,あと,"뒤, 나중",,,,後 뒤 나중 あと,N5
명사,noun,後ろ,うしろ,뒤,,,,後ろ 뒤 うしろ,N5
명사,noun,歌,うた,노래,,,,歌 노래 うた,N5
명사,noun,海,うみ,바다,,,,海 바다 うみ,N5
명사,noun,上着,うわぎ,"겉옷, 상의",,,,上着 겉옷 상의 うわぎ,N5
명사,noun,絵,え,그림,,,,絵 그림 え,N5
명사,noun,映画,えいが,영화,,,,映画 영화 えいが,N5
명사,noun,英語,えいご,영어,,,,英語 영어 えいご,N5
명사,noun,駅,えき,역,,,,駅 역 えき,N5
명사,noun,円,えん,엔 (일본의 화폐 단위),,,,円 엔 (일본의 화폐 단위) えん,N5
명사,noun,鉛筆,えんぴつ,연필,,,,鉛筆 연필 えんぴつ,N5
명사,noun,お母さん,おかあさん,어머니,,,,お母さん 어머니 おかあさん,N5
명사,noun,お菓子,おかし,과자,,,,お菓子 과자 おかし,N5
명사,noun,お金,おかね,돈,,,,お金 돈 おかね,N5
명사,noun,お客さん,おきゃくさん,손님,,,,お客さん 손님 おきゃくさん,N5
명사,noun,奥さん,おくさん,부인,,,,奥さん 부인 おくさん,N5
명사,noun,お酒,おさけ,술,,,,お酒 술 おさけ,N5
명사,noun,お皿,おさら,접시,,,,お皿 접시 おさら,N5
명사,noun,おじいさん,おじいさん,할아버지,,,,おじいさん 할아버지,N5
명사,noun,おじさん,おじさん,"아저씨, 삼촌",,,,おじさん 아저씨 삼촌,N5
명사,noun,お茶,おちゃ,차(음료),,,,お茶 차(음료) おちゃ,N5
명사,noun,お父さん,おとうさん,아버지,,,,お父さん 아버지 おとうさん,N5
명사,noun,弟,おとうと,남동생,,,,弟 남동생 おとうと,N5
명사,noun,男,おとこ,남자,,,,男 남자 おとこ,N5
명사,noun,男の子,おとこのこ,남자 아이,,,,男の子 남자 아이 おとこのこ,N5
명사,noun,男の人,おとこのひと,남자 (성인),,,,男の人 남자 おとこのひと,N5
명사,noun,一昨日,おととい,그저께,,,,一昨日 그저께 おととい,N5
명사,noun,一昨年,おととし,재작년,,,,一昨年 재작년 おととし,N5
명사,noun,大人,おとな,어른,,,,大人 어른 おとな,N5
명사,noun,お腹,おなか,배(복부),,,,お腹 배복부 おなか,N5
명사,noun,お兄さん,おにいさん,"형, 오빠",,,,お兄さん 오빠 おにいさん,N5
명사,noun,お姉さん,おねえさん,"누나, 언니",,,,お姉さん 누나 언니 おねえさん,N5
명사,noun,おばあさん,おばあさん,할머니,,,,おばあさん 할머니,N5
명사,noun,おばさん,おばさん,"아주머니, 이모, 고모",,,,おばさん 아주머니 이모 고모,N5
명사,noun,お風呂,おふろ,"목욕, 욕실",,,,お風呂 목욕 욕실 おふろ,N5
명사,noun,お弁当,おべんとう,도시락,,,,お弁当 도시락 おべんとう,N5
명사,noun,おまわりさん,おまわりさん,경찰관,,,,おまわりさん 경찰관 おまわりさん,N5
명사,noun,音楽,おんがく,음악,,,,音楽 음악 おんがく,N5
명사,noun,女,おんな,여자,,,,女 여자 あんな,N5
명사,noun,女の子,おんなのこ,여자 아이,,,,女の子 여자 아이 おんなのこ,N5
명사,noun,女の人,おんなのひと,여자 (성인),,,,女の人 여자 여성 おんなのひと,N5
명사,noun,外国人,がいこくじん,외국인,,,,外国人 외국인 がいこくじん,N5
명사,noun,会社,かいしゃ,회사,,,,会社 회사 かいしゃ,N5
명사,noun,会社員,かいしゃいん,회사원,,,,会社員 회사원 かいしゃいん,N5
명사,noun,階段,かいだん,계단,,,,階段 계단 かいだん,N5
명사,noun,買い物,かいもの,"쇼핑, 장보기",,,,買い物 쇼핑 장보기 かいもの,N5
명사,noun,顔,かお,얼굴,,,,顔 얼굴 かお,N5
명사,noun,かぎ,かぎ,열쇠,,,,かぎ 열쇠,N5
명사,noun,学生,がくせい,학생,,,,学生 학생 がくせい,N5
명사,noun,傘,かさ,우산,,,,かさ 우산,N5
명사,noun,風,かぜ,바람,,,,風 바람 かぜ,N5
명사,noun,風邪,かぜ,감기,,,,風邪 감기 かぜ,N5
명사,noun,家族,かぞく,가족,,,,家族 가족 かぞく,N5
명사,noun,学校,がっこう,학교,,,,学校 학교 がっこう,N5
명사,noun,角,かど,"모퉁이, 모서리",,,,角 모퉁이 모서리 かど,N5
명사,noun,かばん,かばん,가방,,,,かばん 가방,N5
명사,noun,花瓶,かびん,"화병, 꽃병",,,,花瓶 화병 꽃병 かぴん,N5
명사,noun,紙,かみ,종이,,,,紙 종이 かみ,N5
명사,noun,体,からだ,몸,,,,体 몸 からだ,N5
명사,noun,川,かわ,강,,,,川 강 かわ,N5
명사,noun,漢字,かんじ,한자,,,,漢字 한자 かんじ,N5
명사,noun,木,き,나무,,,,木 나무 き,N5
명사,noun,北,きた,북쪽,,,,北 북쪽 きた,N5
명사,noun,喫茶店,きっさてん,찻집,,,,喫茶店 찻집 きっさてん,N5
명사,noun,切手,きって,우표,,,,切手 우표 きって,N5
명사,noun,切符,きっぷ,표,,,,切符 표 きっぷ,N5
명사,noun,昨日,きのう,어제,,,,昨日 어제 きのう,N5
명사,noun,牛肉,ぎゅうにく,소고기,,,,牛肉 소고기 ぎゅうにく,N5
명사,noun,牛乳,ぎゅうにゅう,우유,,,,牛乳 우유 ぎゅうにゅう,N5
명사,noun,今日,きょう,오늘,,,,今日 오늘 きょう,N5
명사,noun,教室,きょうしつ,교실,,,,教室 교실 きょうしつ,N5
명사,noun,兄弟,きょうだい,형제,,,,兄弟 형제 きょうだい,N5
명사,noun,去年,きょねん,작년,,,,去年 작년 きょねん,N5
명사,noun,銀行,ぎんこう,은행,,,,銀行 은행 ぎんこう,N5
명사,noun,薬,くすり,약,,,,薬 약 くすり,N5
명사,noun,果物,くだもの,과일,,,,果物 과일 くだもの,N5
명사,noun,口,くち,입,,,,口 입 くち,N5
명사,noun,靴,くつ,"신발, 구두",,,,靴 신발 구두 くつ,N5
명사,noun,靴下,くつした,양말,,,,靴下 양말 くつした,N5
명사,noun,国,くに,나라,,,,国 나라 くに,N5
명사,noun,車,くるま,자동차,,,,車 자동차 くるま,N5
명사,noun,警官,けいかん,"경관, 경찰관",,,,警官 경관 경찰관 けいかん,N5
명사,noun,今朝,けさ,오늘 아침,,,,今朝 오늘 아침 けさ,N5
명사,noun,結婚,けっこん,결혼,,,,結婚 결혼 けっこん,N5
명사,noun,公園,こうえん,공원,,,,公園 공원 こうえん,N5
명사,noun,紅茶,こうちゃ,홍차,,,,紅茶 홍차 こうちゃ,N5
명사,noun,交番,こうばん,파출소,,,,交番 파출소 こうばん,N5
명사,noun,声,こえ,목소리,,,,声 목소리 こえ,N5
명사,noun,ここ,ここ,"여기, 이곳",,,,ここ 여기 이곳,N5
명사,noun,午後,ごご,오후,,,,午後 오후 ごご,N5
명사,noun,午前,ごぜん,오전,,,,午前 오전 ごぜん,N5
명사,noun,こちら,こちら,이쪽,,,,こちら 이쪽,N5
명사,noun,今年,ことし,"금년, 올해",,,,今年 금년 올해 ことし,N5
명사,noun,子ども,こども,"어린이, 아이",,,,子ども 어린이 아이 こども,N5
명사,noun,ご飯,ごはん,밥,,,,ご飯 밥 ごはん,N5
명사,noun,これ,これ,이것,,,,これ 이것,N5
명사,noun,今月,こんげつ,이번 달,,,,今月 이번 달 こんげつ,N5
명사,noun,今週,こんしゅう,이번 주,,,,今週 이번 주 こんしゅう,N5
명사,noun,今晩,こんばん,오늘 밤,,,,今晩 오늘 밤 こんばん,N5
명사,noun,最後,さいご,"최후, 마지막",,,,最後 최후 마지막 さいご,N5
명사,noun,財布,さいふ,지갑,,,,財布 지갑 さいふ,N5
명사,noun,魚,さかな,"생선, 물고기",,,,魚 생선 물고기 さかな,N5
명사,noun,先,さき,먼저,,,,先 먼저 さき,N5
명사,noun,作文,さくぶん,작문,,,,作文 작문 さくぶん,N5
명사,noun,雑誌,ざっし,잡지,,,,雑誌 잡지 ざっし,N5
명사,noun,散歩,さんぽ,산책,,,,散歩 산책 さんぽ,N5
명사,noun,塩,しお,소금,,,,塩 소금 しお,N5
명사,noun,時間,じかん,시간,,,,時間 시간 じかん,N5
명사,noun,仕事,しごと,"일, 업무",,,,仕事 일 업무 しごと,N5
명사,noun,辞書,じしょ,사전,,,,辞書 사전 じしょ,N5
명사,noun,下,した,아래,,,,下 아래 した,N5
명사,noun,写真,しゃしん,사진,,,,写真 사진 しゃしん,N5
명사,noun,宿題,しゅくだい,숙제,,,,宿題 숙제 しゅくだい,N5
명사,noun,食堂,しょくどう,식당,,,,食堂 식당 しょくどう,N5
명사,noun,新聞,しんぶん,신문,,,,新聞 신문 しんぶん,N5
명사,noun,すし,すし,초밥,,,,すし 초밥,N5
명사,noun,背,せ,"키, 신장",,,,背 키 신장 せ,N5
명사,noun,生徒,せいと,학생,,,,生徒 학생 せいと,N5
명사,noun,せっけん,せっけん,비누,,,,せっけん 비누,N5
명사,noun,千,せん,"천 (1,000)",,,,千 천 せん,N5
명사,noun,先月,せんげつ,지난달,,,,先月 지난달 せんげつ,N5
명사,noun,先週,せんしゅう,지난주,,,,先週 지난주 せんしゅう,N5
명사,noun,先生,せんせい,선생님,,,,先生 선생님 せんせい,N5
명사,noun,そこ,そこ,"거기, 그곳",,,,そこ 거기 그곳,N5
명사,noun,そちら,そちら,그쪽,,,,そちら 그쪽,N5
명사,noun,外,そと,바깥,,,,外 바깥 そと,N5
명사,noun,側,そば,"옆, 곁",,,,側 옆 곁 そば,N5
명사,noun,そば,そば,메밀국수,,,,そば 메밀국수,N5
명사,noun,空,そら,하늘,,,,空 하늘 そら,N5
명사,noun,それ,それ,그것,,,,それ 그것,N5
명사,noun,大学,だいがく,대학,,,,大学 대학 だいがく,N5
명사,noun,台所,だいどころ,부엌,,,,台所 부엌 だいどころ,N5
명사,noun,建物,たてもの,건물,,,,建物 건물 たてもの,N5
명사,noun,たばこ,たばこ,담배,,,,たばこ 담배,N5
명사,noun,食べ物,たべもの,음식,,,,食べ物 음식 たべもの,N5
명사,noun,たまご,たまご,계란,,,,たまご 계란,N5
명사,noun,だれ,だれ,누구,,,,だれ 누구,N5
명사,noun,誕生日,たんじょうび,생일,,,,誕生日 생일 たんじょうび,N5
명사,noun,近く,ちかく,"근처, 부근",,,,近く 근처 부근 ちかく,N5
명사,noun,地下鉄,ちかてつ,지하철,,,,地下鉄 지하철 ちかてつ,N5
명사,noun,地図,ちず,지도,,,,地図 지도 ちず,N5
명사,noun,父,ちち,아버지,,,,父 아버지 ちち,N5
명사,noun,鳥,とり,새,,,,鳥 새 とり,N5
명사,noun,次,つぎ,다음,,,,次 다음 つぎ,N5
명사,noun,鶏肉,とりにく,닭고기,,,,鶏肉 닭고기 とりにく,N5
명사,noun,どれ,どれ,어느 것,,,,どれ 어느 것,N5
명사,noun,机,つくえ,책상,,,,机 책상 つくえ,N5
명사,noun,作り方,つくりかた,만드는 법,,,,作り方 만드는 법 つくりかた,N5
명사,noun,手,て,손,,,,手 손 て,N5
명사,noun,手紙,てがみ,편지,,,,手紙 편지 てがみ,N5
명사,noun,中,なか,"가운데, 안",,,,中 가운데 안 なか,N5
명사,noun,出口,でぐち,출구,,,,出口 출구 でぐち,N5
명사,noun,天気,てんき,날씨,,,,天気 날씨 てんき,N5
명사,noun,電気,でんき,전기,,,,電気 전기 でんき,N5
명사,noun,電車,でんしゃ,전철,,,,電車 전철 でんしゃ,N5
명사,noun,電話,でんわ,전화,,,,電話 전화 でんわ,N5
명사,noun,動物,どうぶつ,동물,,,,動物 동물 どうぶつ,N5
명사,noun,時計,とけい,시계,,,,時計 시계 とけい,N5
명사,noun,どこ,どこ,어디,,,,どこ 어디,N5
명사,noun,所,ところ,"장소, 곳",,,,所 장소 곳 ところ,N5
명사,noun,年,とし,"해, 나이",,,,年 해 나이 とし,N5
명사,noun,図書館,としょかん,도서관,,,,図書館 도서관 としょかん,N5
명사,noun,どちら,どちら,어느 쪽,,,,どちら 어느 쪽,N5
명사,noun,どなた,どなた,어느 분,,,,どなた 어느 분,N5
명사,noun,となり,となり,"옆, 이웃",,,,となり 옆 이웃,N5
명사,noun,友だち,ともだち,친구,,,,友だち 친구 ともだち,N5
명사,noun,夏,なつ,여름,,,,夏 여름 なつ,N5
명사,noun,夏休み,なつやすみ,여름 방학,,,,夏休み 여름 방학 なつやすみ,N5
명사,noun,何,なに,무엇,,,,何 무엇 なに,N5
명사,noun,名前,なまえ,이름,,,,名前 이름 なまえ,N5
명사,noun,肉,にく,고기,,,,肉 고기 にく,N5
명사,noun,西,にし,서쪽,,,,西 서쪽 にし,N5
명사,noun,日本語,にほんご,일본어,,,,日本語 일본어 にほんご,N5
명사,noun,日本人,にほんじん,일본인,,,,日本人 일본인 にほんじん,N5
명사,noun,庭,にわ,정원,,,,庭 정원 にわ,N5
명사,noun,猫,ねこ,고양이,,,,猫 고양이 ねこ,N5
명사,noun,飲み物,のみもの,"음료, 마실 것",,,,飲み物 음료 마실 것 のみもの,N5
명사,noun,歯,は,이 (치아),,,,歯 이(치아) は,N5
명사,noun,灰皿,はいざら,재떨이,,,,灰皿 재떨이 はいざら,N5
명사,noun,葉書,はがき,엽서,,,,葉書 엽서 はがき,N5
명사,noun,二十歳,はたち,스무 살,,,,二十歳 스무 살 はたち,N5
명사,noun,鼻,はな,코,,,,鼻 코 はな,N5
명사,noun,花,はな,꽃,,,,花 꽃 はな,N5
명사,noun,話,はなし,이야기,,,,話 이야기 はなし,N5
명사,noun,母,はは,어머니,,,,母 어머니 はは,N5
명사,noun,春,はる,봄,,,,春 봄 はる,N5
명사,noun,番号,ばんごう,번호,,,,番号 번호 ばんごう,N5
명사,noun,晩ご飯,ばんごはん,저녁밥,,,,晩ご飯 저녁밥 ばんごはん,N5
명사,noun,半分,はんぶん,절반,,,,半分 절반 はんぶん,N5
명사,noun,東,ひがし,동쪽,,,,東 동쪽 ひがし,N5
명사,noun,飛行機,ひこうき,비행기,,,,飛行機 비행기 ひこうき,N5
명사,noun,人,ひと,사람,,,,人 사람 ひと,N5
명사,noun,百,ひゃく,백 (100),,,,百 백 (100) ひゃく,N5
명사,noun,百点,ひゃくてん,백점,,,,百点 백점 ひゃくてん,N5
명사,noun,病院,びょういん,병원,,,,病院 병원 びょういん,N5
명사,noun,病気,びょうき,병,,,,病気 병 びょうき,N5
명사,noun,昼,ひる,낮,,,,昼 낮 ひる,N5
명사,noun,昼ご飯,ひるごはん,점심밥,,,,昼ご飯 점심밥 ひるごはん,N5
명사,noun,服,ふく,옷,,,,服 옷 ふく,N5
명사,noun,冬,ふゆ,겨울,,,,冬 겨울 ふゆ,N5
명사,noun,部屋,へや,방,,,,部屋 방 へや,N5
명사,noun,勉強,べんきょう,공부,,,,勉強 공부 べんきょう,N5
명사,noun,方,ほう,"방향, 쪽",,,,方 방향 쪽 ほう,N5
명사,noun,帽子,ぼうし,모자,,,,帽子 모자 ぼうし,N5
명사,noun,ほか,ほか,"외, 다른 것",,,,ほか 외 다른 것,N5
명사,noun,本,ほん,책,,,,本 책 ほん,N5
명사,noun,毎朝,まいあさ,매일 아침,,,,毎朝 매일 아침 まいあさ,N5
명사,noun,毎月,まいげつ,매월,,,,毎月 매월 まいげつ,N5
명사,noun,毎週,まいしゅう,매주,,,,毎週 매주 まいしゅう,N5
명사,noun,毎日,まいにち,매일,,,,毎日 매일 まいにち,N5
명사,noun,毎年,まいねん,매년,,,,毎年 매년 まいねん,N5
명사,noun,毎晩,まいばん,매일 밤,,,,毎晩 매일 밤 まいばん,N5
명사,noun,前,まえ,"앞, 전",,,,前 앞 전 まえ,N5
명사,noun,町,まち,마을,,,,町 마을 まち,N5
명사,noun,窓,まど,"창, 창문",,,,窓 창 창문 まど,N5
명사,noun,右,みぎ,오른쪽,,,,右 오른쪽 みぎ,N5
명사,noun,水,みず,물,,,,水 물 みず,N5
명사,noun,店,みせ,가게,,,,店 가게 みせ,N5
명사,noun,道,みち,길,,,,道 길 みち,N5
명사,noun,緑,みどり,초록,,,,緑 초록 みどり,N5
명사,noun,みなさん,みなさん,여러분,,,,みなさん 여러분,N5
명사,noun,南,みなみ,남쪽,,,,南 남쪽 みなみ,N5
명사,noun,耳,みみ,귀,,,,耳 귀 みみ,N5
명사,noun,みんな,みんな,"모두, 전원",,,,みんな 모두 전원,N5
명사,noun,目,め,눈 (신체),,,,目 눈(신체) め,N5
명사,noun,めがね,めがね,안경,,,,めがね 안경,N5
명사,noun,物,もの,물건,,,,物 물건 もの,N5
명사,noun,門,もん,문,,,,門 문 もん,N5
명사,noun,問題,もんだい,문제,,,,問題 문제 もんだい,N5
명사,noun,来年,らいねん,내년,,,,来年 내년 らいねん,N5
명사,noun,留学生,りゅうがくせい,유학생,,,,留学生 유학생 りゅうがくせい,N5
명사,noun,料理,りょうり,요리,,,,料理 요리 りょうり,N5
명사,noun,練習,れんしゅう,연습,,,,練習 연습 れんしゅう,N5
명사,noun,私,わたし,"나, 저",,,,私 나 わたし,N5
명사,noun,八百屋,やおや,채소 가게,,,,八百屋 채소 가게 やおや,N5
명사,noun,野菜,やさい,채소,,,,野菜 채소 やさい,N5
명사,noun,休み,やすみ,"휴일, 쉬는 시간",,,,休み 휴일 쉬는 시간 やすみ,N5
명사,noun,山,やま,산,,,,山 산 やま,N5
명사,noun,夕方,ゆうがた,저녁,,,,夕方 저녁 ゆうがた,N5
명사,noun,夕飯,ゆうはん,저녁밥,,,,夕飯 저녁밥 ゆうはん,N5
명사,noun,雪,ゆき,눈 (날씨),,,,雪 눈(날씨) ゆき,N5
명사,noun,洋服,ようふく,양복,,,,洋服 양복 ようふく,N5
명사,noun,横,よこ,옆,,,,横 옆 よこ,N5
명사,noun,夜,よる,밤,,,,夜 밤 よる,N5
명사,noun,来月,らいげつ,다음 달,,,,来月 다음 달 らいげつ,N5
명사,noun,来週,らいしゅう,다음 주,,,,来週 다음 주 らいしゅう,N5
조수사,counter,一、二、三...,いち/に/さん/...,숫자 세는 법,,,"{""counter_table"": [""一 いち"", ""二 に"", ""三 さん"", ""四 よん/し"", ""五 ご"", ""六 ろく"", ""七 なな/しち"", ""八 はち"", ""九 きゅう/く"", ""十 じゅう""]}",숫자 세는 법,N5
조수사,counter,~回,かい,"~회, ~번",,,"{""counter_table"": [""一回 いっかい"", ""二回 にかい"", ""三回 さんかい"", ""四回 よんかい"", ""五回 ごかい"", ""六回 ろっかい"", ""七回 ななかい"", ""八回 はっかい"", ""九回 きゅうかい"", ""十回 じゅっかい""]}",~回(かい) ~회 번,N5
조수사,counter,~つ,つ,~개 (사물을 셀 때),,,"{""counter_table"": [""一つ ひとつ"", ""二つ ふたつ"", ""三つ みっつ"", ""四つ よっつ"", ""五つ いつつ"", ""六つ むっつ"", ""七つ ななつ"", ""八つ やっつ"", ""九つ ここのつ"", ""十 とお"", ""いくつ 몇 개""]}",~つ ~개,N5
조수사,counter,~個,こ,~개 (작은 사물을 셀 때),,,"{""counter_table"": [""一個 いっこ"", ""二個 にこ"", ""三個 さんこ"", ""四個 よんこ"", ""五個 ごこ"", ""六個 ろっこ"", ""七個 ななこ"", ""八個 はっこ"", ""九個 きゅうこ"", ""十個 じゅっこ""]}",~個(こ) ~개,N5
조수사,counter,~階,かい,~층,,,"{""counter_table"": [""一階 いっかい"", ""二階 にかい"", ""三階 さんかい/さんがい"", ""四階 よんかい"", ""五階 ごかい"", ""六階 ろっかい"", ""七階 ななかい"", ""八階 はっかい"", ""九階 きゅうかい"", ""十階 じゅっかい""]}",~階(かい/がい) ~층,N5
조수사,counter,~年,ねん,~년,,,"{""counter_table"": [""一年 いちねん"", ""二年 にねん"", ""三年 さんねん"", ""四年 よねん"", ""五年 ごねん"", ""六年 ろくねん"", ""七年 ななねん/しちねん"", ""八年 はちねん"", ""九年 きゅうねん"", ""十年 じゅうねん""]}",~年(ねん) ~년,N5
조수사,counter,~円,えん,~엔,,,"{""counter_table"": [""一円 いちえん"", ""二円 にえん"", ""三円 さんえん"", ""四円 よえん"", ""五円 ごえん"", ""六円 ろくえん"", ""七円 ななえん"", ""八円 はちえん"", ""九円 きゅうえん"", ""十円 じゅうえん""]}",~円(えん),N5
조수사,counter,~番,ばん,~번,,,"{""counter_table"": [""一番 いちばん"", ""二番 にばん"", ""三番 さんばん"", ""四番 よんばん"", ""五番 ごばん"", ""六番 ろくばん"", ""七番 ななばん"", ""八番 はちばん"", ""九番 きゅうばん"", ""十番 じゅうばん""]}",~番(ばん) ~번,N5
조수사,counter,~月,がつ,~월,,,"{""counter_table"": [""一月 いちがつ"", ""二月 にがつ"", ""三月 さんがつ"", ""四月 しがつ"", ""五月 ごがつ"", ""六月 ろくがつ"", ""七月 しちがつ"", ""八月 はちがつ"", ""九月 くがつ"", ""十月 じゅうがつ"", ""十一月 じゅういちがつ"", ""十二月 じゅうにがつ""]}",~月(がつ) ~월,N5
조수사,counter,~日,にち,~일,,,"{""counter_table"": [""一日 ついたち"", ""二日 ふつか"", ""三日 みっか"", ""四日 よっか"", ""五日 いつか"", ""六日 むいか"", ""七日 なのか"", ""八日 ようか"", ""九日 ここのか"", ""十日 とおか"", ""二十日 はつか""]}",~日(にち) ~일,N5
조수사,counter,~時,じ,~시,,,"{""counter_table"": [""一時 いちじ"", ""二時 にじ"", ""三時 さんじ"", ""四時 よじ"", ""五時 ごじ"", ""六時 ろくじ"", ""七時 しちじ"", ""八時 はちじ"", ""九時 くじ"", ""十時 じゅうじ"", ""十一時 じゅういちじ"", ""十二時 じゅうにじ""]}",~時(じ) ~시,N5
조수사,counter,~分,ふん/ぷん,~분,,,"{""counter_table"": [""一分 いっぷん"", ""二分 にふん"", ""三分 さんぷん"", ""四分 よんぷん"", ""五分 ごふん"", ""六分 ろっぷん"", ""七分 ななふん"", ""八分 はっぷん"", ""九分 きゅうふん"", ""十分 じゅっぷん""]}",~分(ふん/ぷん) ~분,N5
조수사,counter,~曜日,ようび,~요일,,,"{""counter_table"": [""日曜日 にちようび"", ""月曜日 げつようび"", ""火曜日 かようび"", ""水曜日 すいようび"", ""木曜日 もくようび"", ""金曜日 きんようび"", ""土曜日 どようび""]}",~曜日(ようび) ~요일,N5
조수사,counter,~杯,はい/ぱい,"~잔, ~공기",,,"{""counter_table"": [""一杯 いっぱい"", ""二杯 にはい"", ""三杯 さんばい"", ""四杯 よんはい"", ""五杯 ごはい"", ""六杯 ろっぱい"", ""七杯 ななはい"", ""八杯 はっぱい"", ""九杯 きゅうはい"", ""十杯 じゅっぱい""]}",~杯(はい/ぱい) ~잔,N5
조수사,counter,~倍,ばい,~배,,,"{""counter_table"": [""一倍 いちばい"", ""二倍 にばい"", ""三倍 さんばい"", ""四倍 よんばい"", ""五倍 ごばい"", ""六倍 ろくばい"", ""七倍 ななばい"", ""八倍 はちばい"", ""九倍 きゅうばい"", ""十倍 じゅうばい""]}",~倍(ばい) ~배,N5
조수사,counter,~本,ほん/ぽん/ぼん,"~자루, ~병 (가늘고 긴 것을 셀 때)",,,"{""counter_table"": [""一本 いっぽん"", ""二本 にほん"", ""三本 さんぼん"", ""四本 よんほん"", ""五本 ごほん"", ""六本 ろっぽん"", ""七本 ななほん"", ""八本 はっぽん"", ""九本 きゅうほん"", ""十本 じゅっぽん""]}",~本(ほん/ぽん/ぼん) ~자루,N5
조수사,counter,~枚,まい,~장 (얇고 평평한 것을 셀 때),,,"{""counter_table"": [""一枚 いちまい"", ""二枚 にまい"", ""三枚 さんまい"", ""四枚 よんまい"", ""五枚 ごまい"", ""六枚 ろくまい"", ""七枚 ななまい"", ""八枚 はちまい"", ""九枚 きゅうまい"", ""十枚 じゅうまい""]}",~枚(まい) ~장,N5
조수사,counter,~人,にん,~명 (사람을 셀 때),,,"{""counter_table"": [""一人 ひとり"", ""二人 ふたり"", ""三人 さんにん"", ""四人 よにん"", ""五人 ごにん"", ""六人 ろくにん"", ""七人 ななにん/しちにん"", ""八人 はちにん"", ""九人 きゅうにん"", ""十人 じゅうにん""]}",~人(にん) ~명,N5
조수사,counter,~匹,ひき,~마리 (동물을 셀 때),,,"{""counter_table"": [""一匹 いっぴき"", ""二匹 にひき"", ""三匹 さんびき"", ""四匹 よんひき"", ""五匹 ごひき"", ""六匹 ろっぴき"", ""七匹 ななひき"", ""八匹 はっぴき"", ""九匹 きゅうびき"", ""十匹 じゅっぴき""]}",~匹(ひき) ~마리,N5
동사,verb,会う,あう,만나다,駅で友だちに会う。,역에서 친구를 만나다.,,会う 만나다 駅で友だちに会う。 역에서 친구를 만나다. あう,N5
동사,verb,上がる,あがる,"오르다, 올라가다",エスカレーターで上がる。,에스컬레이터로 올라가다.,,上がる 오르다. 올라가다 エスカレーターで上がる 에스컬레이터로 올라가다. あがる,N5
동사,verb,開く,あく,열리다,ドアが開いている。,문이 열려 있다.,,開く 열리다 ドアが開いている。 이 열려 있다. あく,N5
동사,verb,開ける,あける,열다,窓を開ける。,창문을 열다.,,開ける 열다 窓を開ける。 창문을 열다. あける,N5
동사,verb,上げる,あげる,올리다,部屋の温度を上げる。,방의 온도를 올리다.,,上げる 올리다 部屋の温度を上げる。 방의 온도를 올리다. あげる,N5
동사,verb,あげる,あげる,주다,友だちにプレゼントをあげる。,친구에게 선물을 주다.,,あげる 주다 友だちにプレゼントをあげる。 친구에게 선물을 주다. あげる,N5
동사,verb,遊ぶ,あそぶ,놀다,友だちの家に遊びに行く。,친구 집에 놀러가다.,,遊ぶ 놀다 友だちの家に遊びに行く 친구 집에 놀러가다. あそぶ,N5
동사,verb,あびる,あびる,"뒤집어쓰다, 끼얹다 (샤워하다)",シャワーをあびる。,샤워하다.,,あびる 뒤집어쓰다. 끼얹다 シャワーをあびる 샤워하다.,N5
동사,verb,洗う,あらう,씻다,顔を洗う。,세수하다 (얼굴을 씻다).,,洗う 씻다 顔を洗う。 세수하다(얼굴을 씻다). あらう,N5
동사,verb,ある,ある,있다 (사물),つくえの上に本がある。,책상 위에 책이 있다.,,ある 있다 つくえの上に本がある 책상 위에 책이 있다. ある,N5
동사,verb,歩く,あるく,걷다,学校まで歩いて行く。,학교까지 걸어가다.,,歩く 걷다 学校まで歩いて行く。 학교까지 걸어가다. あるく,N5
동사,verb,言う,いう,말하다,親の言うことを聞く。,부모가 하는 말을 듣다.,,言う 말하다 親の言うことを聞く。 부모가 하는 말을 듣다. いう,N5
동사,verb,行く,いく,가다,毎朝会社へ行く。,매일 아침 회사에 간다.,,行く 가다 毎朝会社へ行く 매일 아침 회사에 간다. いく,N5
동사,verb,要る,いる,필요하다,時間とお金が要る。,시간과 돈이 필요하다.,,要る 필요하다 時間とお金が要る。 시간과 돈이 필요하다. いる,N5
동사,verb,いる,いる,"있다 (사람, 동물)",私は5時まで会社にいます。,나는 5시까지 회사에 있습니다.,,いる 있다 私は5時まで会社にいます。 나는 5시까지 회사에 있습니다. いる,N5
동사,verb,入れる,いれる,넣다,コップに水を入れる。,컵에 물을 넣다.,,入れる 넣다 コップに水を入れる。 컵에 물을 넣다. いれる,N5
동사,verb,歌う,うたう,노래하다,歌を歌う。,노래를 부르다.,,歌う 노래하다 歌を歌う。 노래를 부르다. うたう,N5
동사,verb,生まれる,うまれる,태어나다,女の子が生まれる。,여자 아이가 태어나다.,,生まれる 태어나다 女の子が生まれる。 여자 아이가 태어나다. うまれる,N5
동사,verb,売る,うる,팔다,安く売る。,싸게 팔다.,,売る 팔다 安く売る。 싸게 팔다. うる,N5
동사,verb,起きる,おきる,일어나다,毎朝6時に起きる。,매일 아침 6시에 일어난다.,,起きる 일어나다 毎朝6時に起きる。 매일 아침 6시에 일어난다. おきる,N5
동사,verb,置く,おく,"놓다, 두다",テーブルの上に新聞を置く。,테이블 위에 신문을 두다.,,置く 놓다. 두다 テーブルの上に新聞を置く。 테이블 위에 신문을 두다. おく,N5
동사,verb,教える,おしえる,가르치다,ピアノを教える。,피아노를 가르치다.,,教える 가르치다 ピアノを教える。 피아노를 가르치다. おしえる,N5
동사,verb,押す,おす,"누르다, 밀다",ドアを押して開ける。,문을 밀어서 열다.,,押す 누르다. 밀다 ドアを押して開ける。 문을 밀어서 열다. おす,N5
동사,verb,覚える,おぼえる,"기억하다, 외우다",名前を覚える。,이름을 외우다.,,覚える 기억하다. 외우다 名前を覚える。 이름을 외우다. おぼえる,N5
동사,verb,泳ぐ,およぐ,헤엄치다,海で泳ぐ。,바다에서 헤엄치다.,,泳ぐ 헤엄치다 海で泳ぐ。 바다에서 헤엄치다. およぐ,N5
동사,verb,降りる,おりる,"내리다, 내려가다",階段を降りる。,계단을 내려가다.,,降りる 내리다. 내려가다 階段を降りる。 계단을 내려가다. おりる,N5
동사,verb,終わる,おわる,끝나다,夏休みが終わる。,여름 휴가가 끝나다.,,終わる 끝나다 夏休みが終わる。 여름 휴가가 끝나다. おわる,N5
동사,verb,買う,かう,사다,たばこを買う。,담배를 사다.,,買う 사다 たばこを買う。 담배를 사다. かう,N5
동사,verb,返す,かえす,"돌려주다, 반납하다",図書館に本を返す。,도서관에 책을 반납하다.,,返す 돌려주다. 반납하다 図書館に本を返す。 도서관에 책을 반납하다. かえす,N5
동사,verb,帰る,かえる,"돌아가다, 돌아오다",家に帰る。,집으로 돌아가다.,,帰る 돌아가다. 돌아오다 家に帰る。 집으로 돌아가다. かえる,N5
동사,verb,かかる,かかる,걸리다,家から会社まで1時間かかる。,집에서 회사까지 1시간 걸린다.,,かかる 걸리다 家から会社まで1時間かかる。 집에서 회사까지 1시간 걸린다.,N5
동사,verb,書く,かく,쓰다,紙に名前を書く。,종이에 이름을 쓰다.,,書く 쓰다 紙に名前を書く。 종이에 이름을 쓰다. かく,N5
동사,verb,貸す,かす,빌려주다,お金を貸す。,돈을 빌려주다.,,貸す 빌려주다 お金を貸す。 돈을 빌려주다. かす,N5
동사,verb,かぶる,かぶる,쓰다 (모자),帽子をかぶる。,모자를 쓰다.,,かぶる (모자를) 쓰다 帽子をかぶる。 모자를 쓰다.,N5
동사,verb,借りる,かりる,빌리다,図書館で本を借りる。,도서관에서 책을 빌리다.,,借りる 빌리다 図書館で本を借りる。 도서관에서 책을 빌리다. かりる,N5
동사,verb,消える,きえる,"사라지다, 꺼지다",火が消える。,불이 꺼지다.,,消える 사라지다. 꺼지다 火が消える。 불이 꺼지다. きえる,N5
동사,verb,聞く,きく,듣다,ニュースを聞く。,뉴스를 듣다.,,聞く 듣다 ニュースを聞く。 뉴스를 듣다. きく,N5
동사,verb,聞く,きく,묻다,,,,聞く 묻다 きく,N5
동사,verb,来る,くる,오다,友だちが遊びに来る。,친구가 놀러오다.,,来る 오다 友だちが遊びに来る。 친구가 놀러오다. くる,N5
동사,verb,消す,けす,"지우다, 끄다",テレビを消す。,텔레비전을 끄다.,,消す 지우다. 끄다 テレビを消す。 텔레비전을 끄다. けす,N5
동사,verb,答える,こたえる,대답하다,大きな声で答える。,큰 소리로 대답하다.,,答える 대답하다 大きな声で答える。 큰 소리로 대답하다. こたえる,N5
동사,verb,困る,こまる,"곤란하다, 어려움을 겪다",お金に困る。,돈에 어려움을 겪다.,,困る 곤란하다. 어려움을 겪다 お金に困る。 돈에 어려움을 겪다. こまる,N5
동사,verb,咲く,さく,피다,庭に花が咲く。,정원에 꽃이 피다.,,咲く 꽃이 피다 庭に花が咲く。 정원에 꽃이 피다. さく,N5
동사,verb,死ぬ,しぬ,죽다,病気で死ぬ。,병으로 죽다.,,死ぬ 죽다 病気で死ぬ。 병으로 죽다. しぬ,N5
동사,verb,閉まる,しまる,닫히다,ドアが閉まる。,문이 닫히다.,,閉まる 닫히다 ドアが閉まる。 문이 닫히다. しまる,N5
동사,verb,締める,しめる,매다 (넥타이 등),ネクタイを締める。,넥타이를 매다.,,"締める (끈, 넥타이를) 매다 ネクタイを締める。 넥타이를 매다. しめる",N5
동사,verb,閉める,しめる,닫다,窓を閉めて寝る。,창문을 닫고 자다.,,閉める 닫다 窓を閉めて寝る。 창문을 닫고 자다. しめる,N5
동사,verb,吸う,すう,"들이마시다, 피우다",たばこを吸う。,담배를 피우다.,,吸う 들이마시다 たばこを吸う。 담배를 피우다. すう,N5
동사,verb,住む,すむ,"살다, 거주하다",東京に住んでいる。,도쿄에 살고 있다.,,住む 살다. 거주하다 東京に住んでいる。 도쿄에 살고 있다. すむ,N5
동사,verb,する,する,하다,食事をする。,식사를 하다.,,する 하다 食事をする。 식사를 하다.,N5
동사,verb,座る,すわる,앉다,いすに座る。,의자에 앉다.,,座る 앉다 いすに座る。 의자에 앉다. すわる,N5
동사,verb,出す,だす,"내다, 꺼내다",かばんから本を出す。,가방에서 책을 꺼내다.,,出す 내다. 꺼내다 かばんから本を出す。 가방에서 책을 꺼내다. だす,N5
동사,verb,立つ,たつ,"서다, 일어서다",ドアの前に立つ。,문 앞에 서다.,,立つ 서다. 일어서다 ドアの前に立つ。 문 앞에 서다. たつ,N5
동사,verb,食べる,たべる,먹다,ご飯を食べる。,밥을 먹다.,,食べる 먹다 ご飯を食べる。 밥을 먹다. たべる,N5
동사,verb,使う,つかう,사용하다,ボールペンを使って書く。,볼펜을 사용해서 쓰다.,,使う 사용하다 ボールペンを使って書く 볼펜을 사용해서 쓰다. つかう,N5
동사,verb,作る,つくる,만들다,木でいすを作る。,나무로 의자를 만들다.,,作る 만들다 木でいすを作る。 나무로 의자를 만들다. つくる,N5
동사,verb,出かける,でかける,"나가다, 외출하다",買い物に出かける。,쇼핑하러 나가다.,,出かける 나가다. 외출하다 買い物に出かける。 쇼핑하러 나가다. でかける,N5
동사,verb,出る,でる,"나오다, 나가다",朝早く家を出る。,아침 일찍 집을 나서다.,,出る 나오다. 나가다 朝早く家を出る。 아침 일찍 집을 나서다. でる,N5
동사,verb,飛ぶ,とぶ,날다,鳥が空を飛ぶ。,새가 하늘을 날다.,,飛ぶ 날다 鳥が空を飛ぶ。 새가 하늘을 날다. とぶ,N5
동사,verb,撮る,とる,찍다 (사진),写真を撮る。,사진을 찍다.,,撮る (사진을) 찍다 写真を撮る 写真을 찍다. とる,N5
동사,verb,習う,ならう,배우다,アメリカ人に英語を習う。,미국인에게 영어를 배우다.,,習う 배우다 アメリカ人に英語を習う。 미국인에게 영어를 배우다. ならう,N5
동사,verb,並べる,ならべる,"늘어놓다, 진열하다",いすを並べる。,의자를 늘어놓다.,,並べる 늘어놓다. 진열하다 いすを並べる。 의자를 늘어놓다. ならべる,N5
동사,verb,寝る,ねる,자다,もう寝る時間です。,이제 잘 시간입니다.,,寝る 자다 もう寝る時間です。 이제 잘 시간입니다. ねる,N5
동사,verb,登る,のぼる,"오르다, 등산하다",山に登る。,산에 오르다.,,登る 오르다 山に登る 산에 오르다. のぼる,N5
동사,verb,飲む,のむ,마시다,水を飲む。,물을 마시다.,,飲む 마시다 水を飲む 물을 마시다. のむ,N5
동사,verb,乗る,のる,타다,電車に乗る。,전철을 타다.,,乗る (교통수단을) 타다 電車に乗る。 전철을 타다. のる,N5
동사,verb,入る,はいる,"들어가다, 들어오다",部屋に入る。,방에 들어가다.,,入る 들어가다. 들어오다 部屋に入る。 방에 들어가다. はいる,N5
동사,verb,始まる,はじまる,시작되다,学校が始まる。,학교가 시작되다.,,始まる 시작되다 学校が始まる。 학교가 시작되다. はじまる,N5
동사,verb,話す,はなす,이야기하다,友だちと話す。,친구와 이야기하다.,,話す 이야기하다 友だちと話す。 친구와 이야기하다. はなす,N5
동사,verb,弾く,ひく,"치다, 연주하다",ピアノを弾く。,피아노를 치다.,,弾く 연주하다. 치다 ピアノを弾く。 피아노를 치다. ひく,N5
동사,verb,降る,ふる,"내리다 (비, 눈)",雪が降っている。,눈이 내리고 있다.,,"降る (눈, 비가) 내리다 雪が降っている。 눈이 내리고 있다. ふる",N5
동사,verb,曲がる,まがる,"구부러지다, 돌다",角を左に曲がる。,모퉁이를 왼쪽으로 돌다.,,曲がる 구부러지다. 굽다. 돌다 角を左に曲がる。 모퉁이를 왼쪽으로 돌다. まがる,N5
동사,verb,待つ,まつ,기다리다,ここで待っています。,여기서 기다리고 있습니다.,,待つ 기다리다 ここで待っています。 여기서 기다리고 있습니다. まつ,N5
동사,verb,磨く,みがく,닦다,くつを磨く。,신발을 닦다.,,磨く 닦다 くつを磨く。 신발을 닦다. みがく,N5
동사,verb,見せる,みせる,보여주다,友だちに写真を見せる。,친구에게 사진을 보여주다.,,見せる 보여주다 友だちに写真を見せる。 친구에게 사진을 보여주다. みせる,N5
동사,verb,見る,みる,보다,テレビを見る。,텔레비전을 보다.,,見る 보다 テレビを見る。 텔레비전을 보다. みる,N5
동사,verb,持つ,もつ,"들다, 가지다",かばんを持って出かける。,가방을 들고 외출하다.,,持つ 들다. 가지다. 소유하다 かばんを持って出かける。 가방을 들고 외출하다. もつ,N5
동사,verb,もらう,もらう,받다,誕生日にプレゼントをもらう。,생일에 선물을 받다.,,もらう 받다 誕生日にプレゼントをもらう 생일에 선물을 받다.,N5
동사,verb,休む,やすむ,쉬다,風邪で学校を休む。,감기로 학교를 쉬다.,,休む 쉬다 風邪で学校を休む。 감기로 학교를 쉬다. やすむ,N5
동사,verb,呼ぶ,よぶ,부르다,名前を呼ぶ。,이름을 부르다.,,呼ぶ 부르다. 초대하다 名前を呼ぶ。 이름을 부르다. よぶ,N5
동사,verb,読む,よむ,읽다,新聞を読む。,신문을 읽다.,,読む 읽다 新聞を読む。 신문을 읽다. よむ,N5
동사,verb,分かる,わかる,"알다, 이해하다",言いたいことはよく分かります。,하고 싶은 말은 잘 알겠습니다.,,分かる 알다. 이해하다 言いたいことはよく分かります。 하고 싶은 말은 잘 알겠습니다. わかる,N5
이형용사,i_adjective,青い,あおい,"푸르다, 파랗다",空が青い。,하늘이 파랗다.,,青い 푸르다. 파랗다 空が青い。 하늘이 파랗다. あおい,N5
이형용사,i_adjective,赤い,あかい,"붉다, 빨갛다",顔が赤くなる。,얼굴이 붉어지다.,,赤い 붉다. 빨갛다 顔が赤くなる。 얼굴이 붉어지다. あかい,N5
이형용사,i_adjective,明るい,あかるい,"밝다, 명랑하다",部屋が明るい。,방이 밝다.,"{""antonym_word"": ""暗い"", ""antonym_meaning"": ""어둡다""}",明るい 밝다. 명랑하다 - 暗い 어둡다 部屋が明るい。 방이 밝다. あかるい,N5
이형용사,i_adjective,暖かい,あたたかい,따뜻하다,暖かい春が来た。,따뜻한 봄이 왔다.,,暖かい 따뜻하다 暖かい春が来た。 따뜻한 봄이 왔다. あたたかい,N5
이형용사,i_adjective,新しい,あたらしい,새롭다,新しい家に住む。,새집에 살다.,"{""antonym_word"": ""古い"", ""antonym_meaning"": ""낡다""}",新しい 새롭다 - 古い 낡다. 오래 되다 新しい家に住む。 새집에 살다. あたらしい,N5
이형용사,i_adjective,暑い,あつい,덥다,今年の夏は暑い。,올해 여름은 덥다.,"{""antonym_word"": ""寒い"", ""antonym_meaning"": ""춥다""}",暑い 덥다 - 寒い 춥다 今年の夏は暑い。 금년여름은 덥다. あつい,N5
이형용사,i_adjective,危ない,あぶない,위험하다,道路で遊ぶのは危ない。,도로에서 노는 것은 위험하다.,,危ない 위험하다 道路で遊ぶのは危ない 도로에서 노는 것은 위험하다. あぶない,N5
이형용사,i_adjective,甘い,あまい,달다,このケーキは甘い。,이 케이크는 달다.,,甘い 달다 このケーキは甘い。 이 케이크는 달다. あまい,N5
이형용사,i_adjective,いい/よい,いい/よい,좋다,天気がいい。,날씨가 좋다.,"{""antonym_word"": ""悪い"", ""antonym_meaning"": ""나쁘다""}",いいよい 좋다 - 悪い 나쁘다 天気がいい。 날씨가 좋다.,N5
이형용사,i_adjective,忙しい,いそがしい,바쁘다,仕事で忙しい。,업무로 바쁘다.,"{""antonym_word"": ""ひまだ"", ""antonym_meaning"": ""한가하다""}",忙しい 바쁘다 - ひまだ 한가롭다 仕事で忙しい。 업무로 바쁘다. いそがしい,N5
이형용사,i_adjective,痛い,いたい,아프다,頭が痛い。,머리가 아프다.,,痛い 아프다 頭が痛い 머리가 아프다. いたい,N5
이형용사,i_adjective,薄い,うすい,얇다,肉を薄く切る。,고기를 얇게 자르다.,"{""antonym_word"": ""厚い"", ""antonym_meaning"": ""두껍다""}",薄い 얇다 - 厚い 두껍다 肉を薄く切る。 고기를 얇게 자르다. うすい,N5
이형용사,i_adjective,うるさい,うるさい,시끄럽다,電車の音がうるさい。,전차 소리가 시끄럽다.,"{""antonym_word"": ""静かだ"", ""antonym_meaning"": ""조용하다""}",うるさい 시끄럽다 - 静かだ 조용하다 電車の音がうるさい 전차 소리가 시끄럽다.,N5
이형용사,i_adjective,おいしい,おいしい,맛있다,この料理はおいしい。,이 요리는 맛있다.,"{""antonym_word"": ""まずい"", ""antonym_meaning"": ""맛없다""}",おいしい 맛있다 - まずい 맛없다 この料理はおいしい 이 요리는 맛있다.,N5
이형용사,i_adjective,多い,おおい,많다,夏は雨が多い。,여름은 비가 많다.,"{""antonym_word"": ""少ない"", ""antonym_meaning"": ""적다""}",多い 많다 - 少ない 적다 夏は雨が多い。 여름은 비가 많다. おおい,N5
이형용사,i_adjective,大きい,おおきい,크다,字を大きく書く。,글씨를 크게 쓰다.,"{""antonym_word"": ""小さい"", ""antonym_meaning"": ""작다""}",大きい 크다 - 小さい 작다 字を大きく書く。 글씨를 크게 쓰다. おおきい,N5
이형용사,i_adjective,遅い,おそい,늦다,,,"{""antonym_word"": ""早い"", ""antonym_meaning"": ""이르다""}",遅い 늦다 - 早い(시간) 이르다 おそい,N5
이형용사,i_adjective,遅い,おそい,느리다,食べるのが遅い。,먹는 것이 느리다.,"{""antonym_word"": ""速い"", ""antonym_meaning"": ""빠르다""}",遅い 느리다 - 速い(속도) 빠르다 食べるのが遅い。 먹는 것이 느리다. おそい,N5
이형용사,i_adjective,重い,おもい,무겁다,このかばんは重い。,이 가방은 무겁다.,"{""antonym_word"": ""軽い"", ""antonym_meaning"": ""가볍다""}",重い 무겁다 - 軽い 가볍다 このかばんは重い。 이 가방은 무겁다. おもい,N5
이형용사,i_adjective,おもしろい,おもしろい,재미있다,昨日見た映画はおもしろかった。,어제 본 영화는 재미있었다.,"{""antonym_word"": ""つまらない"", ""antonym_meaning"": ""지루하다""}",おもしろい 재미있다 - つまらない 지루하다 昨日見た映画はおもしろかった。 어제 본 영화는 재미있었다.,N5
이형용사,i_adjective,辛い,からい,맵다,わたしは辛い食べ物が好きだ。,나는 매운 음식을 좋아한다.,,辛い 맵다 わたしは早い食べ物が好きだ。 나는 매운 음식을 좋아한다. からい,N5
이형용사,i_adjective,軽い,かるい,가볍다,このいすは軽い。,이 의자는 가볍다.,,軽い 가볍다 このいすは軽い。 이 의자는 가볍다. かるい,N5
이형용사,i_adjective,かわいい,かわいい,귀엽다,かわいい声で歌う。,귀여운 목소리로 노래하다.,,かわいい 귀엽다. 사랑스럽다 かわいい声で歌う。 귀여운 목소리로 노래하다.,N5
이형용사,i_adjective,黄色い,きいろい,노랗다,黄色い花が咲く。,노란 꽃이 피다.,,黄色い 노랗다 黄色い花が咲く。 노란 꽃이 피다. きいろい,N5
이형용사,i_adjective,汚い,きたない,더럽다,部屋が汚い。,방이 지저분하다.,"{""antonym_word"": ""きれいだ"", ""antonym_meaning"": ""깨끗하다""}",汚い 더렵다. 지저분하다 - きれいだ 깨끗하다 部屋が汚い。 방이 지저분하다 きたない,N5
이형용사,i_adjective,暗い,くらい,어둡다,部屋の中は暗い。,방 안은 어둡다.,"{""antonym_word"": ""明るい"", ""antonym_meaning"": ""밝다""}",暗い 어둡다 - 明るい 밝다 くらい,N5
이형용사,i_adjective,黒い,くろい,검다,黒いスーツを買う。,검은 정장을 사다.,,黒い 검다 黒いスーツを買う。 검은 정장을 사다. くろい,N5
이형용사,i_adjective,寒い,さむい,춥다,冬は寒い。,겨울은 춥다.,"{""antonym_word"": ""暑い"", ""antonym_meaning"": ""덥다""}",寒い 춥다 - 暑い 덥다 冬は寒い。 겨울은 춥다. さむい,N5
이형용사,i_adjective,白い,しろい,희다,白い雪が降る。,흰 눈이 내린다.,,白い 희다 白い雪が降る。 흰 눈이 내린다. しろい,N5
이형용사,i_adjective,少ない,すくない,적다,この会社は休みが少ない。,이 회사는 휴일이 적다.,"{""antonym_word"": ""多い"", ""antonym_meaning"": ""많다""}",少ない 적다 - 多い 많다 この会社は休みが少ない。 이 회사는 휴일이 적다. すくない,N5
이형용사,i_adjective,狭い,せまい,좁다,わたしの部屋は狭い。,내 방은 좁다.,"{""antonym_word"": ""広い"", ""antonym_meaning"": ""넓다""}",狭い 좁다 - 広い 넓다 わたしの部屋は狭い。 내 방은 좁다. せまい,N5
이형용사,i_adjective,高い,たかい,높다,あの山は高い。,저 산은 높다.,"{""antonym_word"": ""低い"", ""antonym_meaning"": ""낮다""}",高い 높다 - 低い 낮다 あの山は高い。 저 산은 높다. たかい,N5
이형용사,i_adjective,高い,たかい,비싸다,このかばんは高い。,이 가방은 비싸다.,"{""antonym_word"": ""安い"", ""antonym_meaning"": ""싸다""}",高い 비싸다 - 安い 싸다 このかばんは高い。 이 가방은 비싸다. たかい,N5
이형용사,i_adjective,楽しい,たのしい,즐겁다,友だちと遊んで楽しかった。,친구와 놀아서 즐거웠다.,,楽しい 즐겁다 友だちと遊んで楽しかった。 친구와 놀아서 즐거웠다. たのしい,N5
이형용사,i_adjective,小さい,ちいさい,작다,小さい声で話す。,작은 목소리로 이야기하다.,"{""antonym_word"": ""大きい"", ""antonym_meaning"": ""크다""}",小さい 작다 - 大きい 크다 小さい声で話す。 작은 목소리로 이야기하다. ちいさい,N5
이형용사,i_adjective,近い,ちかい,가깝다,会社は駅から近い。,회사는 역에서 가깝다.,"{""antonym_word"": ""遠い"", ""antonym_meaning"": ""멀다""}",近い 가깝다 - 遠い 멀다 会社は駅から近い。 회사는 역에서 가깝다. ちかい,N5
이형용사,i_adjective,つまらない,つまらない,"시시하다, 재미없다",この映画はつまらない。,이 영화는 시시하다.,,つまらない 시시하다. 재미없다 この映画はつまらない。 이 영화는 시시하다.,N5
이형용사,i_adjective,強い,つよい,강하다,今日は風が強い。,오늘은 바람이 강하다.,"{""antonym_word"": ""弱い"", ""antonym_meaning"": ""약하다""}",強い 강하다 - 弱い 약하다 今日は風が強い。 오늘 바람이 강하다. つよい,N5
이형용사,i_adjective,遠い,とおい,멀다,学校は家から遠い。,학교는 집에서 멀다.,"{""antonym_word"": ""近い"", ""antonym_meaning"": ""가깝다""}",遠い 멀다 - 近い 가깝다 学校は家から遠い。 학교는 집에서 멀다. とおい,N5
이형용사,i_adjective,ない,ない,없다,時間がない。,시간이 없다.,,ない 없다 時間がない。 시간이 없다.,N5
이형용사,i_adjective,長い,ながい,길다,電話で長く話す。,전화로 길게 이야기하다.,"{""antonym_word"": ""短い"", ""antonym_meaning"": ""짧다""}",長い 길다 - 短い 짧다 電話で長く話す。 전화로 길게 이야기하다. ながい,N5
이형용사,i_adjective,速い,はやい,빠르다,この車はスピードが速い。,이 차는 속도가 빠르다.,,速い 빠르다 この車はスピードが速い。 이 차는 속도가 빠르다. はやい,N5
이형용사,i_adjective,早い,はやい,이르다,朝早く起きる。,아침 일찍 일어나다.,,早い 이르다 朝早く起きる。 아침 일찍 일어나다. はやい,N5
이형용사,i_adjective,低い,ひくい,낮다,田中さんは背が低い。,다나카 씨는 키가 작다.,"{""antonym_word"": ""高い"", ""antonym_meaning"": ""높다""}",低い 낮다 - 高い 높다 田中さんは背が低い。 다나카 씨는 키가 작다. ひくい,N5
이형용사,i_adjective,広い,ひろい,넓다,家の前に広い公園がある。,집 앞에 넓은 공원이 있다.,"{""antonym_word"": ""狭い"", ""antonym_meaning"": ""좁다""}",広い 넓다 - 狭い 좁다 家の前に広い公園がある。 집 앞에 넓은 공원이 있다. ひろい,N5
이형용사,i_adjective,古い,ふるい,"낡다, 오래되다",かばんが古くなる。,가방이 낡아지다.,"{""antonym_word"": ""新しい"", ""antonym_meaning"": ""새롭다""}",古い 낡다. 오래되다 - 新しい 새롭다 かばんが古くなる。 가방이 낡아지다. ふるい,N5
이형용사,i_adjective,まずい,まずい,맛없다,まずくて食べたくない。,맛이 없어서 먹고 싶지 않다.,"{""antonym_word"": ""おいしい"", ""antonym_meaning"": ""맛있다""}",まずい 맛이 없다 - おいしい 맛있다 まずくて食べたくない。 맛이 없어서 먹고 싶지 않다. まずい,N5
이형용사,i_adjective,丸い,まるい,둥글다,ボールは丸い。,공은 둥글다.,,丸い 둥글다 ボールは丸い。 공은 둥글다. まるい,N5
이형용사,i_adjective,短い,みじかい,짧다,髪を短く切る。,머리카락을 짧게 자르다.,"{""antonym_word"": ""長い"", ""antonym_meaning"": ""길다""}",短い 짧다 - 長い 길다 髪を短く切る。 머리카락을 짧게 자르다. みじかい,N5
이형용사,i_adjective,難しい,むずかしい,어렵다,難しい漢字を書く。,어려운 한자를 쓰다.,"{""antonym_word"": ""やさしい"", ""antonym_meaning"": ""쉽다""}",難しい 어렵다 - やさしい 쉽다 難しい漢字を書く。 어려운 한자를 쓰다. むずかしい,N5
이형용사,i_adjective,安い,やすい,싸다,この菓子は安くておいしい。,이 과자는 싸고 맛있다.,"{""antonym_word"": ""高い"", ""antonym_meaning"": ""비싸다""}",安い 싸다 - 高い 비싸다 この菓子は安くておいしい。 이 과자는 싸고 맛있다. やすい,N5
이형용사,i_adjective,弱い,よわい,약하다,体が弱い。,몸이 약하다.,"{""antonym_word"": ""強い"", ""antonym_meaning"": ""강하다""}",弱い 약하다 - 強い 강하다 体が弱い。 몸이 약하다. よわい,N5
이형용사,i_adjective,若い,わかい,"젊다, 어리다",年より若く見える。,나이보다 젊게 보인다.,,若い 젊다. 어리다 年より若く見える。 나이보다 젊게 보인다. わかい,N5
이형용사,i_adjective,悪い,わるい,나쁘다,天気が悪い。,날씨가 나쁘다.,"{""antonym_word"": ""いい"", ""antonym_meaning"": ""좋다""}",悪い 나쁘다 - いい 좋다 天気が悪い。 날씨가 나쁘다. わるい,N5
나형용사,na_adjective,あんな,あんな,저런,あんなまずい店には行きたくない。,저런 맛이 없는 가게에는 가고 싶지 않다.,,あんな 저런 あんなまずい店には行きたくない。 저런 맛이 없는 가게에는 가고 싶지 않다.,N5
나형용사,na_adjective,いやな,いやな,싫은,勉強がいやになる。,공부가 싫어지다.,,いやな 싫은 勉強がいやになる。 공부가 싫어지다.,N5
나형용사,na_adjective,いろいろな,いろいろな,"여러 가지, 갖가지",いろいろな花が咲く。,갖가지 꽃이 피다.,,"いろいろな 여러 가지, 갖가지 いろいろな花が咲く。 갖가지 꽃이 피다.",N5
나형용사,na_adjective,大きな,おおきな,"큰, 커다란",大きな音がする。,큰 소리가 난다.,,"大きな 큰, 커다란 大きな音がする。 큰 소리가 난다. おおきな",N5
나형용사,na_adjective,同じな,おなじな,같은,兄と同じ学校に入学する。,형과 같은 학교에 입학하다.,,同じな 같은 兄と同じ学校に入学する。 형과 같은 학교에 입학하다. おなじな,N5
나형용사,na_adjective,簡単な,かんたんな,간단한,簡単に説明する。,간단하게 설명하다.,,簡単な 간단한 簡単に説明する。 간단하게 설명하다. かんたんな,N5
나형용사,na_adjective,きれいな,きれいな,예쁜,きれいな花が咲く。,예쁜 꽃이 피다.,,きれいな 예쁜 きれいな花が咲く。 예쁜 꽃이 피다. きれいな,N5
나형용사,na_adjective,きれいな,きれいな,깨끗한,部屋をきれいにする。,방을 깨끗하게 하다.,,きれいな 깨끗한 部屋をきれいにする。 방을 깨끗하게 하다. きれいな,N5
나형용사,na_adjective,嫌いな,きらいな,싫어하는,魚は嫌いだ。,생선은 싫어한다.,"{""antonym_word"": ""好きな"", ""antonym_meaning"": ""좋아하는""}",きらいな 싫어하는 - 好きな 좋아하는 魚はきらいだ。 생선은 싫어한다.,N5
나형용사,na_adjective,元気な,げんきな,"건강한, 활기찬",早く元気になってください。,빨리 건강해지세요.,,"元気な 건강한, 활기찬 早く元気になってください。 빨리 건강해지세요. げんきな",N5
나형용사,na_adjective,こんな,こんな,이런,こんなことをしてはいけない。,이런 일을 해서는 안 된다.,,こんな 이런 こんなことをしてはいけない。 이런 일을 해서는 안 된다.,N5
나형용사,na_adjective,静かな,しずかな,조용한,静かにしなさい。,조용히 하세요.,"{""antonym_word"": ""うるさい"", ""antonym_meaning"": ""시끄러운""}",静かな 조용한 - うるさい 시끄러운 静かにしなさい。 조용히 하세요. しずかな,N5
나형용사,na_adjective,上手な,じょうずな,능숙한,英語を上手に話す。,영어를 능숙하게 말하다.,"{""antonym_word"": ""下手な"", ""antonym_meaning"": ""서툰""}",上手な 능숙한 - 下手な 서툰 英語を上手に話す。 영어를 능숙하게 말하다. じょうずな,N5
나형용사,na_adjective,丈夫な,じょうぶな,튼튼한,このくつは丈夫だ。,이 구두는 튼튼하다.,,丈夫な 튼튼한 このくつは丈夫だ。 이 구두는 튼튼하다. じょうぶな,N5
나형용사,na_adjective,好きな,すきな,좋아하는,父はお酒が好きだ。,아버지는 술을 좋아한다.,"{""antonym_word"": ""きらいな"", ""antonym_meaning"": ""싫어하는""}",好きな 좋아하는 - きらいな 싫어하는 父はお酒が好きだ。 아버지는 술을 좋아한다. すきな,N5
나형용사,na_adjective,そんな,そんな,그런,そんな物はほしくない。,그런 물건은 갖고 싶지 않다.,,そんな 그런 そんな物はほしくない。 그런 물건은 갖고 싶지 않다.,N5
나형용사,na_adjective,大丈夫な,だいじょうぶな,"괜찮은, 문제없는",時間は大丈夫ですか。,시간은 괜찮습니까?,,"大丈夫な 괜찮은, 문제없는 時間は大丈夫ですか。 시간은 괜찮습니까? だいじょうぶな",N5
나형용사,na_adjective,大好きな,だいすきな,매우 좋아하는,ゲームが大好きだ。,게임을 아주 좋아한다.,,大好きな 매우 좋아하는 ゲームが大好きだ。 게임을 아주 좋아한다. だいすきな,N5
나형용사,na_adjective,大変な,たいへんな,"대단한, 힘든",この仕事はなかなか大変だ。,이 일은 상당히 힘들다.,,"大変な 대단한, 힘든 この仕事はなかなか大変だ。 이 일은 상당히 힘들다. たいへんな",N5
나형용사,na_adjective,小さな,ちいさな,작은,小さな家に住む。,작은 집에 살다.,"{""antonym_word"": ""大きな"", ""antonym_meaning"": ""큰""}",小さな 작은 - 大きな 큰 小さな家に住む。 작은 집에 살다. ちいさな,N5
나형용사,na_adjective,どんな,どんな,어떤,どんなところに行きたいですか。,어떤 곳에 가고 싶습니까?,,どんな 어떤 どんなところに行きたいですか。 어떤 곳에 가고 싶습니까?,N5
나형용사,na_adjective,にぎやかな,にぎやかな,"떠들썩한, 번화한",この町はにぎやかだ。,이 마을은 번화하다.,,"にぎやかな 떠들썩한, 번화한 この町はにぎやかだ。 이 마을은 번화하다.",N5
나형용사,na_adjective,ひまな,ひまな,한가한,明日はひまです。,내일은 한가합니다.,,ひまな 한가한 明日はひまです。 내일은 한가합니다.,N5
나형용사,na_adjective,便利な,べんりな,편리한,近くにスーパーがあって便利だ。,근처에 슈퍼마켓이 있어서 편리하다.,"{""antonym_word"": ""不便な"", ""antonym_meaning"": ""불편한""}",便利な 편리한 - 不便な 불편한 近くにスーパーがあって便利だ。 근처에 슈퍼마켓이 있어서 편리하다. べんりな,N5
나형용사,na_adjective,有名な,ゆうめいな,유명한,彼の作品は有名だ。,그의 작품은 유명하다.,,有名な 유명한 彼の作品は有名だ。 그의 작품은 유명하다. ゆうめいな,N5
부사,adv,あまり,あまり,"별로, 그다지",甘いものはあまり好きではない。,단 것은 별로 좋아하지는 않는다.,,あまり 별로 그다지 甘いものはあまり好きではない 단 것은 별로 좋아하지는 않는다.,N5
부사,adv,一番,いちばん,"제일, 가장",りんごが一番好きです。,사과를 제일 좋아합니다.,,"一番 제일, 가장 りんごが一番好きです。 사과를 제일 좋아합니다. いちばん",N5
부사,adv,いっしょに,いっしょに,"함께, 같이",母といっしょに出かける。,어머니와 함께 외출하다.,,"いっしょに 함께, 같이 母といっしょに出かける。 어머니와 함께 외출하다.",N5
부사,adv,いつも,いつも,"언제나, 항상, 늘",いつも歩いて学校に行く。,항상 걸어서 학교에 간다.,,"いつも 언제나, 항상 늘 いつも歩いて学校に行く 항상 걸어서 학교에 간다.",N5
부사,adv,おおぜい,おおぜい,많이 (사람),人がおおぜい集まる。,사람이 많이 모이다.,,"おおぜい 많이(명사로 쓰이는 경우, '많은 사람들'이라는 의미) 人がおおぜい集まる. 사람이 많이 모이다.",N5
부사,adv,すぐ,すぐ,곧,もうすぐ冬になる。,이제 곧 겨울이 된다.,,すぐ 곧 もうすぐ冬になる。 이제 곧 겨울이 된다.,N5
부사,adv,少し,すこし,조금,お酒を少し飲む。,술을 조금 마시다.,,少し 조금 お酒を少し飲む。 술을 조금 마시다. すこし,N5
부사,adv,全部,ぜんぶ,전부,料理を全部食べる。,요리를 전부 먹다.,,全部 전부 料理を全部食べる。 요리를 전부 먹다. ぜんぶ,N5
부사,adv,たいへん,たいへん,"매우, 대단히",たいへんおもしろい。,매우 재미있다.,,"たいへん 매우, 대단히 たいへんおもしろい。 매우 재미있다.",N5
부사,adv,たくさん,たくさん,많이,ご飯をたくさん食べる。,밥을 많이 먹다.,,たくさん 많이 ご飯をたくさん食べる。 밥을 많이 먹다.,N5
부사,adv,だんだん,だんだん,"점점, 차츰",だんだん寒くなる。,점점 추워지다.,,"だんだん 점점, 차츰 だんだん寒くなる。 점점 추워지다.",N5
부사,adv,ちょっと,ちょっと,"조금, 잠깐",ちょっと待ってください。,잠깐 기다려 주세요.,,"ちょっと 조금, 잠깐 ちょっと待ってください。 잠깐 기다려 주세요",N5
부사,adv,どう,どう,어떻게,どうしましょうか。,어떻게 할까요?,,どう 어떻게 どうしましょうか。 어떻게 할까요?,N5
부사,adv,どうして,どうして,"어째서, 왜",どうして来なかったの？,어째서 안 왔어?,,"どうして 어째서, 왜 - なぜ どうして来なかったの? 어째서 안왔어?",N5
부사,adv,どうぞ,どうぞ,"자, 어서, 부디",どうぞよろしくお願いします。,부디 잘 부탁합니다.,,"どうぞ 자, 어서, 부디(권유나 부탁) どうぞよろしくお願いします。 부디 잘 부탁합니다.",N5
부사,adv,どうも,どうも,"정말, 참으로",どうもすみません。,정말 죄송합니다.,,"どうも 정말, 참으로(사과나 감사의 인사말을 강조) どうもすみません 정말 죄송합니다.",N5
부사,adv,時々,ときどき,"때때로, 가끔",時々映画を見に行く。,가끔 영화를 보러 간다.,,"時々 때때로, 가끔 時々映画を見に行く。 가끔 영화를 보러 간다. ときどき",N5
부사,adv,とても,とても,매우,今日はとても寒い。,오늘은 매우 춥다.,,とても 매우 今日はとても寒い。 오늘은 매우 춥다.,N5
부사,adv,なぜ,なぜ,"왜, 어째서",なぜ遅刻したの？,왜 지각했어?,,"なぜ 왜, 어째서 なぜ遅刻したの? 왜 지각했어?",N5
부사,adv,また,また,또,あしたまた来ます。,내일 또 오겠습니다.,,また 또 あしたまた来ます。 내일 또 오겠습니다.,N5
부사,adv,まだ,まだ,아직,まだ雨が降っている。,아직 비가 내리고 있다.,,まだ 아직 まだ雨が降っている。 아직 비가 내리고 있다.,N5
부사,adv,まっすぐ,まっすぐ,"곧장, 똑바로",まっすぐ家に帰る。,곧장 집으로 돌아간다.,,"まっすぐ 곧장, 똑바로 まっすぐ家に帰る。 곧장 집으로 돌아간다.",N5
부사,adv,もう一度,もういちど,한 번 더,もう一度言ってください。,한 번 더 말해 주세요.,,もう一度 한 번 더 もう一度言ってください。 한 번 더 말해 주세요 もういちど,N5
부사,adv,もっと,もっと,"더욱, 더",もっと寒くなる。,더 추워진다.,,もっと 더욱 더 もっと寒くなる。 더 추워진다.,N5
부사,adv,ゆっくり,ゆっくり,"천천히, 느긋하게",ゆっくり歩く。,천천히 걷다.,,"ゆっくり 천천히, 느긋하게 ゆっくり歩く。 천천히 걷다.",N5
부사,adv,あの,あの,저 (연체사),あの人は誰ですか。,저 사람은 누구입니까?,,あの 저 <연체사> あの人は誰ですか。 저 사람은 누구입니까?,N5
부사,adv,この,この,이 (연체사),このかばんは誰のですか。,이 가방은 누구의 것입니까?,,この 이 <연체사> このかばんは誰のですか. 이 가방은 누구의 것입니까?,N5
부사,adv,その,その,그 (연체사),その時計はどこで買いましたか。,그 시계는 어디서 샀습니까?,,その 그 <연체사> その時計はどこで買いましたか。 그 시계는 어디서 샀습니까,N5
부사,adv,どの,どの,어느 (연체사),どの本を買いましょうか。,어느 책을 살까요?,,どの 어느 (연체사) どの本を買いましょうか。 어느 책을 살까요?,N5
부사,adv,~くらい,くらい/ぐらい,~정도,時間はどれくらいかかりますか。,시간은 어느 정도 걸립니까?,,~くらい/ぐらい ~정도 (조사) 時間はどれくらいかかりますか。 시간은 어느 정도 걸립니까,N5
부사,adv,~ずつ,ずつ,~씩,子どもたちにお菓子を二つずつあげる。,아이들에게 과자를 두 개씩 주다.,,~ずつ ~씩 子どもたちにお菓子を二つずつあげる 아이들에게 과자를 두 개씩 주다.,N5
부사,adv,~だけ,だけ,"~만, ~뿐",あなただけに話す。,당신에게만 이야기하다.,,~だけ ~만 ~뿐 あなただけに話す。 당신에게만 이야기하겠다.,N5
부사,adv,でも,でも,그렇지만,3月になった、でもまだ寒い。,"3월이 되었다, 그렇지만 아직 춥다.",,でも 그렇지만 3月になった、でも。まだ寒い 3월이 되었다. 그렇지만 아직 춥다.,N5
가타카나,katakana,アパート,アパート,아파트,アパートに住んでいる。,아파트에 살고 있다.,,アパート 아파트 アパートに住んでいる。 아파트에 살고 있다.,N5
가타카나,katakana,エレベーター,エレベーター,엘리베이터,エレベーターに乗る。,엘리베이터를 타다.,,エレベーター 엘리베이터 エレベーターに乗る。 엘리베이터를 타다.,N5
가타카나,katakana,カップ,カップ,컵,カップにコーヒーを入れる。,컵에 커피를 따르다.,,カップ 컵 カップにコーヒーを入れる 컵에 커피를 넣다(따르다).,N5
가타카나,katakana,カメラ,カメラ,카메라,カメラで写真を撮る。,카메라로 사진을 찍다.,,カメラ 카메라 カメラで写真を撮る。 카메라로 사진을 찍다.,N5
가타카나,katakana,カレンダー,カレンダー,"캘린더, 달력",誕生日をカレンダーに書く。,생일을 달력에 쓰다.,,"カレンダー 캘린더, 달력 誕生日をカレンダーに書く 생일을 달력에 쓰다.",N5
가타카나,katakana,ギター,ギター,기타 (악기),ギターを弾く。,기타를 치다.,,ギター 기타(악기) ギターを弾く。 기타를 치다(연주하다).,N5
가타카나,katakana,クラス,クラス,"클래스, 반",わたしのクラスは15人です。,우리 반은 15명입니다.,,"クラス 클래스, 반 わたしのクラスは15人です。 우리 반은 15명입니다.",N5
가타카나,katakana,グラス,グラス,유리잔,グラスでワインを飲む。,유리잔으로 와인을 마시다.,,"グラス 유리잔 グラスでワインを飲む, 유리잔으로 와인을 마시다.",N5
가타카나,katakana,コート,コート,"코트, 외투",コートを着て、家を出る。,코트를 입고 집을 나서다.,,"コート 코트, 외투 コートを着て、家を出る 코트를 입고 집을 나서다.",N5
가타카나,katakana,コーヒー,コーヒー,커피,一杯のコーヒーを飲む。,한 잔의 커피를 마시다.,,コーヒー 커피 一杯のコーヒーを飲む. 한 잔의 커피를 마시다.,N5
가타카나,katakana,コップ,コップ,컵,コップで水を飲む。,컵으로 물을 마시다.,,コップ 컵 コップで水を飲む。 컵으로 물을 마시다.,N5
가타카나,katakana,コピー,コピー,복사,コピーをとる。,복사하다.,,コピー 복사 コピーをとる。 복사하다.,N5
가타카나,katakana,シャツ,シャツ,셔츠,シャツを洗う。,셔츠를 빨다.,,シャツ 셔츠 シャツを洗う。 셔츠를 빨다.,N5
가타카나,katakana,シャワー,シャワー,샤워,シャワーをあびる。,샤워하다.,,シャワー 샤워 シャワーをあびる 샤워하다.,N5
가타카나,katakana,スカート,スカート,"스커트, 치마",このスカートはちょっと短い。,이 스커트는 조금 짧다.,,スカート 스커트 치마 このスカートはちょっと短い。 이 스커트는 조금 짧다.,N5
가타카나,katakana,ストーブ,ストーブ,"스토브, 난로",ストーブをつける。,스토브를 켜다.,,ストーブ 스토브 난로 ストープをつける。 스토브를 켜다.,N5
가타카나,katakana,スプーン,スプーン,"스푼, 숟가락",スプーンでカレーを食べる。,스푼으로 카레를 먹다.,,"スプーン 스푼, 숟가락 スプーンでカレーを食べる。 스푼으로 카레를 먹다.",N5
가타카나,katakana,スポーツ,スポーツ,스포츠,スポーツの中では野球が好きです。,스포츠 중에서는 야구를 좋아합니다.,,スポーツ 스포츠 スポーツの中では野球が好きです。 스포츠 중에서는 야구를 좋아합니다.,N5
가타카나,katakana,ズボン,ズボン,바지,ズボンをはく。,바지를 입다.,,ズボン 바지 ズボンをはく。 바지를 입다.,N5
가타카나,katakana,セーター,セーター,스웨터,このセーターは暖かい。,이 스웨터는 따뜻하다.,,セーター 스웨터 このセーターは暖かい。 이 스웨터는 따뜻하다.,N5
가타카나,katakana,ゼロ,ゼロ,"제로, 0",ゼロから始める。,제로에서 시작하다.,,"ゼロ 제로, 0 ゼロから始める。 제로에서 시작하다.",N5
가타카나,katakana,タクシー,タクシー,택시,タクシーで行く。,택시로 가다.,,タクシー 택시 タクシーで行く。 택시로 가다.,N5
가타카나,katakana,テープ,テープ,테이프,テープを切る。,테이프를 자르다.,,テープ 테이프 テープを切る。 테이프를 자르다.,N5
가타카나,katakana,テーブル,テーブル,테이블,テーブルの上にお皿を置く。,테이블 위에 접시를 놓다.,,テーブル 테이블 テーブルの上にお皿を置く 테이블 위에 접시를 놓다.,N5
가타카나,katakana,テスト,テスト,"테스트, 시험",これからテストを始めます。,지금부터 테스트를 시작하겠습니다.,,"テスト 테스트, 시험 これからテストを始めます 지금부터 테스트를 시작하겠습니다.",N5
가타카나,katakana,デパート,デパート,백화점,デパートで買い物をする。,백화점에서 쇼핑을 하다.,,デパート 백화점 デパートで食い物をする。 백화점에서 쇼핑을 하다.,N5
가타카나,katakana,テレビ,テレビ,텔레비전,テレビを見る。,텔레비전을 보다.,,テレビ 텔레비전 テレビを見る。 텔레비전을 보다.,N5
가타카나,katakana,ドア,ドア,문,ドアを開ける。,문을 열다.,,ドア 문 ドアを開ける。 문을 열다.,N5
가타카나,katakana,トイレ,トイレ,화장실,トイレに行く。,화장실에 가다.,,トイレ 화장실 トイレに行く。 화장실에 가다.,N5
가타카나,katakana,ナイフ,ナイフ,"나이프, 칼",ナイフで肉を切る。,나이프로 고기를 자르다.,,ナイフ 나이프 칼 ナイフで肉を切る。 나이프로 고기를 자르다.,N5
가타카나,katakana,ネクタイ,ネクタイ,넥타이,プレゼントにネクタイを買う。,선물로 넥타이를 사다.,,ネクタイ 넥타이 プレゼントにネクタイを買う 선물로 넥타이를 사다.,N5
가타카나,katakana,ノート,ノート,노트,ノートをとる。,필기하다 (노트를 적다).,,ノート 노트 ノートをとる。 필기하다.,N5
가타카나,katakana,パーティー,パーティー,파티,パーティーを開く。,파티를 열다.,,パーティー 파티 パーティーを開く。 파티를 열다.,N5
가타카나,katakana,バス,バス,버스,バスに乗って会社に行く。,버스를 타고 회사에 가다.,,バス 버스 バスに乗って会社に行く 버스를 타고 회사에 가다.,N5
가타카나,katakana,パン,パン,빵,今朝パンを食べました。,오늘 아침 빵을 먹었습니다.,,パン 빵 今朝パンを食べました。 오늘 아침 빵을 먹었습니다.,N5
가타카나,katakana,ハンカチ,ハンカチ,손수건,ハンカチをもらう。,손수건을 받다.,,ハンカチ 손수건 ハンカチをもらう。 손수건을 받다.,N5
가타카나,katakana,ビル,ビル,빌딩,高いビルが並んでいる。,높은 빌딩이 늘어서 있다.,,ビル 빌딩 高いビルが並んでいる。 높은 빌딩이 늘어서 있다.,N5
가타카나,katakana,ペン,ペン,펜,ペンで字を書く。,펜으로 글씨를 쓰다.,,ペン 펜 ペンで幸を書く。 펜으로 글씨를 쓰다.,N5
가타카나,katakana,ボールペン,ボールペン,볼펜,名前は黒いボールペンで書いてください。,이름은 검은 볼펜으로 써주세요.,,ボールペン 볼펜 名前は黒いボールペンで書いてください。 이름은 검은 볼펜으로 써주세요,N5
가타카나,katakana,ポケット,ポケット,"포켓, 주머니",ポケットに手を入れる。,주머니에 손을 넣다.,,"ポケット 포켓, 주머니 ポケットに手を入れる、 포켓에 손을 넣는다.",N5
가타카나,katakana,ボタン,ボタン,"버튼, 단추",ボタンを押す。,버튼을 누르다.,,"ボタン 버튼, 단추 ボタンを押す。 버튼을 누르다.",N5
가타카나,katakana,ホテル,ホテル,호텔,ホテルでパーティーをする。,호텔에서 파티를 하다.,,ホテル 호텔 ホテルでパーティーをする。 호텔에서 파티를 하다.,N5
가타카나,katakana,メートル,メートル,미터,家の前に高さ10メートルぐらいの木がある。,집 앞에 높이 10미터 정도의 나무가 있다.,,メートル 미터 家の前に高さ10メートルぐらいの来がある。 집 앞에 높이 10미터 정도의 나무가 있다.,N5
가타카나,katakana,ラジオ,ラジオ,라디오,ラジオでニュースを聞く。,라디오로 뉴스를 듣다.,,ラジオ 라디오 ラジオでニュースを聞く ラジオでニュースを聞く,N5
가타카나,katakana,レストラン,レストラン,레스토랑,レストランで食事をする。,레스토랑에서 식사를 하다.,,レストラン 레스토랑 レストランで食事をする レストランで食事をする,N5
인사말,phrase,ありがとうございます,ありがとうございます,감사합니다,,,,ありがとうございます 감사합니다.,N5
인사말,phrase,いいえ,いいえ,아니요,,,,いいえ 아니요,N5
인사말,phrase,いただきます,いただきます,잘 먹겠습니다,,,,いただきます 잘 먹겠습니다,N5
인사말,phrase,いらっしゃいませ,いらっしゃいませ,어서 오십시오,,,,いらっしゃいませ 어서 오십시오,N5
인사말,phrase,おねがいします,おねがいします,부탁합니다,,,,おねがいします 부탁합니다,N5
인사말,phrase,おはようございます,おはようございます,안녕하세요 (아침 인사),,,,おはようございます 안녕하세요 <아침 인사>,N5
인사말,phrase,お休みなさい,おやすみなさい,안녕히 주무세요,,,,お休みなさい 안녕히 주무세요 おやすみなさい,N5
인사말,phrase,ごちそうさまでした,ごちそうさまでした,잘 먹었습니다,,,,ごちそうさまでした 잘 먹었습니다.,N5
인사말,phrase,こちらこそ,こちらこそ,저야말로,,,,こちらこそ 저야말로,N5
인사말,phrase,ごめんなさい,ごめんなさい,미안합니다,,,,ごめんなさい 미안합니다,N5
인사말,phrase,こんにちは,こんにちは,안녕하세요 (낮 인사),,,,こんにちは 안녕하세요 (낮인사>,N5
인사말,phrase,こんばんは,こんばんは,안녕하세요 (저녁 인사),,,,こんばんは 안녕하세요 (저녁 민사),N5
인사말,phrase,さようなら,さようなら,"잘 가요, 안녕히 가세요",,,,さようなら 잘가요,N5
인사말,phrase,失礼します,しつれいします,실례합니다,,,,失礼します 실례합니다 しつれいします,N5
인사말,phrase,すみません,すみません,"미안합니다, 죄송합니다",,,,すみません 미안합니다,N5
인사말,phrase,どういたしまして,どういたしまして,천만에요,,,,どういたしまして 천만에요,N5
인사말,phrase,はい,はい,네,,,,はい 네,N5
인사말,phrase,はじめまして,はじめまして,처음 뵙겠습니다,,,,はじめまして 처음 뵙겠습니다,N5
인사말,phrase,もしもし,もしもし,여보세요,,,,もしもし 여보세요,N5
